Player_ID,First_Name,Last_Name,IGN,Email,Country,MMR_Rating,Pass_ID,Pass_Tier,Game_ID,Game_Title,League_ID,League_Name,Team_ID,Team_Name,Team_Tag,Match_ID,Server_Region,Entry_ID,Seed_Rank,Payout_ID,Prize_Amount,Txn_ID,Payment_Method,Txn_Status,Perf_ID,KDA_Ratio,Combat_Score,Headshot_Pct,Violation_ID,Cheat_Type
P0476,Alex,Singh,CrimsonAlex14,alexsingh0476@estcgp.gg,India,1809,VP0476,Platinum,G01,Valorant,L002,Valorant Spring 2025,T096,Vortex Chennai,VXC96,M001,Frankfurt,E0001,1,PO0001,35255.51,TX0001,UPI,Pending,PF0001,0.81,503,85.18,V0001,Aimbot
P0477,Riya,Singh,NexusRiya73,riyasingh0477@estcgp.gg,USA,4944,VP0477,Silver,G01,Valorant,L002,Valorant Spring 2025,T096,Vortex Chennai,VXC96,M001,Frankfurt,E0002,2,PO0002,22436.40,TX0002,Bank,Paid,PF0002,8.11,546,15.64,,
P0478,Riya,Khan,VortexRiya19,riyakhan0478@estcgp.gg,India,1791,VP0478,Bronze,G01,Valorant,L002,Valorant Spring 2025,T096,Vortex Chennai,VXC96,M001,Frankfurt,E0003,3,PO0003,8830.33,TX0003,Wallet,Paid,PF0003,4.93,582,100.00,,
P0479,John,Nair,NeonJohn28,johnnair0479@estcgp.gg,India,336,VP0479,Bronze,G01,Valorant,L002,Valorant Spring 2025,T096,Vortex Chennai,VXC96,M001,Frankfurt,E0004,4,,,,,,PF0004,3.77,541,71.93,,
P0480,Aman,Patel,SilentAman55,amanpatel0480@estcgp.gg,India,1204,VP0480,Silver,G01,Valorant,L002,Valorant Spring 2025,T096,Vortex Chennai,VXC96,M001,Frankfurt,E0005,5,PO0004,15786.69,TX0004,Crypto,Pending,PF0005,8.04,157,44.98,,
P0566,Alex,Yadav,PhoenixAlex43,alexyadav0566@estcgp.gg,India,3880,VP0566,Silver,G01,Valorant,L002,Valorant Spring 2025,T114,Pulse Hyderabad,PLH114,M001,Frankfurt,E0006,1,PO0005,43215.08,TX0005,Wallet,SUCCESS,PF0006,9.00,105,100.00,,
P0567,Aman,Khan,NeonAman31,amankhan0567@estcgp.gg,India,1723,VP0567,Silver,G01,Valorant,L002,Valorant Spring 2025,T114,Pulse Hyderabad,PLH114,M001,Frankfurt,E0007,2,PO0006,1933.76,TX0006,Crypto,Paid,PF0007,7.41,2,100.00,,
P0568,Aman,Singh,QuantumAman80,amansingh0568@estcgp.gg,USA,1014,VP0568,Bronze,G01,Valorant,L002,Valorant Spring 2025,T114,Pulse Hyderabad,PLH114,M001,Frankfurt,E0008,3,PO0007,39506.43,TX0007,Wallet,Pending,PF0008,0.65,150,32.56,V0002,Aimbot
P0569,John,Thomas,NeonJohn11,johnthomas0569@estcgp.gg,India,2920,VP0569,Gold,G01,Valorant,L002,Valorant Spring 2025,T114,Pulse Hyderabad,PLH114,M001,Frankfurt,E0009,4,PO0008,23844.38,TX0008,UPI,Paid,PF0009,6.55,208,41.39,,
P0570,Sara,Yadav,PrimeSara73,sarayadav0570@estcgp.gg,USA,1048,VP0570,Bronze,G01,Valorant,L002,Valorant Spring 2025,T114,Pulse Hyderabad,PLH114,M001,Frankfurt,E0010,5,PO0009,31870.80,TX0009,UPI,Paid,PF0010,0.00,242,88.94,,
P0566,Alex,Yadav,PhoenixAlex43,alexyadav0566@estcgp.gg,India,3880,VP0566,Silver,G01,Valorant,L003,Valorant Summer 2025,T114,Pulse Hyderabad,PLH114,M002,Singapore,E0011,1,PO0010,34170.47,TX0010,UPI,Paid,PF0011,7.77,420,19.27,,
P0567,Aman,Khan,NeonAman31,amankhan0567@estcgp.gg,India,1723,VP0567,Silver,G01,Valorant,L003,Valorant Summer 2025,T114,Pulse Hyderabad,PLH114,M002,Singapore,E0012,2,PO0011,28051.84,TX0011,Crypto,Paid,PF0012,0.00,567,41.62,V0003,Aimbot
P0568,Aman,Singh,QuantumAman80,amansingh0568@estcgp.gg,USA,1014,VP0568,Bronze,G01,Valorant,L003,Valorant Summer 2025,T114,Pulse Hyderabad,PLH114,M002,Singapore,E0013,3,PO0012,8406.72,TX0012,Crypto,SUCCESS,PF0013,4.73,202,64.42,,
P0569,John,Thomas,NeonJohn11,johnthomas0569@estcgp.gg,India,2920,VP0569,Gold,G01,Valorant,L003,Valorant Summer 2025,T114,Pulse Hyderabad,PLH114,M002,Singapore,E0014,4,PO0013,33085.93,TX0013,Bank,Paid,PF0014,1.50,402,100.00,,
P0570,Sara,Yadav,PrimeSara73,sarayadav0570@estcgp.gg,USA,1048,VP0570,Bronze,G01,Valorant,L003,Valorant Summer 2025,T114,Pulse Hyderabad,PLH114,M002,Singapore,E0015,5,PO0014,36965.82,TX0014,UPI,Paid,PF0015,5.32,331,98.93,V0004,Wallhack
P0406,Aman,Singh,QuantumAman64,amansingh0406@estcgp.gg,India,2306,VP0406,Diamond,G01,Valorant,L003,Valorant Summer 2025,T082,Apex Delhi,AXD82,M002,Singapore,E0016,1,PO0015,6032.97,TX0015,Bank,SUCCESS,PF0016,5.46,289,4.10,,
P0407,Riya,Yadav,StormRiya13,riyayadav0407@estcgp.gg,India,913,VP0407,Gold,G01,Valorant,L003,Valorant Summer 2025,T082,Apex Delhi,AXD82,M002,Singapore,E0017,2,PO0016,21564.16,TX0016,Bank,Paid,PF0017,0.00,415,67.42,,
P0408,Sara,Singh,ApexSara34,sarasingh0408@estcgp.gg,India,2016,VP0408,Platinum,G01,Valorant,L003,Valorant Summer 2025,T082,Apex Delhi,AXD82,M002,Singapore,E0018,3,PO0017,22044.91,TX0017,Wallet,SUCCESS,PF0018,2.93,557,86.68,,
P0409,John,Khan,StormJohn59,johnkhan0409@estcgp.gg,India,3934,VP0409,Bronze,G01,Valorant,L003,Valorant Summer 2025,T082,Apex Delhi,AXD82,M002,Singapore,E0019,4,PO0018,11469.52,TX0018,UPI,Paid,PF0019,0.93,89,1.95,,
P0410,Sara,Kapoor,PrimeSara31,sarakapoor0410@estcgp.gg,India,2962,VP0410,Silver,G01,Valorant,L003,Valorant Summer 2025,T082,Apex Delhi,AXD82,M002,Singapore,E0020,5,PO0019,9307.30,TX0019,Crypto,Paid,PF0020,8.75,123,67.57,,
P0406,Aman,Singh,QuantumAman64,amansingh0406@estcgp.gg,India,2306,VP0406,Diamond,G01,Valorant,L004,Valorant World 2025,T082,Apex Delhi,AXD82,M003,Tokyo,E0021,1,PO0020,9201.27,TX0020,Crypto,Paid,PF0021,7.61,658,12.70,,
P0407,Riya,Yadav,StormRiya13,riyayadav0407@estcgp.gg,India,913,VP0407,Gold,G01,Valorant,L004,Valorant World 2025,T082,Apex Delhi,AXD82,M003,Tokyo,E0022,2,PO0021,15636.99,TX0021,Wallet,Pending,PF0022,0.00,466,51.51,V0005,Wallhack
P0408,Sara,Singh,ApexSara34,sarasingh0408@estcgp.gg,India,2016,VP0408,Platinum,G01,Valorant,L004,Valorant World 2025,T082,Apex Delhi,AXD82,M003,Tokyo,E0023,3,PO0022,15506.27,TX0022,Wallet,Cancelled,PF0023,2.80,340,73.94,V0006,Wallhack
P0409,John,Khan,StormJohn59,johnkhan0409@estcgp.gg,India,3934,VP0409,Bronze,G01,Valorant,L004,Valorant World 2025,T082,Apex Delhi,AXD82,M003,Tokyo,E0024,4,PO0023,17318.26,TX0023,PayPal,SUCCESS,PF0024,0.18,118,43.85,,
P0410,Sara,Kapoor,PrimeSara31,sarakapoor0410@estcgp.gg,India,2962,VP0410,Silver,G01,Valorant,L004,Valorant World 2025,T082,Apex Delhi,AXD82,M003,Tokyo,E0025,5,PO0024,16089.67,TX0024,Crypto,Paid,PF0025,8.63,125,55.29,,
P0346,Aman,Khan,HyperAman46,amankhan0346@estcgp.gg,India,2899,VP0346,Silver,G01,Valorant,L004,Valorant World 2025,T070,Knights London,KNL70,M003,Tokyo,E0026,1,PO0025,40492.65,TX0025,Bank,Pending,PF0026,5.60,293,83.81,,
P0347,John,Patel,DragonJohn61,johnpatel0347@estcgp.gg,India,1203,VP0347,Silver,G01,Valorant,L004,Valorant World 2025,T070,Knights London,KNL70,M003,Tokyo,E0027,2,PO0026,30644.74,TX0026,Wallet,Paid,PF0027,1.21,228,51.04,,
P0348,Riya,Singh,CyberRiya28,riyasingh0348@estcgp.gg,USA,2726,VP0348,Diamond,G01,Valorant,L004,Valorant World 2025,T070,Knights London,KNL70,M003,Tokyo,E0028,3,PO0027,39725.35,TX0027,Wallet,Paid,PF0028,4.55,589,23.88,,
P0349,Aman,Khan,ApexAman77,amankhan0349@estcgp.gg,India,2604,VP0349,Gold,G01,Valorant,L004,Valorant World 2025,T070,Knights London,KNL70,M003,Tokyo,E0029,4,PO0028,2497.79,TX0028,UPI,Paid,PF0029,4.72,582,1.00,V0007,TriggerBot
P0350,Sam,Yadav,GhostSam41,samyadav0350@estcgp.gg,India,3326,VP0350,Bronze,G01,Valorant,L004,Valorant World 2025,T070,Knights London,KNL70,M003,Tokyo,E0030,5,PO0029,3277.62,TX0029,Wallet,Paid,PF0030,0.79,373,100.00,,
P0346,Aman,Khan,HyperAman46,amankhan0346@estcgp.gg,India,2899,VP0346,Silver,G02,CS2,L005,CS2 Open 2025,T070,Knights London,KNL70,M004,London,E0031,1,PO0030,3488.80,TX0030,Crypto,Paid,PF0031,0.00,124,100.00,,
P0347,John,Patel,DragonJohn61,johnpatel0347@estcgp.gg,India,1203,VP0347,Silver,G02,CS2,L005,CS2 Open 2025,T070,Knights London,KNL70,M004,London,E0032,2,PO0031,14440.31,TX0031,Wallet,Paid,PF0032,5.91,0,46.18,,
P0348,Riya,Singh,CyberRiya28,riyasingh0348@estcgp.gg,USA,2726,VP0348,Diamond,G02,CS2,L005,CS2 Open 2025,T070,Knights London,KNL70,M004,London,E0033,3,PO0032,33519.74,TX0032,UPI,Paid,PF0033,2.10,248,1.68,,
P0349,Aman,Khan,ApexAman77,amankhan0349@estcgp.gg,India,2604,VP0349,Gold,G02,CS2,L005,CS2 Open 2025,T070,Knights London,KNL70,M004,London,E0034,4,PO0033,29401.42,TX0033,Bank,Paid,PF0034,1.33,433,80.83,V0008,Aimbot
P0350,Sam,Yadav,GhostSam41,samyadav0350@estcgp.gg,India,3326,VP0350,Bronze,G02,CS2,L005,CS2 Open 2025,T070,Knights London,KNL70,M004,London,E0035,5,PO0034,12153.66,TX0034,UPI,Paid,PF0035,7.83,493,48.70,,
P0471,Alex,Desai,HyperAlex5,alexdesai0471@estcgp.gg,India,1940,VP0471,Silver,G02,CS2,L005,CS2 Open 2025,T095,Vortex Bengaluru,VXB95,M004,London,E0036,1,PO0035,21415.36,TX0035,Bank,SUCCESS,PF0036,4.78,417,100.00,V0009,TriggerBot
P0472,Sam,Yadav,ViperSam25,samyadav0472@estcgp.gg,India,1168,VP0472,Bronze,G02,CS2,L005,CS2 Open 2025,T095,Vortex Bengaluru,VXB95,M004,London,E0037,2,PO0036,10645.71,TX0036,Wallet,Pending,PF0037,5.49,491,87.71,,
P0473,Riya,Iyer,RogueRiya37,riyaiyer0473@estcgp.gg,India,1273,VP0473,Silver,G02,CS2,L005,CS2 Open 2025,T095,Vortex Bengaluru,VXB95,M004,London,E0038,3,PO0037,12470.95,TX0037,UPI,Paid,PF0038,0.00,195,34.80,,
P0474,Sam,Martin,TitanSam28,sammartin0474@estcgp.gg,India,210,VP0474,Bronze,G02,CS2,L005,CS2 Open 2025,T095,Vortex Bengaluru,VXB95,M004,London,E0039,4,PO0038,2698.94,TX0038,Crypto,Paid,PF0039,8.27,613,15.70,,
P0475,Riya,Singh,FrostRiya63,riyasingh0475@estcgp.gg,India,2428,VP0475,Silver,G02,CS2,L005,CS2 Open 2025,T095,Vortex Bengaluru,VXB95,M004,London,E0040,5,PO0039,20060.09,TX0039,Wallet,SUCCESS,PF0040,6.23,489,7.94,,
P0471,Alex,Desai,HyperAlex5,alexdesai0471@estcgp.gg,India,1940,VP0471,Silver,G02,CS2,L006,CS2 Spring 2025,T095,Vortex Bengaluru,VXB95,M005,Mumbai,E0041,1,,,,,,,,,,,
P0472,Sam,Yadav,ViperSam25,samyadav0472@estcgp.gg,India,1168,VP0472,Bronze,G02,CS2,L006,CS2 Spring 2025,T095,Vortex Bengaluru,VXB95,M005,Mumbai,E0042,2,,,,,,,,,,,
P0473,Riya,Iyer,RogueRiya37,riyaiyer0473@estcgp.gg,India,1273,VP0473,Silver,G02,CS2,L006,CS2 Spring 2025,T095,Vortex Bengaluru,VXB95,M005,Mumbai,E0043,3,,,,,,,,,,,
P0474,Sam,Martin,TitanSam28,sammartin0474@estcgp.gg,India,210,VP0474,Bronze,G02,CS2,L006,CS2 Spring 2025,T095,Vortex Bengaluru,VXB95,M005,Mumbai,E0044,4,,,,,,,,,,,
P0475,Riya,Singh,FrostRiya63,riyasingh0475@estcgp.gg,India,2428,VP0475,Silver,G02,CS2,L006,CS2 Spring 2025,T095,Vortex Bengaluru,VXB95,M005,Mumbai,E0045,5,,,,,,,,,,,
P0036,Aman,Khan,VortexAman96,amankhan0036@estcgp.gg,USA,4290,VP0036,Silver,G02,CS2,L006,CS2 Spring 2025,T008,Nova Singapore,NVS08,M005,Mumbai,E0046,1,,,,,,,,,,,
P0037,John,Yadav,ShadowJohn19,johnyadav0037@estcgp.gg,USA,2957,VP0037,Bronze,G02,CS2,L006,CS2 Spring 2025,T008,Nova Singapore,NVS08,M005,Mumbai,E0047,2,,,,,,,,,,,
P0038,Riya,Jackson,StormRiya56,riyajackson0038@estcgp.gg,India,4002,VP0038,Silver,G02,CS2,L006,CS2 Spring 2025,T008,Nova Singapore,NVS08,M005,Mumbai,E0048,3,,,,,,,,,,,
P0039,Sam,Patel,OmegaSam12,sampatel0039@estcgp.gg,India,2909,VP0039,Silver,G02,CS2,L006,CS2 Spring 2025,T008,Nova Singapore,NVS08,M005,Mumbai,E0049,4,,,,,,,,,,,
P0040,Riya,Khan,ApexRiya71,riyakhan0040@estcgp.gg,India,4252,VP0040,Bronze,G02,CS2,L006,CS2 Spring 2025,T008,Nova Singapore,NVS08,M005,Mumbai,E0050,5,,,,,,,,,,,
P0036,Aman,Khan,VortexAman96,amankhan0036@estcgp.gg,USA,4290,VP0036,Silver,G02,CS2,L007,CS2 Summer 2025,T008,Nova Singapore,NVS08,M006,Frankfurt,E0051,1,,,,,,PF0041,6.47,0,11.15,,
P0037,John,Yadav,ShadowJohn19,johnyadav0037@estcgp.gg,USA,2957,VP0037,Bronze,G02,CS2,L007,CS2 Summer 2025,T008,Nova Singapore,NVS08,M006,Frankfurt,E0052,2,,,,,,PF0042,1.61,209,51.79,,
P0038,Riya,Jackson,StormRiya56,riyajackson0038@estcgp.gg,India,4002,VP0038,Silver,G02,CS2,L007,CS2 Summer 2025,T008,Nova Singapore,NVS08,M006,Frankfurt,E0053,3,,,,,,PF0043,5.04,382,100.00,V0010,TriggerBot
P0039,Sam,Patel,OmegaSam12,sampatel0039@estcgp.gg,India,2909,VP0039,Silver,G02,CS2,L007,CS2 Summer 2025,T008,Nova Singapore,NVS08,M006,Frankfurt,E0054,4,,,,,,,,,,,
P0040,Riya,Khan,ApexRiya71,riyakhan0040@estcgp.gg,India,4252,VP0040,Bronze,G02,CS2,L007,CS2 Summer 2025,T008,Nova Singapore,NVS08,M006,Frankfurt,E0055,5,,,,,,PF0044,2.14,577,74.62,,
P0076,Sara,Patel,OmegaSara23,sarapatel0076@estcgp.gg,India,3149,VP0076,Bronze,G02,CS2,L007,CS2 Summer 2025,T016,Phoenix Chennai,PXC16,M006,Frankfurt,E0056,1,,,,,,PF0045,3.61,656,52.96,V0011,Wallhack
P0077,Sara,Yadav,PrimeSara90,sarayadav0077@estcgp.gg,India,0,VP0077,Bronze,G02,CS2,L007,CS2 Summer 2025,T016,Phoenix Chennai,PXC16,M006,Frankfurt,E0057,2,,,,,,PF0046,2.30,326,57.33,,
P0078,Riya,Kapoor,NovaRiya54,riyakapoor0078@estcgp.gg,India,1004,VP0078,Gold,G02,CS2,L007,CS2 Summer 2025,T016,Phoenix Chennai,PXC16,M006,Frankfurt,E0058,3,,,,,,PF0047,2.02,621,28.49,,
P0079,Alex,Davis,SilentAlex20,alexdavis0079@estcgp.gg,India,3049,VP0079,Gold,G02,CS2,L007,CS2 Summer 2025,T016,Phoenix Chennai,PXC16,M006,Frankfurt,E0059,4,,,,,,PF0048,1.93,578,12.65,,
P0080,Sara,Patel,FrostSara73,sarapatel0080@estcgp.gg,USA,1122,VP0080,Silver,G02,CS2,L007,CS2 Summer 2025,T016,Phoenix Chennai,PXC16,M006,Frankfurt,E0060,5,,,,,,PF0049,8.58,62,82.02,,
P0076,Sara,Patel,OmegaSara23,sarapatel0076@estcgp.gg,India,3149,VP0076,Bronze,G02,CS2,L008,CS2 World 2025,T016,Phoenix Chennai,PXC16,M007,Singapore,E0061,1,,,,,,,,,,,
P0077,Sara,Yadav,PrimeSara90,sarayadav0077@estcgp.gg,India,0,VP0077,Bronze,G02,CS2,L008,CS2 World 2025,T016,Phoenix Chennai,PXC16,M007,Singapore,E0062,2,,,,,,,,,,,
P0078,Riya,Kapoor,NovaRiya54,riyakapoor0078@estcgp.gg,India,1004,VP0078,Gold,G02,CS2,L008,CS2 World 2025,T016,Phoenix Chennai,PXC16,M007,Singapore,E0063,3,,,,,,,,,,,
P0079,Alex,Davis,SilentAlex20,alexdavis0079@estcgp.gg,India,3049,VP0079,Gold,G02,CS2,L008,CS2 World 2025,T016,Phoenix Chennai,PXC16,M007,Singapore,E0064,4,,,,,,,,,,,
P0080,Sara,Patel,FrostSara73,sarapatel0080@estcgp.gg,USA,1122,VP0080,Silver,G02,CS2,L008,CS2 World 2025,T016,Phoenix Chennai,PXC16,M007,Singapore,E0065,5,,,,,,,,,,,
P0126,Sam,Singh,GhostSam73,samsingh0126@estcgp.gg,USA,1969,VP0126,Bronze,G02,CS2,L008,CS2 World 2025,T026,Dragons Chennai,DGC26,M007,Singapore,E0066,1,,,,,,,,,,,
P0127,Riya,Yadav,NitroRiya89,riyayadav0127@estcgp.gg,USA,2103,VP0127,Bronze,G02,CS2,L008,CS2 World 2025,T026,Dragons Chennai,DGC26,M007,Singapore,E0067,2,,,,,,,,,,,
P0128,Aman,Yadav,RapidAman19,amanyadav0128@estcgp.gg,India,224,VP0128,Gold,G02,CS2,L008,CS2 World 2025,T026,Dragons Chennai,DGC26,M007,Singapore,E0068,3,,,,,,,,,,,
P0129,Aman,Khan,ShadowAman81,amankhan0129@estcgp.gg,India,4440,VP0129,Gold,G02,CS2,L008,CS2 World 2025,T026,Dragons Chennai,DGC26,M007,Singapore,E0069,4,,,,,,,,,,,
P0130,Alex,Singh,RogueAlex21,alexsingh0130@estcgp.gg,India,261,VP0130,Bronze,G02,CS2,L008,CS2 World 2025,T026,Dragons Chennai,DGC26,M007,Singapore,E0070,5,,,,,,,,,,,
P0126,Sam,Singh,GhostSam73,samsingh0126@estcgp.gg,USA,1969,VP0126,Bronze,G03,Dota2,L009,Dota2 Open 2025,T026,Dragons Chennai,DGC26,M008,Tokyo,E0071,1,,,,,,,,,,,
P0127,Riya,Yadav,NitroRiya89,riyayadav0127@estcgp.gg,USA,2103,VP0127,Bronze,G03,Dota2,L009,Dota2 Open 2025,T026,Dragons Chennai,DGC26,M008,Tokyo,E0072,2,,,,,,,,,,,
P0128,Aman,Yadav,RapidAman19,amanyadav0128@estcgp.gg,India,224,VP0128,Gold,G03,Dota2,L009,Dota2 Open 2025,T026,Dragons Chennai,DGC26,M008,Tokyo,E0073,3,,,,,,,,,,,
P0129,Aman,Khan,ShadowAman81,amankhan0129@estcgp.gg,India,4440,VP0129,Gold,G03,Dota2,L009,Dota2 Open 2025,T026,Dragons Chennai,DGC26,M008,Tokyo,E0074,4,,,,,,,,,,,
P0130,Alex,Singh,RogueAlex21,alexsingh0130@estcgp.gg,India,261,VP0130,Bronze,G03,Dota2,L009,Dota2 Open 2025,T026,Dragons Chennai,DGC26,M008,Tokyo,E0075,5,,,,,,,,,,,
P0001,Riya,Kapoor,NovaRiya92,riyakapoor0001@estcgp.gg,USA,2462,VP0001,Silver,G03,Dota2,L009,Dota2 Open 2025,T001,Nova Mumbai,NVM01,M008,Tokyo,E0076,1,,,,,,,,,,,
P0002,John,Patel,SilentJohn98,johnpatel0002@estcgp.gg,India,616,VP0002,Gold,G03,Dota2,L009,Dota2 Open 2025,T001,Nova Mumbai,NVM01,M008,Tokyo,E0077,2,,,,,,,,,,,
P0003,John,Khan,CrimsonJohn7,johnkhan0003@estcgp.gg,India,0,VP0003,Silver,G03,Dota2,L009,Dota2 Open 2025,T001,Nova Mumbai,NVM01,M008,Tokyo,E0078,3,,,,,,,,,,,
P0004,Alex,Khan,RapidAlex98,alexkhan0004@estcgp.gg,USA,2464,VP0004,Gold,G03,Dota2,L009,Dota2 Open 2025,T001,Nova Mumbai,NVM01,M008,Tokyo,E0079,4,,,,,,,,,,,
P0005,John,Yadav,BlazeJohn70,johnyadav0005@estcgp.gg,USA,3654,VP0005,Bronze,G03,Dota2,L009,Dota2 Open 2025,T001,Nova Mumbai,NVM01,M008,Tokyo,E0080,5,,,,,,,,,,,
P0001,Riya,Kapoor,NovaRiya92,riyakapoor0001@estcgp.gg,USA,2462,VP0001,Silver,G03,Dota2,L010,Dota2 Spring 2025,T001,Nova Mumbai,NVM01,M009,London,E0081,1,PO0040,10120.45,TX0040,Bank,Paid,PF0050,3.31,457,31.70,V0012,Wallhack
P0002,John,Patel,SilentJohn98,johnpatel0002@estcgp.gg,India,616,VP0002,Gold,G03,Dota2,L010,Dota2 Spring 2025,T001,Nova Mumbai,NVM01,M009,London,E0082,2,PO0041,17145.90,TX0041,Bank,Paid,PF0051,7.33,116,24.44,,
P0003,John,Khan,CrimsonJohn7,johnkhan0003@estcgp.gg,India,0,VP0003,Silver,G03,Dota2,L010,Dota2 Spring 2025,T001,Nova Mumbai,NVM01,M009,London,E0083,3,PO0042,15819.28,TX0042,UPI,Paid,PF0052,0.00,454,42.82,,
P0004,Alex,Khan,RapidAlex98,alexkhan0004@estcgp.gg,USA,2464,VP0004,Gold,G03,Dota2,L010,Dota2 Spring 2025,T001,Nova Mumbai,NVM01,M009,London,E0084,4,PO0043,20616.18,TX0043,Bank,Paid,PF0053,3.46,342,34.74,,
P0005,John,Yadav,BlazeJohn70,johnyadav0005@estcgp.gg,USA,3654,VP0005,Bronze,G03,Dota2,L010,Dota2 Spring 2025,T001,Nova Mumbai,NVM01,M009,London,E0085,5,PO0044,8104.07,TX0044,Crypto,Paid,PF0054,1.96,129,96.26,,
P0216,Alex,Singh,ApexAlex33,alexsingh0216@estcgp.gg,India,3055,VP0216,Bronze,G03,Dota2,L010,Dota2 Spring 2025,T044,Storm Hyderabad,STH44,M009,London,E0086,1,PO0045,24684.04,TX0045,Crypto,SUCCESS,PF0055,2.55,152,4.49,,
P0217,Sam,Singh,NeonSam39,samsingh0217@estcgp.gg,India,3654,VP0217,Silver,G03,Dota2,L010,Dota2 Spring 2025,T044,Storm Hyderabad,STH44,M009,London,E0087,2,PO0046,35705.41,TX0046,PayPal,SUCCESS,PF0056,0.09,0,100.00,V0013,Wallhack
P0218,Sara,Patel,WolfSara17,sarapatel0218@estcgp.gg,USA,4502,VP0218,Bronze,G03,Dota2,L010,Dota2 Spring 2025,T044,Storm Hyderabad,STH44,M009,London,E0088,3,PO0047,11785.31,TX0047,Wallet,Paid,PF0057,0.77,622,100.00,V0014,Aimbot
P0219,Alex,Singh,PulseAlex13,alexsingh0219@estcgp.gg,USA,1347,VP0219,Silver,G03,Dota2,L010,Dota2 Spring 2025,T044,Storm Hyderabad,STH44,M009,London,E0089,4,PO0048,40181.71,TX0048,Wallet,Paid,PF0058,0.00,613,13.72,,
P0220,John,Patel,OmegaJohn15,johnpatel0220@estcgp.gg,India,4150,VP0220,Gold,G03,Dota2,L010,Dota2 Spring 2025,T044,Storm Hyderabad,STH44,M009,London,E0090,5,PO0049,13039.53,TX0049,Crypto,SUCCESS,PF0059,8.63,398,100.00,,
P0216,Alex,Singh,ApexAlex33,alexsingh0216@estcgp.gg,India,3055,VP0216,Bronze,G03,Dota2,L011,Dota2 Summer 2025,T044,Storm Hyderabad,STH44,M010,Mumbai,E0091,1,PO0050,19754.99,TX0050,Bank,SUCCESS,PF0060,7.16,596,37.36,,
P0217,Sam,Singh,NeonSam39,samsingh0217@estcgp.gg,India,3654,VP0217,Silver,G03,Dota2,L011,Dota2 Summer 2025,T044,Storm Hyderabad,STH44,M010,Mumbai,E0092,2,,,,,,PF0061,4.55,88,19.71,,
P0218,Sara,Patel,WolfSara17,sarapatel0218@estcgp.gg,USA,4502,VP0218,Bronze,G03,Dota2,L011,Dota2 Summer 2025,T044,Storm Hyderabad,STH44,M010,Mumbai,E0093,3,PO0051,28090.94,TX0051,Crypto,Paid,PF0062,0.59,552,100.00,,
P0219,Alex,Singh,PulseAlex13,alexsingh0219@estcgp.gg,USA,1347,VP0219,Silver,G03,Dota2,L011,Dota2 Summer 2025,T044,Storm Hyderabad,STH44,M010,Mumbai,E0094,4,PO0052,20394.54,TX0052,Wallet,Paid,PF0063,6.31,106,100.00,,
P0220,John,Patel,OmegaJohn15,johnpatel0220@estcgp.gg,India,4150,VP0220,Gold,G03,Dota2,L011,Dota2 Summer 2025,T044,Storm Hyderabad,STH44,M010,Mumbai,E0095,5,PO0053,31663.21,TX0053,UPI,Paid,PF0064,4.93,365,88.60,V0015,Aimbot
P0571,Aman,Singh,NexusAman12,amansingh0571@estcgp.gg,India,4782,VP0571,Silver,G03,Dota2,L011,Dota2 Summer 2025,T115,Pulse Bengaluru,PLB115,M010,Mumbai,E0096,1,PO0054,19949.90,TX0054,UPI,Paid,PF0065,6.75,485,47.12,,
P0572,Riya,Singh,StormRiya9,riyasingh0572@estcgp.gg,India,3773,VP0572,Bronze,G03,Dota2,L011,Dota2 Summer 2025,T115,Pulse Bengaluru,PLB115,M010,Mumbai,E0097,2,PO0055,5131.04,TX0055,Crypto,Paid,PF0066,7.31,590,10.92,,
P0573,John,Singh,NovaJohn52,johnsingh0573@estcgp.gg,India,1576,VP0573,Silver,G03,Dota2,L011,Dota2 Summer 2025,T115,Pulse Bengaluru,PLB115,M010,Mumbai,E0098,3,PO0056,215.03,TX0056,UPI,SUCCESS,PF0067,0.00,87,100.00,V0016,Wallhack
P0574,John,Jain,TitanJohn65,johnjain0574@estcgp.gg,India,3211,VP0574,Gold,G03,Dota2,L011,Dota2 Summer 2025,T115,Pulse Bengaluru,PLB115,M010,Mumbai,E0099,4,PO0057,6232.55,TX0057,UPI,Paid,PF0068,8.51,683,42.69,,
P0575,Sam,Singh,CrimsonSam86,samsingh0575@estcgp.gg,India,181,VP0575,Gold,G03,Dota2,L011,Dota2 Summer 2025,T115,Pulse Bengaluru,PLB115,M010,Mumbai,E0100,5,,,,,,,,,,,
P0571,Aman,Singh,NexusAman12,amansingh0571@estcgp.gg,India,4782,VP0571,Silver,G03,Dota2,L012,Dota2 World 2025,T115,Pulse Bengaluru,PLB115,M011,Frankfurt,E0101,1,PO0058,9951.58,TX0058,UPI,Paid,PF0069,0.35,641,28.85,,
P0572,Riya,Singh,StormRiya9,riyasingh0572@estcgp.gg,India,3773,VP0572,Bronze,G03,Dota2,L012,Dota2 World 2025,T115,Pulse Bengaluru,PLB115,M011,Frankfurt,E0102,2,PO0059,28403.68,TX0059,Bank,Paid,PF0070,7.12,30,97.35,,
P0573,John,Singh,NovaJohn52,johnsingh0573@estcgp.gg,India,1576,VP0573,Silver,G03,Dota2,L012,Dota2 World 2025,T115,Pulse Bengaluru,PLB115,M011,Frankfurt,E0103,3,PO0060,10904.96,TX0060,Bank,Cancelled,PF0071,7.52,296,25.59,V0017,Wallhack
P0574,John,Jain,TitanJohn65,johnjain0574@estcgp.gg,India,3211,VP0574,Gold,G03,Dota2,L012,Dota2 World 2025,T115,Pulse Bengaluru,PLB115,M011,Frankfurt,E0104,4,PO0061,11410.12,TX0061,Crypto,SUCCESS,PF0072,0.12,89,38.81,,
P0575,Sam,Singh,CrimsonSam86,samsingh0575@estcgp.gg,India,181,VP0575,Gold,G03,Dota2,L012,Dota2 World 2025,T115,Pulse Bengaluru,PLB115,M011,Frankfurt,E0105,5,PO0062,10223.55,TX0062,Bank,SUCCESS,PF0073,3.13,482,100.00,,
P0296,John,Yadav,SilentJohn96,johnyadav0296@estcgp.gg,USA,4064,VP0296,Bronze,G03,Dota2,L012,Dota2 World 2025,T060,Wolves London,WVL60,M011,Frankfurt,E0106,1,PO0063,441.00,TX0063,Wallet,Paid,PF0074,8.07,389,57.04,,
P0297,Riya,Khan,FrostRiya71,riyakhan0297@estcgp.gg,India,4792,VP0297,Silver,G03,Dota2,L012,Dota2 World 2025,T060,Wolves London,WVL60,M011,Frankfurt,E0107,2,PO0064,30157.82,TX0064,Wallet,Paid,PF0075,5.92,624,45.24,,
P0298,Aman,Khan,ViperAman14,amankhan0298@estcgp.gg,India,1406,VP0298,Bronze,G03,Dota2,L012,Dota2 World 2025,T060,Wolves London,WVL60,M011,Frankfurt,E0108,3,PO0065,11346.33,TX0065,Wallet,Paid,PF0076,8.40,281,62.49,,
P0299,John,Singh,ViperJohn22,johnsingh0299@estcgp.gg,India,4447,VP0299,Bronze,G03,Dota2,L012,Dota2 World 2025,T060,Wolves London,WVL60,M011,Frankfurt,E0109,4,PO0066,23628.82,TX0066,Wallet,Paid,PF0077,0.00,356,20.16,,
P0300,Sara,Patel,RogueSara94,sarapatel0300@estcgp.gg,USA,4065,VP0300,Bronze,G03,Dota2,L012,Dota2 World 2025,T060,Wolves London,WVL60,M011,Frankfurt,E0110,5,PO0067,26006.48,TX0067,Crypto,Paid,PF0078,2.92,369,100.00,V0018,Wallhack
P0296,John,Yadav,SilentJohn96,johnyadav0296@estcgp.gg,USA,4064,VP0296,Bronze,G01,Valorant,L013,Valorant Open 2026,T060,Wolves London,WVL60,M012,Singapore,E0111,1,PO0068,6568.52,TX0068,UPI,Paid,PF0079,7.92,373,100.00,,
P0297,Riya,Khan,FrostRiya71,riyakhan0297@estcgp.gg,India,4792,VP0297,Silver,G01,Valorant,L013,Valorant Open 2026,T060,Wolves London,WVL60,M012,Singapore,E0112,2,PO0069,41679.17,TX0069,PayPal,Paid,PF0080,5.42,532,10.83,,
P0298,Aman,Khan,ViperAman14,amankhan0298@estcgp.gg,India,1406,VP0298,Bronze,G01,Valorant,L013,Valorant Open 2026,T060,Wolves London,WVL60,M012,Singapore,E0113,3,PO0070,33111.61,TX0070,Crypto,Paid,PF0081,4.45,317,100.00,,
P0299,John,Singh,ViperJohn22,johnsingh0299@estcgp.gg,India,4447,VP0299,Bronze,G01,Valorant,L013,Valorant Open 2026,T060,Wolves London,WVL60,M012,Singapore,E0114,4,PO0071,24611.43,TX0071,Wallet,SUCCESS,PF0082,3.41,533,100.00,,
P0300,Sara,Patel,RogueSara94,sarapatel0300@estcgp.gg,USA,4065,VP0300,Bronze,G01,Valorant,L013,Valorant Open 2026,T060,Wolves London,WVL60,M012,Singapore,E0115,5,PO0072,14633.86,TX0072,UPI,Paid,PF0083,5.87,593,40.41,,
P0006,Sara,Shah,NovaSara4,sarashah0006@estcgp.gg,USA,3400,VP0006,Bronze,G01,Valorant,L013,Valorant Open 2026,T002,Nova Delhi,NVD02,M012,Singapore,E0116,1,PO0073,16312.50,TX0073,Wallet,Paid,PF0084,7.47,507,90.91,,
P0007,Sam,Patel,SilentSam92,sampatel0007@estcgp.gg,India,3299,VP0007,Silver,G01,Valorant,L013,Valorant Open 2026,T002,Nova Delhi,NVD02,M012,Singapore,E0117,2,PO0074,20402.22,TX0074,Wallet,SUCCESS,PF0085,1.43,153,59.88,V0019,SpeedHack
P0008,John,Patel,PrimeJohn21,johnpatel0008@estcgp.gg,India,2731,VP0008,Silver,G01,Valorant,L013,Valorant Open 2026,T002,Nova Delhi,NVD02,M012,Singapore,E0118,3,PO0075,19509.46,TX0075,Wallet,Paid,PF0086,0.53,592,83.49,,
P0009,Aman,Khan,NexusAman98,amankhan0009@estcgp.gg,India,3249,VP0009,Bronze,G01,Valorant,L013,Valorant Open 2026,T002,Nova Delhi,NVD02,M012,Singapore,E0119,4,PO0076,11495.41,TX0076,Bank,SUCCESS,PF0087,5.00,22,75.80,,
P0010,Aman,Khan,RogueAman50,amankhan0010@estcgp.gg,India,3197,VP0010,Gold,G01,Valorant,L013,Valorant Open 2026,T002,Nova Delhi,NVD02,M012,Singapore,E0120,5,PO0077,1510.12,TX0077,UPI,Pending,PF0088,5.16,506,36.98,,
P0006,Sara,Shah,NovaSara4,sarashah0006@estcgp.gg,USA,3400,VP0006,Bronze,G01,Valorant,L014,Valorant Spring 2026,T002,Nova Delhi,NVD02,M013,Tokyo,E0121,1,PO0078,29035.64,TX0078,Wallet,Paid,PF0089,8.93,664,29.06,V0020,Wallhack
P0007,Sam,Patel,SilentSam92,sampatel0007@estcgp.gg,India,3299,VP0007,Silver,G01,Valorant,L014,Valorant Spring 2026,T002,Nova Delhi,NVD02,M013,Tokyo,E0122,2,PO0079,694.13,TX0079,Bank,Paid,PF0090,0.00,442,93.97,,
P0008,John,Patel,PrimeJohn21,johnpatel0008@estcgp.gg,India,2731,VP0008,Silver,G01,Valorant,L014,Valorant Spring 2026,T002,Nova Delhi,NVD02,M013,Tokyo,E0123,3,,,,,,PF0091,2.29,38,0.35,,
P0009,Aman,Khan,NexusAman98,amankhan0009@estcgp.gg,India,3249,VP0009,Bronze,G01,Valorant,L014,Valorant Spring 2026,T002,Nova Delhi,NVD02,M013,Tokyo,E0124,4,PO0080,16975.33,TX0080,Bank,Paid,PF0092,0.00,359,75.32,V0021,TriggerBot
P0010,Aman,Khan,RogueAman50,amankhan0010@estcgp.gg,India,3197,VP0010,Gold,G01,Valorant,L014,Valorant Spring 2026,T002,Nova Delhi,NVD02,M013,Tokyo,E0125,5,PO0081,7648.96,TX0081,Crypto,Paid,PF0093,7.77,227,82.62,,
P0416,Riya,Singh,NovaRiya31,riyasingh0416@estcgp.gg,USA,3411,VP0416,Bronze,G01,Valorant,L014,Valorant Spring 2026,T084,Apex Hyderabad,AXH84,M013,Tokyo,E0126,1,PO0082,17138.37,TX0082,Wallet,Paid,PF0094,0.20,534,41.15,,
P0417,Sara,Yadav,KnightSara49,sarayadav0417@estcgp.gg,India,2892,VP0417,Bronze,G01,Valorant,L014,Valorant Spring 2026,T084,Apex Hyderabad,AXH84,M013,Tokyo,E0127,2,PO0083,22182.22,TX0083,Bank,Paid,PF0095,1.95,368,66.62,,
P0418,Sam,Khan,GhostSam53,samkhan0418@estcgp.gg,USA,2015,VP0418,Gold,G01,Valorant,L014,Valorant Spring 2026,T084,Apex Hyderabad,AXH84,M013,Tokyo,E0128,3,PO0084,39129.82,TX0084,Wallet,Paid,PF0096,0.00,157,77.41,,
P0419,Riya,Singh,RapidRiya35,riyasingh0419@estcgp.gg,India,3274,VP0419,Gold,G01,Valorant,L014,Valorant Spring 2026,T084,Apex Hyderabad,AXH84,M013,Tokyo,E0129,4,PO0085,730.18,TX0085,Bank,Paid,PF0097,4.65,635,12.78,,
P0420,John,Khan,WolfJohn66,johnkhan0420@estcgp.gg,USA,2786,VP0420,Gold,G01,Valorant,L014,Valorant Spring 2026,T084,Apex Hyderabad,AXH84,M013,Tokyo,E0130,5,PO0086,30109.58,TX0086,Wallet,Pending,PF0098,0.00,695,71.75,,
P0416,Riya,Singh,NovaRiya31,riyasingh0416@estcgp.gg,USA,3411,VP0416,Bronze,G01,Valorant,L015,Valorant Summer 2026,T084,Apex Hyderabad,AXH84,M014,London,E0131,1,,,,,,,,,,,
P0417,Sara,Yadav,KnightSara49,sarayadav0417@estcgp.gg,India,2892,VP0417,Bronze,G01,Valorant,L015,Valorant Summer 2026,T084,Apex Hyderabad,AXH84,M014,London,E0132,2,,,,,,,,,,,
P0418,Sam,Khan,GhostSam53,samkhan0418@estcgp.gg,USA,2015,VP0418,Gold,G01,Valorant,L015,Valorant Summer 2026,T084,Apex Hyderabad,AXH84,M014,London,E0133,3,,,,,,,,,,,
P0419,Riya,Singh,RapidRiya35,riyasingh0419@estcgp.gg,India,3274,VP0419,Gold,G01,Valorant,L015,Valorant Summer 2026,T084,Apex Hyderabad,AXH84,M014,London,E0134,4,,,,,,,,,,,
P0420,John,Khan,WolfJohn66,johnkhan0420@estcgp.gg,USA,2786,VP0420,Gold,G01,Valorant,L015,Valorant Summer 2026,T084,Apex Hyderabad,AXH84,M014,London,E0135,5,,,,,,,,,,,
P0521,Sara,Yadav,ApexSara66,sarayadav0521@estcgp.gg,India,4915,VP0521,Silver,G01,Valorant,L015,Valorant Summer 2026,T105,Nexus Bengaluru,NXB105,M014,London,E0136,1,,,,,,,,,,,
P0522,Riya,Thomas,NitroRiya31,riyathomas0522@estcgp.gg,India,3815,VP0522,Diamond,G01,Valorant,L015,Valorant Summer 2026,T105,Nexus Bengaluru,NXB105,M014,London,E0137,2,,,,,,,,,,,
P0523,Alex,Singh,CyberAlex7,alexsingh0523@estcgp.gg,India,3058,VP0523,Gold,G01,Valorant,L015,Valorant Summer 2026,T105,Nexus Bengaluru,NXB105,M014,London,E0138,3,,,,,,,,,,,
P0524,John,Patel,ShadowJohn28,johnpatel0524@estcgp.gg,India,4473,VP0524,Bronze,G01,Valorant,L015,Valorant Summer 2026,T105,Nexus Bengaluru,NXB105,M014,London,E0139,4,,,,,,,,,,,
P0525,Sam,Yadav,VortexSam93,samyadav0525@estcgp.gg,India,804,VP0525,Silver,G01,Valorant,L015,Valorant Summer 2026,T105,Nexus Bengaluru,NXB105,M014,London,E0140,5,,,,,,,,,,,
P0521,Sara,Yadav,ApexSara66,sarayadav0521@estcgp.gg,India,4915,VP0521,Silver,G01,Valorant,L016,Valorant World 2026,T105,Nexus Bengaluru,NXB105,M015,Mumbai,E0141,1,,,,,,PF0099,5.82,311,34.52,V0022,Wallhack
P0522,Riya,Thomas,NitroRiya31,riyathomas0522@estcgp.gg,India,3815,VP0522,Diamond,G01,Valorant,L016,Valorant World 2026,T105,Nexus Bengaluru,NXB105,M015,Mumbai,E0142,2,,,,,,PF0100,7.27,339,48.26,V0023,TriggerBot
P0523,Alex,Singh,CyberAlex7,alexsingh0523@estcgp.gg,India,3058,VP0523,Gold,G01,Valorant,L016,Valorant World 2026,T105,Nexus Bengaluru,NXB105,M015,Mumbai,E0143,3,,,,,,PF0101,0.00,136,98.34,,
P0524,John,Patel,ShadowJohn28,johnpatel0524@estcgp.gg,India,4473,VP0524,Bronze,G01,Valorant,L016,Valorant World 2026,T105,Nexus Bengaluru,NXB105,M015,Mumbai,E0144,4,,,,,,,,,,,
P0525,Sam,Yadav,VortexSam93,samyadav0525@estcgp.gg,India,804,VP0525,Silver,G01,Valorant,L016,Valorant World 2026,T105,Nexus Bengaluru,NXB105,M015,Mumbai,E0145,5,,,,,,PF0102,5.67,324,25.40,,
P0061,Aman,Khan,StormAman20,amankhan0061@estcgp.gg,India,3425,VP0061,Silver,G01,Valorant,L016,Valorant World 2026,T013,Phoenix Pune,PXP13,M015,Mumbai,E0146,1,,,,,,PF0103,3.88,506,56.79,,
P0062,Sam,Khan,CyberSam55,samkhan0062@estcgp.gg,India,4448,VP0062,Bronze,G01,Valorant,L016,Valorant World 2026,T013,Phoenix Pune,PXP13,M015,Mumbai,E0147,2,,,,,,PF0104,2.87,428,36.10,,
P0063,John,Singh,FrostJohn77,johnsingh0063@estcgp.gg,India,4183,VP0063,Silver,G01,Valorant,L016,Valorant World 2026,T013,Phoenix Pune,PXP13,M015,Mumbai,E0148,3,,,,,,PF0105,6.21,336,4.35,,
P0064,Aman,Mehta,HyperAman14,amanmehta0064@estcgp.gg,India,1146,VP0064,Bronze,G01,Valorant,L016,Valorant World 2026,T013,Phoenix Pune,PXP13,M015,Mumbai,E0149,4,,,,,,PF0106,7.49,369,15.62,V0024,Wallhack
P0065,Sara,Patel,TitanSara19,sarapatel0065@estcgp.gg,India,4989,VP0065,Silver,G01,Valorant,L016,Valorant World 2026,T013,Phoenix Pune,PXP13,M015,Mumbai,E0150,5,,,,,,PF0107,8.45,0,7.49,,
P0061,Aman,Khan,StormAman20,amankhan0061@estcgp.gg,India,3425,VP0061,Silver,G02,CS2,L017,CS2 Open 2026,T013,Phoenix Pune,PXP13,M016,Frankfurt,E0151,1,,,,,,,,,,,
P0062,Sam,Khan,CyberSam55,samkhan0062@estcgp.gg,India,4448,VP0062,Bronze,G02,CS2,L017,CS2 Open 2026,T013,Phoenix Pune,PXP13,M016,Frankfurt,E0152,2,,,,,,,,,,,
P0063,John,Singh,FrostJohn77,johnsingh0063@estcgp.gg,India,4183,VP0063,Silver,G02,CS2,L017,CS2 Open 2026,T013,Phoenix Pune,PXP13,M016,Frankfurt,E0153,3,,,,,,,,,,,
P0064,Aman,Mehta,HyperAman14,amanmehta0064@estcgp.gg,India,1146,VP0064,Bronze,G02,CS2,L017,CS2 Open 2026,T013,Phoenix Pune,PXP13,M016,Frankfurt,E0154,4,,,,,,,,,,,
P0065,Sara,Patel,TitanSara19,sarapatel0065@estcgp.gg,India,4989,VP0065,Silver,G02,CS2,L017,CS2 Open 2026,T013,Phoenix Pune,PXP13,M016,Frankfurt,E0155,5,,,,,,,,,,,
P0051,Sara,Khan,NeonSara57,sarakhan0051@estcgp.gg,India,3268,VP0051,Platinum,G02,CS2,L017,CS2 Open 2026,T011,Phoenix Mumbai,PXM11,M016,Frankfurt,E0156,1,,,,,,,,,,,
P0052,Sam,Patel,RapidSam54,sampatel0052@estcgp.gg,USA,4571,VP0052,Silver,G02,CS2,L017,CS2 Open 2026,T011,Phoenix Mumbai,PXM11,M016,Frankfurt,E0157,2,,,,,,,,,,,
P0053,Alex,Shah,NeonAlex43,alexshah0053@estcgp.gg,India,123,VP0053,Gold,G02,CS2,L017,CS2 Open 2026,T011,Phoenix Mumbai,PXM11,M016,Frankfurt,E0158,3,,,,,,,,,,,
P0054,Aman,Singh,ApexAman90,amansingh0054@estcgp.gg,India,4558,VP0054,Bronze,G02,CS2,L017,CS2 Open 2026,T011,Phoenix Mumbai,PXM11,M016,Frankfurt,E0159,4,,,,,,,,,,,
P0055,Alex,Patel,PrimeAlex18,alexpatel0055@estcgp.gg,India,1167,VP0055,Silver,G02,CS2,L017,CS2 Open 2026,T011,Phoenix Mumbai,PXM11,M016,Frankfurt,E0160,5,,,,,,,,,,,
P0051,Sara,Khan,NeonSara57,sarakhan0051@estcgp.gg,India,3268,VP0051,Platinum,G02,CS2,L018,CS2 Spring 2026,T011,Phoenix Mumbai,PXM11,M017,Singapore,E0161,1,,,,,,,,,,,
P0052,Sam,Patel,RapidSam54,sampatel0052@estcgp.gg,USA,4571,VP0052,Silver,G02,CS2,L018,CS2 Spring 2026,T011,Phoenix Mumbai,PXM11,M017,Singapore,E0162,2,,,,,,,,,,,
P0053,Alex,Shah,NeonAlex43,alexshah0053@estcgp.gg,India,123,VP0053,Gold,G02,CS2,L018,CS2 Spring 2026,T011,Phoenix Mumbai,PXM11,M017,Singapore,E0163,3,,,,,,,,,,,
P0054,Aman,Singh,ApexAman90,amansingh0054@estcgp.gg,India,4558,VP0054,Bronze,G02,CS2,L018,CS2 Spring 2026,T011,Phoenix Mumbai,PXM11,M017,Singapore,E0164,4,,,,,,,,,,,
P0055,Alex,Patel,PrimeAlex18,alexpatel0055@estcgp.gg,India,1167,VP0055,Silver,G02,CS2,L018,CS2 Spring 2026,T011,Phoenix Mumbai,PXM11,M017,Singapore,E0165,5,,,,,,,,,,,
P0236,Aman,Patel,QuantumAman66,amanpatel0236@estcgp.gg,India,3677,VP0236,Gold,G02,CS2,L018,CS2 Spring 2026,T048,Storm Singapore,STS48,M017,Singapore,E0166,1,,,,,,,,,,,
P0237,Sara,Patel,BlazeSara50,sarapatel0237@estcgp.gg,India,1758,VP0237,Silver,G02,CS2,L018,CS2 Spring 2026,T048,Storm Singapore,STS48,M017,Singapore,E0167,2,,,,,,,,,,,
P0238,Aman,Shah,HyperAman67,amanshah0238@estcgp.gg,India,3352,VP0238,Platinum,G02,CS2,L018,CS2 Spring 2026,T048,Storm Singapore,STS48,M017,Singapore,E0168,3,,,,,,,,,,,
P0239,Riya,Patel,HyperRiya33,riyapatel0239@estcgp.gg,USA,1713,VP0239,Silver,G02,CS2,L018,CS2 Spring 2026,T048,Storm Singapore,STS48,M017,Singapore,E0169,4,,,,,,,,,,,
P0240,Alex,Yadav,NitroAlex73,alexyadav0240@estcgp.gg,USA,1277,VP0240,Bronze,G02,CS2,L018,CS2 Spring 2026,T048,Storm Singapore,STS48,M017,Singapore,E0170,5,,,,,,,,,,,
P0236,Aman,Patel,QuantumAman66,amanpatel0236@estcgp.gg,India,3677,VP0236,Gold,G02,CS2,L019,CS2 Summer 2026,T048,Storm Singapore,STS48,M018,Tokyo,E0171,1,PO0087,36131.04,TX0087,Bank,Paid,PF0108,7.53,573,63.49,,
P0237,Sara,Patel,BlazeSara50,sarapatel0237@estcgp.gg,India,1758,VP0237,Silver,G02,CS2,L019,CS2 Summer 2026,T048,Storm Singapore,STS48,M018,Tokyo,E0172,2,PO0088,15758.42,TX0088,Bank,Paid,PF0109,4.78,526,3.33,,
P0238,Aman,Shah,HyperAman67,amanshah0238@estcgp.gg,India,3352,VP0238,Platinum,G02,CS2,L019,CS2 Summer 2026,T048,Storm Singapore,STS48,M018,Tokyo,E0173,3,PO0089,29134.21,TX0089,UPI,Paid,PF0110,4.20,88,88.81,,
P0239,Riya,Patel,HyperRiya33,riyapatel0239@estcgp.gg,USA,1713,VP0239,Silver,G02,CS2,L019,CS2 Summer 2026,T048,Storm Singapore,STS48,M018,Tokyo,E0174,4,PO0090,14801.58,TX0090,Bank,Cancelled,PF0111,3.45,409,90.84,V0025,Wallhack
P0240,Alex,Yadav,NitroAlex73,alexyadav0240@estcgp.gg,USA,1277,VP0240,Bronze,G02,CS2,L019,CS2 Summer 2026,T048,Storm Singapore,STS48,M018,Tokyo,E0175,5,PO0091,10751.20,TX0091,Wallet,Cancelled,PF0112,4.17,685,60.79,,
P0506,Alex,Khan,RapidAlex3,alexkhan0506@estcgp.gg,USA,4155,VP0506,Gold,G02,CS2,L019,CS2 Summer 2026,T102,Nexus Delhi,NXD102,M018,Tokyo,E0176,1,PO0092,13238.93,TX0092,PayPal,SUCCESS,PF0113,0.60,395,98.35,V0026,Wallhack
P0507,Aman,Patel,KnightAman78,amanpatel0507@estcgp.gg,India,3094,VP0507,Bronze,G02,CS2,L019,CS2 Summer 2026,T102,Nexus Delhi,NXD102,M018,Tokyo,E0177,2,PO0093,9014.16,TX0093,Bank,Paid,PF0114,0.00,655,63.49,,
P0508,Sam,Khan,ShadowSam47,samkhan0508@estcgp.gg,India,2902,VP0508,Bronze,G02,CS2,L019,CS2 Summer 2026,T102,Nexus Delhi,NXD102,M018,Tokyo,E0178,3,PO0094,23741.68,TX0094,Bank,Paid,PF0115,8.49,232,100.00,,
P0509,Sara,Patel,VortexSara41,sarapatel0509@estcgp.gg,India,1817,VP0509,Bronze,G02,CS2,L019,CS2 Summer 2026,T102,Nexus Delhi,NXD102,M018,Tokyo,E0179,4,PO0095,10547.49,TX0095,Crypto,Paid,PF0116,7.66,528,40.45,,
P0510,Sara,Khan,StormSara84,sarakhan0510@estcgp.gg,India,4174,VP0510,Platinum,G02,CS2,L019,CS2 Summer 2026,T102,Nexus Delhi,NXD102,M018,Tokyo,E0180,5,PO0096,8045.14,TX0096,Wallet,Paid,PF0117,3.03,559,80.32,,
P0506,Alex,Khan,RapidAlex3,alexkhan0506@estcgp.gg,USA,4155,VP0506,Gold,G02,CS2,L020,CS2 World 2026,T102,Nexus Delhi,NXD102,M019,London,E0181,1,,,,,,,,,,,
P0507,Aman,Patel,KnightAman78,amanpatel0507@estcgp.gg,India,3094,VP0507,Bronze,G02,CS2,L020,CS2 World 2026,T102,Nexus Delhi,NXD102,M019,London,E0182,2,PO0097,11000.44,TX0097,UPI,Paid,PF0118,5.76,160,100.00,,
P0508,Sam,Khan,ShadowSam47,samkhan0508@estcgp.gg,India,2902,VP0508,Bronze,G02,CS2,L020,CS2 World 2026,T102,Nexus Delhi,NXD102,M019,London,E0183,3,PO0098,20983.36,TX0098,UPI,Paid,PF0119,2.34,0,100.00,,
P0509,Sara,Patel,VortexSara41,sarapatel0509@estcgp.gg,India,1817,VP0509,Bronze,G02,CS2,L020,CS2 World 2026,T102,Nexus Delhi,NXD102,M019,London,E0184,4,PO0099,24434.66,TX0099,Wallet,Paid,PF0120,4.68,157,98.10,V0027,Aimbot
P0510,Sara,Khan,StormSara84,sarakhan0510@estcgp.gg,India,4174,VP0510,Platinum,G02,CS2,L020,CS2 World 2026,T102,Nexus Delhi,NXD102,M019,London,E0185,5,PO0100,218.26,TX0100,Crypto,Paid,PF0121,8.81,568,8.27,,
P0101,John,Yadav,ApexJohn53,johnyadav0101@estcgp.gg,India,1178,VP0101,Gold,G02,CS2,L020,CS2 World 2026,T021,Dragons Mumbai,DGM21,M019,London,E0186,1,PO0101,3743.84,TX0101,Crypto,Paid,PF0122,0.00,40,100.00,V0028,Wallhack
P0102,Alex,Kulkarni,CyberAlex20,alexkulkarni0102@estcgp.gg,USA,3006,VP0102,Platinum,G02,CS2,L020,CS2 World 2026,T021,Dragons Mumbai,DGM21,M019,London,E0187,2,PO0102,12685.78,TX0102,Bank,Paid,PF0123,7.03,120,60.87,,
P0103,Aman,Singh,RogueAman75,amansingh0103@estcgp.gg,India,704,VP0103,Bronze,G02,CS2,L020,CS2 World 2026,T021,Dragons Mumbai,DGM21,M019,London,E0188,3,PO0103,15522.86,TX0103,UPI,Paid,PF0124,7.77,245,89.68,,
P0104,Riya,Singh,TitanRiya86,riyasingh0104@estcgp.gg,India,338,VP0104,Silver,G02,CS2,L020,CS2 World 2026,T021,Dragons Mumbai,DGM21,M019,London,E0189,4,PO0104,43359.51,TX0104,Crypto,Pending,PF0125,7.47,555,91.83,,
P0105,Sara,Khan,ViperSara74,sarakhan0105@estcgp.gg,India,4436,VP0105,Silver,G02,CS2,L020,CS2 World 2026,T021,Dragons Mumbai,DGM21,M019,London,E0190,5,PO0105,16645.45,TX0105,Crypto,Paid,PF0126,5.06,468,53.97,,
P0101,John,Yadav,ApexJohn53,johnyadav0101@estcgp.gg,India,1178,VP0101,Gold,G03,Dota2,L021,Dota2 Open 2026,T021,Dragons Mumbai,DGM21,M020,Mumbai,E0191,1,PO0106,17726.93,TX0106,UPI,SUCCESS,PF0127,7.86,628,100.00,V0029,Aimbot
P0102,Alex,Kulkarni,CyberAlex20,alexkulkarni0102@estcgp.gg,USA,3006,VP0102,Platinum,G03,Dota2,L021,Dota2 Open 2026,T021,Dragons Mumbai,DGM21,M020,Mumbai,E0192,2,PO0107,45598.52,TX0107,Bank,Paid,PF0128,0.00,203,66.97,,
P0103,Aman,Singh,RogueAman75,amansingh0103@estcgp.gg,India,704,VP0103,Bronze,G03,Dota2,L021,Dota2 Open 2026,T021,Dragons Mumbai,DGM21,M020,Mumbai,E0193,3,PO0108,45029.68,TX0108,UPI,Paid,PF0129,4.85,689,60.29,,
P0104,Riya,Singh,TitanRiya86,riyasingh0104@estcgp.gg,India,338,VP0104,Silver,G03,Dota2,L021,Dota2 Open 2026,T021,Dragons Mumbai,DGM21,M020,Mumbai,E0194,4,PO0109,21537.69,TX0109,Crypto,Paid,PF0130,5.36,462,100.00,,
P0105,Sara,Khan,ViperSara74,sarakhan0105@estcgp.gg,India,4436,VP0105,Silver,G03,Dota2,L021,Dota2 Open 2026,T021,Dragons Mumbai,DGM21,M020,Mumbai,E0195,5,PO0110,23619.00,TX0110,UPI,Paid,PF0131,3.93,212,80.90,,
P0066,Alex,Yadav,ShadowAlex31,alexyadav0066@estcgp.gg,India,3522,VP0066,Silver,G03,Dota2,L021,Dota2 Open 2026,T014,Phoenix Hyderabad,PXH14,M020,Mumbai,E0196,1,PO0111,31353.37,TX0111,Wallet,SUCCESS,PF0132,0.00,382,100.00,,
P0067,Aman,Singh,VortexAman55,amansingh0067@estcgp.gg,India,710,VP0067,Gold,G03,Dota2,L021,Dota2 Open 2026,T014,Phoenix Hyderabad,PXH14,M020,Mumbai,E0197,2,PO0112,4092.90,TX0112,Crypto,Paid,PF0133,0.00,657,73.36,V0030,Aimbot
P0068,John,Yadav,RogueJohn79,johnyadav0068@estcgp.gg,USA,4612,VP0068,Platinum,G03,Dota2,L021,Dota2 Open 2026,T014,Phoenix Hyderabad,PXH14,M020,Mumbai,E0198,3,PO0113,1320.73,TX0113,Crypto,Paid,PF0134,3.77,344,61.80,V0031,Other
P0069,Sara,Yadav,PrimeSara97,sarayadav0069@estcgp.gg,India,4123,VP0069,Silver,G03,Dota2,L021,Dota2 Open 2026,T014,Phoenix Hyderabad,PXH14,M020,Mumbai,E0199,4,PO0114,17606.81,TX0114,UPI,Paid,PF0135,5.69,134,15.99,,
P0070,Aman,Singh,RogueAman29,amansingh0070@estcgp.gg,India,4461,VP0070,Silver,G03,Dota2,L021,Dota2 Open 2026,T014,Phoenix Hyderabad,PXH14,M020,Mumbai,E0200,5,PO0115,4279.33,TX0115,PayPal,Paid,PF0136,2.35,402,42.00,,
P0066,Alex,Yadav,ShadowAlex31,alexyadav0066@estcgp.gg,India,3522,VP0066,Silver,G03,Dota2,L022,Dota2 Spring 2026,T014,Phoenix Hyderabad,PXH14,M021,Frankfurt,E0201,1,PO0116,31071.35,TX0116,Bank,SUCCESS,PF0137,7.68,463,0.18,,
P0067,Aman,Singh,VortexAman55,amansingh0067@estcgp.gg,India,710,VP0067,Gold,G03,Dota2,L022,Dota2 Spring 2026,T014,Phoenix Hyderabad,PXH14,M021,Frankfurt,E0202,2,PO0117,29583.45,TX0117,UPI,Paid,PF0138,0.00,337,2.51,,
P0068,John,Yadav,RogueJohn79,johnyadav0068@estcgp.gg,USA,4612,VP0068,Platinum,G03,Dota2,L022,Dota2 Spring 2026,T014,Phoenix Hyderabad,PXH14,M021,Frankfurt,E0203,3,PO0118,24967.17,TX0118,Crypto,Paid,PF0139,1.55,533,27.83,,
P0069,Sara,Yadav,PrimeSara97,sarayadav0069@estcgp.gg,India,4123,VP0069,Silver,G03,Dota2,L022,Dota2 Spring 2026,T014,Phoenix Hyderabad,PXH14,M021,Frankfurt,E0204,4,PO0119,24859.40,TX0119,UPI,Pending,PF0140,3.56,3,71.02,,
P0070,Aman,Singh,RogueAman29,amansingh0070@estcgp.gg,India,4461,VP0070,Silver,G03,Dota2,L022,Dota2 Spring 2026,T014,Phoenix Hyderabad,PXH14,M021,Frankfurt,E0205,5,PO0120,1664.45,TX0120,Wallet,Paid,PF0141,0.64,0,100.00,V0032,Aimbot
P0306,Sam,Yadav,NovaSam58,samyadav0306@estcgp.gg,India,810,VP0306,Platinum,G03,Dota2,L022,Dota2 Spring 2026,T062,Knights Delhi,KND62,M021,Frankfurt,E0206,1,PO0121,3449.42,TX0121,Crypto,SUCCESS,PF0142,2.66,419,40.54,,
P0307,Alex,Bansal,ShadowAlex41,alexbansal0307@estcgp.gg,India,3074,VP0307,Silver,G03,Dota2,L022,Dota2 Spring 2026,T062,Knights Delhi,KND62,M021,Frankfurt,E0207,2,PO0122,50542.41,TX0122,UPI,Paid,PF0143,6.50,1,13.45,,
P0308,Alex,Johnson,OmegaAlex96,alexjohnson0308@estcgp.gg,USA,3765,VP0308,Silver,G03,Dota2,L022,Dota2 Spring 2026,T062,Knights Delhi,KND62,M021,Frankfurt,E0208,3,PO0123,29532.99,TX0123,Crypto,Paid,PF0144,0.00,390,2.33,V0033,TriggerBot
P0309,John,Patel,PixelJohn2,johnpatel0309@estcgp.gg,India,1397,VP0309,Silver,G03,Dota2,L022,Dota2 Spring 2026,T062,Knights Delhi,KND62,M021,Frankfurt,E0209,4,PO0124,16712.80,TX0124,UPI,Paid,PF0145,3.15,399,5.41,,
P0310,Sam,Yadav,ShadowSam99,samyadav0310@estcgp.gg,India,1849,VP0310,Gold,G03,Dota2,L022,Dota2 Spring 2026,T062,Knights Delhi,KND62,M021,Frankfurt,E0210,5,PO0125,15578.44,TX0125,UPI,Paid,PF0146,3.26,488,22.84,,
P0306,Sam,Yadav,NovaSam58,samyadav0306@estcgp.gg,India,810,VP0306,Platinum,G03,Dota2,L023,Dota2 Summer 2026,T062,Knights Delhi,KND62,M022,Singapore,E0211,1,PO0126,47834.30,TX0126,UPI,Paid,PF0147,6.68,184,7.14,,
P0307,Alex,Bansal,ShadowAlex41,alexbansal0307@estcgp.gg,India,3074,VP0307,Silver,G03,Dota2,L023,Dota2 Summer 2026,T062,Knights Delhi,KND62,M022,Singapore,E0212,2,PO0127,2354.31,TX0127,Crypto,Paid,PF0148,3.11,81,87.33,V0034,Aimbot
P0308,Alex,Johnson,OmegaAlex96,alexjohnson0308@estcgp.gg,USA,3765,VP0308,Silver,G03,Dota2,L023,Dota2 Summer 2026,T062,Knights Delhi,KND62,M022,Singapore,E0213,3,PO0128,38774.24,TX0128,Bank,SUCCESS,PF0149,0.00,324,86.89,,
P0309,John,Patel,PixelJohn2,johnpatel0309@estcgp.gg,India,1397,VP0309,Silver,G03,Dota2,L023,Dota2 Summer 2026,T062,Knights Delhi,KND62,M022,Singapore,E0214,4,PO0129,12862.42,TX0129,Wallet,SUCCESS,PF0150,8.52,492,73.54,,
P0310,Sam,Yadav,ShadowSam99,samyadav0310@estcgp.gg,India,1849,VP0310,Gold,G03,Dota2,L023,Dota2 Summer 2026,T062,Knights Delhi,KND62,M022,Singapore,E0215,5,PO0130,21088.21,TX0130,Wallet,Pending,PF0151,5.71,371,100.00,,
P0221,Riya,Yadav,IronRiya63,riyayadav0221@estcgp.gg,India,3340,VP0221,Platinum,G03,Dota2,L023,Dota2 Summer 2026,T045,Storm Bengaluru,STB45,M022,Singapore,E0216,1,PO0131,34340.52,TX0131,Crypto,Paid,PF0152,0.17,432,100.00,,
P0222,John,Jackson,ShadowJohn32,johnjackson0222@estcgp.gg,India,4029,VP0222,Gold,G03,Dota2,L023,Dota2 Summer 2026,T045,Storm Bengaluru,STB45,M022,Singapore,E0217,2,PO0132,10717.37,TX0132,Crypto,Paid,PF0153,0.00,462,99.06,,
P0223,Sara,Singh,PhoenixSara39,sarasingh0223@estcgp.gg,India,9,VP0223,Bronze,G03,Dota2,L023,Dota2 Summer 2026,T045,Storm Bengaluru,STB45,M022,Singapore,E0218,3,PO0133,23792.50,TX0133,Wallet,Failed,PF0154,7.23,212,100.00,,
P0224,Sara,Khan,NitroSara59,sarakhan0224@estcgp.gg,India,387,VP0224,Bronze,G03,Dota2,L023,Dota2 Summer 2026,T045,Storm Bengaluru,STB45,M022,Singapore,E0219,4,PO0134,15750.27,TX0134,UPI,Paid,PF0155,2.78,39,100.00,V0035,TriggerBot
P0225,Riya,Patel,IronRiya30,riyapatel0225@estcgp.gg,India,2588,VP0225,Bronze,G03,Dota2,L023,Dota2 Summer 2026,T045,Storm Bengaluru,STB45,M022,Singapore,E0220,5,PO0135,21139.91,TX0135,UPI,Paid,PF0156,0.26,45,100.00,,
P0221,Riya,Yadav,IronRiya63,riyayadav0221@estcgp.gg,India,3340,VP0221,Platinum,G03,Dota2,L024,Dota2 World 2026,T045,Storm Bengaluru,STB45,M023,Tokyo,E0221,1,,,,,,,,,,,
P0222,John,Jackson,ShadowJohn32,johnjackson0222@estcgp.gg,India,4029,VP0222,Gold,G03,Dota2,L024,Dota2 World 2026,T045,Storm Bengaluru,STB45,M023,Tokyo,E0222,2,,,,,,,,,,,
P0223,Sara,Singh,PhoenixSara39,sarasingh0223@estcgp.gg,India,9,VP0223,Bronze,G03,Dota2,L024,Dota2 World 2026,T045,Storm Bengaluru,STB45,M023,Tokyo,E0223,3,,,,,,,,,,,
P0224,Sara,Khan,NitroSara59,sarakhan0224@estcgp.gg,India,387,VP0224,Bronze,G03,Dota2,L024,Dota2 World 2026,T045,Storm Bengaluru,STB45,M023,Tokyo,E0224,4,,,,,,,,,,,
P0225,Riya,Patel,IronRiya30,riyapatel0225@estcgp.gg,India,2588,VP0225,Bronze,G03,Dota2,L024,Dota2 World 2026,T045,Storm Bengaluru,STB45,M023,Tokyo,E0225,5,,,,,,,,,,,
P0131,Riya,Patel,KnightRiya81,riyapatel0131@estcgp.gg,India,1435,VP0131,Silver,G03,Dota2,L024,Dota2 World 2026,T027,Dragons Tokyo,DGT27,M023,Tokyo,E0226,1,,,,,,,,,,,
P0132,Aman,Singh,ViperAman86,amansingh0132@estcgp.gg,USA,2289,VP0132,Gold,G03,Dota2,L024,Dota2 World 2026,T027,Dragons Tokyo,DGT27,M023,Tokyo,E0227,2,,,,,,,,,,,
P0133,John,Khan,LunaJohn67,johnkhan0133@estcgp.gg,India,4315,VP0133,Gold,G03,Dota2,L024,Dota2 World 2026,T027,Dragons Tokyo,DGT27,M023,Tokyo,E0228,3,,,,,,,,,,,
P0134,Alex,Brown,PulseAlex35,alexbrown0134@estcgp.gg,India,2374,VP0134,Gold,G03,Dota2,L024,Dota2 World 2026,T027,Dragons Tokyo,DGT27,M023,Tokyo,E0229,4,,,,,,,,,,,
P0135,Sara,Singh,GhostSara25,sarasingh0135@estcgp.gg,India,4713,VP0135,Bronze,G03,Dota2,L024,Dota2 World 2026,T027,Dragons Tokyo,DGT27,M023,Tokyo,E0230,5,,,,,,,,,,,
P0131,Riya,Patel,KnightRiya81,riyapatel0131@estcgp.gg,India,1435,VP0131,Silver,G01,Valorant,L001,Valorant Open 2025,T027,Dragons Tokyo,DGT27,M024,London,E0231,1,,,,,,PF0157,0.00,685,61.68,,
P0132,Aman,Singh,ViperAman86,amansingh0132@estcgp.gg,USA,2289,VP0132,Gold,G01,Valorant,L001,Valorant Open 2025,T027,Dragons Tokyo,DGT27,M024,London,E0232,2,,,,,,PF0158,0.00,578,23.31,,
P0133,John,Khan,LunaJohn67,johnkhan0133@estcgp.gg,India,4315,VP0133,Gold,G01,Valorant,L001,Valorant Open 2025,T027,Dragons Tokyo,DGT27,M024,London,E0233,3,,,,,,PF0159,6.03,382,29.92,,
P0134,Alex,Brown,PulseAlex35,alexbrown0134@estcgp.gg,India,2374,VP0134,Gold,G01,Valorant,L001,Valorant Open 2025,T027,Dragons Tokyo,DGT27,M024,London,E0234,4,,,,,,PF0160,6.50,132,100.00,,
P0135,Sara,Singh,GhostSara25,sarasingh0135@estcgp.gg,India,4713,VP0135,Bronze,G01,Valorant,L001,Valorant Open 2025,T027,Dragons Tokyo,DGT27,M024,London,E0235,5,,,,,,PF0161,5.91,343,26.97,,
P0196,Sam,Yadav,NovaSam60,samyadav0196@estcgp.gg,India,4924,VP0196,Bronze,G01,Valorant,L001,Valorant Open 2025,T040,Titans London,TTL40,M024,London,E0236,1,,,,,,PF0162,3.13,95,79.28,V0036,Wallhack
P0197,Aman,Singh,IronAman16,amansingh0197@estcgp.gg,India,3613,VP0197,Gold,G01,Valorant,L001,Valorant Open 2025,T040,Titans London,TTL40,M024,London,E0237,2,,,,,,PF0163,3.36,382,46.87,,
P0198,Sara,Patel,ViperSara68,sarapatel0198@estcgp.gg,USA,4434,VP0198,Gold,G01,Valorant,L001,Valorant Open 2025,T040,Titans London,TTL40,M024,London,E0238,3,,,,,,PF0164,2.76,614,100.00,,
P0199,John,Patel,ApexJohn81,johnpatel0199@estcgp.gg,India,4389,VP0199,Bronze,G01,Valorant,L001,Valorant Open 2025,T040,Titans London,TTL40,M024,London,E0239,4,,,,,,PF0165,2.91,628,87.14,,
P0200,John,Patel,ViperJohn4,johnpatel0200@estcgp.gg,India,4735,VP0200,Gold,G01,Valorant,L001,Valorant Open 2025,T040,Titans London,TTL40,M024,London,E0240,5,,,,,,PF0166,5.56,554,11.62,V0037,Wallhack
P0196,Sam,Yadav,NovaSam60,samyadav0196@estcgp.gg,India,4924,VP0196,Bronze,G01,Valorant,L002,Valorant Spring 2025,T040,Titans London,TTL40,M025,Mumbai,E0241,1,,,,,,,,,,,
P0197,Aman,Singh,IronAman16,amansingh0197@estcgp.gg,India,3613,VP0197,Gold,G01,Valorant,L002,Valorant Spring 2025,T040,Titans London,TTL40,M025,Mumbai,E0242,2,,,,,,,,,,,
P0198,Sara,Patel,ViperSara68,sarapatel0198@estcgp.gg,USA,4434,VP0198,Gold,G01,Valorant,L002,Valorant Spring 2025,T040,Titans London,TTL40,M025,Mumbai,E0243,3,,,,,,,,,,,
P0199,John,Patel,ApexJohn81,johnpatel0199@estcgp.gg,India,4389,VP0199,Bronze,G01,Valorant,L002,Valorant Spring 2025,T040,Titans London,TTL40,M025,Mumbai,E0244,4,,,,,,,,,,,
P0200,John,Patel,ViperJohn4,johnpatel0200@estcgp.gg,India,4735,VP0200,Gold,G01,Valorant,L002,Valorant Spring 2025,T040,Titans London,TTL40,M025,Mumbai,E0245,5,,,,,,,,,,,
P0536,Sara,Singh,NexusSara55,sarasingh0536@estcgp.gg,India,2550,VP0536,Bronze,G01,Valorant,L002,Valorant Spring 2025,T108,Nexus Singapore,NXS108,M025,Mumbai,E0246,1,,,,,,,,,,,
P0537,John,Patel,PixelJohn44,johnpatel0537@estcgp.gg,India,3238,VP0537,Gold,G01,Valorant,L002,Valorant Spring 2025,T108,Nexus Singapore,NXS108,M025,Mumbai,E0247,2,,,,,,,,,,,
P0538,Aman,Khan,FrostAman68,amankhan0538@estcgp.gg,USA,2605,VP0538,Silver,G01,Valorant,L002,Valorant Spring 2025,T108,Nexus Singapore,NXS108,M025,Mumbai,E0248,3,,,,,,,,,,,
P0539,Alex,Rao,PulseAlex64,alexrao0539@estcgp.gg,USA,3498,VP0539,Silver,G01,Valorant,L002,Valorant Spring 2025,T108,Nexus Singapore,NXS108,M025,Mumbai,E0249,4,,,,,,,,,,,
P0540,Aman,Singh,DragonAman95,amansingh0540@estcgp.gg,India,4300,VP0540,Silver,G01,Valorant,L002,Valorant Spring 2025,T108,Nexus Singapore,NXS108,M025,Mumbai,E0250,5,,,,,,,,,,,
P0536,Sara,Singh,NexusSara55,sarasingh0536@estcgp.gg,India,2550,VP0536,Bronze,G01,Valorant,L003,Valorant Summer 2025,T108,Nexus Singapore,NXS108,M026,Frankfurt,E0251,1,,,,,,,,,,,
P0537,John,Patel,PixelJohn44,johnpatel0537@estcgp.gg,India,3238,VP0537,Gold,G01,Valorant,L003,Valorant Summer 2025,T108,Nexus Singapore,NXS108,M026,Frankfurt,E0252,2,,,,,,,,,,,
P0538,Aman,Khan,FrostAman68,amankhan0538@estcgp.gg,USA,2605,VP0538,Silver,G01,Valorant,L003,Valorant Summer 2025,T108,Nexus Singapore,NXS108,M026,Frankfurt,E0253,3,,,,,,,,,,,
P0539,Alex,Rao,PulseAlex64,alexrao0539@estcgp.gg,USA,3498,VP0539,Silver,G01,Valorant,L003,Valorant Summer 2025,T108,Nexus Singapore,NXS108,M026,Frankfurt,E0254,4,,,,,,,,,,,
P0540,Aman,Singh,DragonAman95,amansingh0540@estcgp.gg,India,4300,VP0540,Silver,G01,Valorant,L003,Valorant Summer 2025,T108,Nexus Singapore,NXS108,M026,Frankfurt,E0255,5,,,,,,,,,,,
P0136,John,Khan,FrostJohn48,johnkhan0136@estcgp.gg,USA,0,VP0136,Platinum,G01,Valorant,L003,Valorant Summer 2025,T028,Dragons Singapore,DGS28,M026,Frankfurt,E0256,1,,,,,,,,,,,
P0137,Sara,Yadav,PulseSara99,sarayadav0137@estcgp.gg,India,1012,VP0137,Gold,G01,Valorant,L003,Valorant Summer 2025,T028,Dragons Singapore,DGS28,M026,Frankfurt,E0257,2,,,,,,,,,,,
P0138,John,Patel,NexusJohn12,johnpatel0138@estcgp.gg,India,487,VP0138,Gold,G01,Valorant,L003,Valorant Summer 2025,T028,Dragons Singapore,DGS28,M026,Frankfurt,E0258,3,,,,,,,,,,,
P0139,Sam,Singh,PulseSam34,samsingh0139@estcgp.gg,USA,4890,VP0139,Gold,G01,Valorant,L003,Valorant Summer 2025,T028,Dragons Singapore,DGS28,M026,Frankfurt,E0259,4,,,,,,,,,,,
P0140,Sam,Patel,ApexSam23,sampatel0140@estcgp.gg,USA,2052,VP0140,Gold,G01,Valorant,L003,Valorant Summer 2025,T028,Dragons Singapore,DGS28,M026,Frankfurt,E0260,5,,,,,,,,,,,
P0136,John,Khan,FrostJohn48,johnkhan0136@estcgp.gg,USA,0,VP0136,Platinum,G01,Valorant,L004,Valorant World 2025,T028,Dragons Singapore,DGS28,M027,Singapore,E0261,1,PO0136,21024.41,TX0136,Bank,Paid,PF0167,4.89,20,13.18,,
P0137,Sara,Yadav,PulseSara99,sarayadav0137@estcgp.gg,India,1012,VP0137,Gold,G01,Valorant,L004,Valorant World 2025,T028,Dragons Singapore,DGS28,M027,Singapore,E0262,2,PO0137,32301.81,TX0137,UPI,Paid,PF0168,3.31,422,100.00,,
P0138,John,Patel,NexusJohn12,johnpatel0138@estcgp.gg,India,487,VP0138,Gold,G01,Valorant,L004,Valorant World 2025,T028,Dragons Singapore,DGS28,M027,Singapore,E0263,3,PO0138,20818.92,TX0138,PayPal,Paid,PF0169,6.53,82,23.27,V0038,SpeedHack
P0139,Sam,Singh,PulseSam34,samsingh0139@estcgp.gg,USA,4890,VP0139,Gold,G01,Valorant,L004,Valorant World 2025,T028,Dragons Singapore,DGS28,M027,Singapore,E0264,4,PO0139,15516.18,TX0139,UPI,Paid,PF0170,1.92,113,7.54,,
P0140,Sam,Patel,ApexSam23,sampatel0140@estcgp.gg,USA,2052,VP0140,Gold,G01,Valorant,L004,Valorant World 2025,T028,Dragons Singapore,DGS28,M027,Singapore,E0265,5,PO0140,360.23,TX0140,Crypto,Paid,PF0171,7.48,161,23.30,,
P0321,Sara,Patel,ApexSara35,sarapatel0321@estcgp.gg,USA,1490,VP0321,Bronze,G01,Valorant,L004,Valorant World 2025,T065,Knights Bengaluru,KNB65,M027,Singapore,E0266,1,PO0141,50443.43,TX0141,Wallet,Failed,PF0172,5.67,136,25.34,,
P0322,Riya,Khan,VortexRiya17,riyakhan0322@estcgp.gg,India,1825,VP0322,Gold,G01,Valorant,L004,Valorant World 2025,T065,Knights Bengaluru,KNB65,M027,Singapore,E0267,2,PO0142,35480.16,TX0142,Wallet,Paid,PF0173,5.97,625,46.45,,
P0323,Aman,Mehta,ViperAman27,amanmehta0323@estcgp.gg,India,4138,VP0323,Platinum,G01,Valorant,L004,Valorant World 2025,T065,Knights Bengaluru,KNB65,M027,Singapore,E0268,3,PO0143,22080.84,TX0143,UPI,Paid,PF0174,7.81,0,76.12,,
P0324,Aman,Patel,ApexAman25,amanpatel0324@estcgp.gg,India,3546,VP0324,Silver,G01,Valorant,L004,Valorant World 2025,T065,Knights Bengaluru,KNB65,M027,Singapore,E0269,4,PO0144,44262.81,TX0144,Crypto,Paid,PF0175,3.39,540,70.69,,
P0325,John,Yadav,OmegaJohn90,johnyadav0325@estcgp.gg,India,421,VP0325,Gold,G01,Valorant,L004,Valorant World 2025,T065,Knights Bengaluru,KNB65,M027,Singapore,E0270,5,PO0145,21955.52,TX0145,Wallet,Paid,PF0176,0.00,538,100.00,V0039,Wallhack
P0321,Sara,Patel,ApexSara35,sarapatel0321@estcgp.gg,USA,1490,VP0321,Bronze,G02,CS2,L005,CS2 Open 2025,T065,Knights Bengaluru,KNB65,M028,Tokyo,E0271,1,PO0146,19588.55,TX0146,Bank,Pending,PF0177,3.87,42,46.76,V0040,TriggerBot
P0322,Riya,Khan,VortexRiya17,riyakhan0322@estcgp.gg,India,1825,VP0322,Gold,G02,CS2,L005,CS2 Open 2025,T065,Knights Bengaluru,KNB65,M028,Tokyo,E0272,2,PO0147,44827.08,TX0147,Wallet,Paid,PF0178,0.00,79,79.62,,
P0323,Aman,Mehta,ViperAman27,amanmehta0323@estcgp.gg,India,4138,VP0323,Platinum,G02,CS2,L005,CS2 Open 2025,T065,Knights Bengaluru,KNB65,M028,Tokyo,E0273,3,PO0148,38589.80,TX0148,Wallet,Paid,PF0179,2.16,67,21.08,,
P0324,Aman,Patel,ApexAman25,amanpatel0324@estcgp.gg,India,3546,VP0324,Silver,G02,CS2,L005,CS2 Open 2025,T065,Knights Bengaluru,KNB65,M028,Tokyo,E0274,4,PO0149,34177.56,TX0149,Bank,Paid,PF0180,8.77,247,100.00,,
P0325,John,Yadav,OmegaJohn90,johnyadav0325@estcgp.gg,India,421,VP0325,Gold,G02,CS2,L005,CS2 Open 2025,T065,Knights Bengaluru,KNB65,M028,Tokyo,E0275,5,PO0150,31084.84,TX0150,Wallet,SUCCESS,PF0181,4.56,30,74.79,,
P0376,Sam,Yadav,LunaSam39,samyadav0376@estcgp.gg,USA,3,VP0376,Silver,G02,CS2,L005,CS2 Open 2025,T076,Raiders Chennai,RDC76,M028,Tokyo,E0276,1,PO0151,28088.36,TX0151,UPI,Pending,PF0182,8.06,74,19.14,,
P0377,Riya,Singh,VortexRiya95,riyasingh0377@estcgp.gg,USA,4624,VP0377,Diamond,G02,CS2,L005,CS2 Open 2025,T076,Raiders Chennai,RDC76,M028,Tokyo,E0277,2,PO0152,13840.89,TX0152,Wallet,Paid,PF0183,2.47,321,100.00,V0041,TriggerBot
P0378,Alex,Khan,ApexAlex58,alexkhan0378@estcgp.gg,India,2199,VP0378,Silver,G02,CS2,L005,CS2 Open 2025,T076,Raiders Chennai,RDC76,M028,Tokyo,E0278,3,PO0153,22995.42,TX0153,Crypto,Paid,PF0184,6.83,8,16.07,,
P0379,John,Singh,KnightJohn20,johnsingh0379@estcgp.gg,India,2335,VP0379,Gold,G02,CS2,L005,CS2 Open 2025,T076,Raiders Chennai,RDC76,M028,Tokyo,E0279,4,PO0154,10078.67,TX0154,Bank,Paid,PF0185,0.12,229,29.26,,
P0380,Riya,Patel,IronRiya99,riyapatel0380@estcgp.gg,India,4910,VP0380,Gold,G02,CS2,L005,CS2 Open 2025,T076,Raiders Chennai,RDC76,M028,Tokyo,E0280,5,PO0155,14315.85,TX0155,Wallet,Paid,PF0186,5.42,500,59.65,,
P0376,Sam,Yadav,LunaSam39,samyadav0376@estcgp.gg,USA,3,VP0376,Silver,G02,CS2,L006,CS2 Spring 2025,T076,Raiders Chennai,RDC76,M029,London,E0281,1,PO0156,9976.81,TX0156,Bank,Paid,PF0187,8.29,399,1.09,,
P0377,Riya,Singh,VortexRiya95,riyasingh0377@estcgp.gg,USA,4624,VP0377,Diamond,G02,CS2,L006,CS2 Spring 2025,T076,Raiders Chennai,RDC76,M029,London,E0282,2,PO0157,29817.71,TX0157,Bank,SUCCESS,PF0188,1.63,579,38.33,V0042,Aimbot
P0378,Alex,Khan,ApexAlex58,alexkhan0378@estcgp.gg,India,2199,VP0378,Silver,G02,CS2,L006,CS2 Spring 2025,T076,Raiders Chennai,RDC76,M029,London,E0283,3,PO0158,12824.53,TX0158,Crypto,Paid,PF0189,4.77,301,37.34,,
P0379,John,Singh,KnightJohn20,johnsingh0379@estcgp.gg,India,2335,VP0379,Gold,G02,CS2,L006,CS2 Spring 2025,T076,Raiders Chennai,RDC76,M029,London,E0284,4,PO0159,14034.05,TX0159,Crypto,Paid,PF0190,2.92,144,88.62,V0043,Aimbot
P0380,Riya,Patel,IronRiya99,riyapatel0380@estcgp.gg,India,4910,VP0380,Gold,G02,CS2,L006,CS2 Spring 2025,T076,Raiders Chennai,RDC76,M029,London,E0285,5,PO0160,21354.48,TX0160,Wallet,SUCCESS,PF0191,0.00,591,1.54,,
P0546,John,Patel,TitanJohn57,johnpatel0546@estcgp.gg,India,2675,VP0546,Gold,G02,CS2,L006,CS2 Spring 2025,T110,Nexus London,NXL110,M029,London,E0286,1,PO0161,24296.10,TX0161,PayPal,Paid,PF0192,8.13,653,43.35,,
P0547,Sara,Singh,SilentSara79,sarasingh0547@estcgp.gg,India,1406,VP0547,Bronze,G02,CS2,L006,CS2 Spring 2025,T110,Nexus London,NXL110,M029,London,E0287,2,PO0162,44362.67,TX0162,UPI,Paid,PF0193,4.52,562,100.00,,
P0548,Riya,Khan,VortexRiya60,riyakhan0548@estcgp.gg,India,3691,VP0548,Silver,G02,CS2,L006,CS2 Spring 2025,T110,Nexus London,NXL110,M029,London,E0288,3,PO0163,24966.49,TX0163,Crypto,Paid,PF0194,2.98,285,76.54,,
P0549,Alex,Yadav,NitroAlex48,alexyadav0549@estcgp.gg,India,2409,VP0549,Gold,G02,CS2,L006,CS2 Spring 2025,T110,Nexus London,NXL110,M029,London,E0289,4,,,,,,PF0195,8.93,155,54.04,,
P0550,Sara,Singh,RapidSara58,sarasingh0550@estcgp.gg,India,808,VP0550,Silver,G02,CS2,L006,CS2 Spring 2025,T110,Nexus London,NXL110,M029,London,E0290,5,,,,,,PF0196,6.46,314,90.78,,
P0546,John,Patel,TitanJohn57,johnpatel0546@estcgp.gg,India,2675,VP0546,Gold,G02,CS2,L007,CS2 Summer 2025,T110,Nexus London,NXL110,M030,Mumbai,E0291,1,PO0164,12826.58,TX0164,UPI,SUCCESS,PF0197,8.43,122,5.95,V0044,Wallhack
P0547,Sara,Singh,SilentSara79,sarasingh0547@estcgp.gg,India,1406,VP0547,Bronze,G02,CS2,L007,CS2 Summer 2025,T110,Nexus London,NXL110,M030,Mumbai,E0292,2,PO0165,27028.13,TX0165,Crypto,Pending,PF0198,2.10,270,88.87,,
P0548,Riya,Khan,VortexRiya60,riyakhan0548@estcgp.gg,India,3691,VP0548,Silver,G02,CS2,L007,CS2 Summer 2025,T110,Nexus London,NXL110,M030,Mumbai,E0293,3,PO0166,14600.70,TX0166,UPI,Paid,PF0199,1.90,336,80.80,V0045,Aimbot
P0549,Alex,Yadav,NitroAlex48,alexyadav0549@estcgp.gg,India,2409,VP0549,Gold,G02,CS2,L007,CS2 Summer 2025,T110,Nexus London,NXL110,M030,Mumbai,E0294,4,PO0167,42555.09,TX0167,Bank,Paid,PF0200,0.77,28,78.75,,
P0550,Sara,Singh,RapidSara58,sarasingh0550@estcgp.gg,India,808,VP0550,Silver,G02,CS2,L007,CS2 Summer 2025,T110,Nexus London,NXL110,M030,Mumbai,E0295,5,PO0168,25583.27,TX0168,Bank,Paid,PF0201,0.08,124,14.14,,
P0436,Sam,Yadav,CyberSam50,samyadav0436@estcgp.gg,India,2252,VP0436,Gold,G02,CS2,L007,CS2 Summer 2025,T088,Apex Singapore,AXS88,M030,Mumbai,E0296,1,PO0169,28018.45,TX0169,UPI,Paid,PF0202,7.53,0,25.33,,
P0437,John,Patel,OmegaJohn70,johnpatel0437@estcgp.gg,India,2541,VP0437,Bronze,G02,CS2,L007,CS2 Summer 2025,T088,Apex Singapore,AXS88,M030,Mumbai,E0297,2,PO0170,23502.25,TX0170,Bank,Paid,PF0203,0.84,77,88.55,,
P0438,Aman,Singh,DragonAman87,amansingh0438@estcgp.gg,India,272,VP0438,Silver,G02,CS2,L007,CS2 Summer 2025,T088,Apex Singapore,AXS88,M030,Mumbai,E0298,3,PO0171,7729.74,TX0171,UPI,Paid,PF0204,7.88,36,46.46,V0046,Aimbot
P0439,Aman,Singh,CyberAman61,amansingh0439@estcgp.gg,India,2984,VP0439,Bronze,G02,CS2,L007,CS2 Summer 2025,T088,Apex Singapore,AXS88,M030,Mumbai,E0299,4,PO0172,25217.09,TX0172,Bank,Paid,PF0205,2.92,525,92.30,,
P0440,Riya,Yadav,DragonRiya59,riyayadav0440@estcgp.gg,India,3621,VP0440,Gold,G02,CS2,L007,CS2 Summer 2025,T088,Apex Singapore,AXS88,M030,Mumbai,E0300,5,PO0173,4379.86,TX0173,Wallet,Paid,PF0206,0.00,296,34.36,,
P0436,Sam,Yadav,CyberSam50,samyadav0436@estcgp.gg,India,2252,VP0436,Gold,G02,CS2,L008,CS2 World 2025,T088,Apex Singapore,AXS88,M031,Frankfurt,E0301,1,PO0174,33613.95,TX0174,UPI,Paid,PF0207,0.00,188,2.18,,
P0437,John,Patel,OmegaJohn70,johnpatel0437@estcgp.gg,India,2541,VP0437,Bronze,G02,CS2,L008,CS2 World 2025,T088,Apex Singapore,AXS88,M031,Frankfurt,E0302,2,PO0175,17277.12,TX0175,Wallet,Paid,PF0208,3.94,512,73.76,,
P0438,Aman,Singh,DragonAman87,amansingh0438@estcgp.gg,India,272,VP0438,Silver,G02,CS2,L008,CS2 World 2025,T088,Apex Singapore,AXS88,M031,Frankfurt,E0303,3,PO0176,22523.47,TX0176,Wallet,Paid,PF0209,2.81,0,42.22,,
P0439,Aman,Singh,CyberAman61,amansingh0439@estcgp.gg,India,2984,VP0439,Bronze,G02,CS2,L008,CS2 World 2025,T088,Apex Singapore,AXS88,M031,Frankfurt,E0304,4,,,,,,PF0210,3.71,471,100.00,V0047,Aimbot
P0440,Riya,Yadav,DragonRiya59,riyayadav0440@estcgp.gg,India,3621,VP0440,Gold,G02,CS2,L008,CS2 World 2025,T088,Apex Singapore,AXS88,M031,Frankfurt,E0305,5,PO0177,1643.71,TX0177,UPI,Paid,PF0211,3.53,520,100.00,V0048,Aimbot
P0156,Alex,Singh,QuantumAlex40,alexsingh0156@estcgp.gg,India,3594,VP0156,Gold,G02,CS2,L008,CS2 World 2025,T032,Titans Delhi,TTD32,M031,Frankfurt,E0306,1,PO0178,41774.72,TX0178,UPI,SUCCESS,PF0212,0.34,675,80.18,,
P0157,Aman,Singh,RapidAman7,amansingh0157@estcgp.gg,India,4879,VP0157,Gold,G02,CS2,L008,CS2 World 2025,T032,Titans Delhi,TTD32,M031,Frankfurt,E0307,2,PO0179,44121.64,TX0179,Wallet,Paid,PF0213,5.02,334,100.00,,
P0158,Sara,Singh,StormSara10,sarasingh0158@estcgp.gg,India,4430,VP0158,Gold,G02,CS2,L008,CS2 World 2025,T032,Titans Delhi,TTD32,M031,Frankfurt,E0308,3,PO0180,17656.97,TX0180,Bank,Paid,PF0214,6.94,673,60.11,,
P0159,Riya,Yadav,HyperRiya63,riyayadav0159@estcgp.gg,USA,2293,VP0159,Silver,G02,CS2,L008,CS2 World 2025,T032,Titans Delhi,TTD32,M031,Frankfurt,E0309,4,PO0181,22382.21,TX0181,Crypto,Paid,PF0215,6.21,161,2.12,,
P0160,Sara,Khan,VortexSara24,sarakhan0160@estcgp.gg,USA,822,VP0160,Silver,G02,CS2,L008,CS2 World 2025,T032,Titans Delhi,TTD32,M031,Frankfurt,E0310,5,PO0182,6237.30,TX0182,UPI,Paid,PF0216,0.00,236,100.00,,
P0156,Alex,Singh,QuantumAlex40,alexsingh0156@estcgp.gg,India,3594,VP0156,Gold,G03,Dota2,L009,Dota2 Open 2025,T032,Titans Delhi,TTD32,M032,Singapore,E0311,1,,,,,,,,,,,
P0157,Aman,Singh,RapidAman7,amansingh0157@estcgp.gg,India,4879,VP0157,Gold,G03,Dota2,L009,Dota2 Open 2025,T032,Titans Delhi,TTD32,M032,Singapore,E0312,2,,,,,,,,,,,
P0158,Sara,Singh,StormSara10,sarasingh0158@estcgp.gg,India,4430,VP0158,Gold,G03,Dota2,L009,Dota2 Open 2025,T032,Titans Delhi,TTD32,M032,Singapore,E0313,3,,,,,,,,,,,
P0159,Riya,Yadav,HyperRiya63,riyayadav0159@estcgp.gg,USA,2293,VP0159,Silver,G03,Dota2,L009,Dota2 Open 2025,T032,Titans Delhi,TTD32,M032,Singapore,E0314,4,,,,,,,,,,,
P0160,Sara,Khan,VortexSara24,sarakhan0160@estcgp.gg,USA,822,VP0160,Silver,G03,Dota2,L009,Dota2 Open 2025,T032,Titans Delhi,TTD32,M032,Singapore,E0315,5,,,,,,,,,,,
P0301,Aman,Khan,NexusAman48,amankhan0301@estcgp.gg,India,1404,VP0301,Bronze,G03,Dota2,L009,Dota2 Open 2025,T061,Knights Mumbai,KNM61,M032,Singapore,E0316,1,,,,,,,,,,,
P0302,Riya,Singh,NeonRiya85,riyasingh0302@estcgp.gg,India,2850,VP0302,Silver,G03,Dota2,L009,Dota2 Open 2025,T061,Knights Mumbai,KNM61,M032,Singapore,E0317,2,,,,,,,,,,,
P0303,Alex,Khan,KnightAlex56,alexkhan0303@estcgp.gg,India,2742,VP0303,Silver,G03,Dota2,L009,Dota2 Open 2025,T061,Knights Mumbai,KNM61,M032,Singapore,E0318,3,,,,,,,,,,,
P0304,Aman,Patel,GhostAman56,amanpatel0304@estcgp.gg,USA,2510,VP0304,Gold,G03,Dota2,L009,Dota2 Open 2025,T061,Knights Mumbai,KNM61,M032,Singapore,E0319,4,,,,,,,,,,,
P0305,Sam,Patel,LunaSam18,sampatel0305@estcgp.gg,India,12,VP0305,Silver,G03,Dota2,L009,Dota2 Open 2025,T061,Knights Mumbai,KNM61,M032,Singapore,E0320,5,,,,,,,,,,,
P0301,Aman,Khan,NexusAman48,amankhan0301@estcgp.gg,India,1404,VP0301,Bronze,G03,Dota2,L010,Dota2 Spring 2025,T061,Knights Mumbai,KNM61,M033,Tokyo,E0321,1,,,,,,PF0217,4.87,639,84.89,,
P0302,Riya,Singh,NeonRiya85,riyasingh0302@estcgp.gg,India,2850,VP0302,Silver,G03,Dota2,L010,Dota2 Spring 2025,T061,Knights Mumbai,KNM61,M033,Tokyo,E0322,2,,,,,,PF0218,0.02,168,88.38,V0049,Wallhack
P0303,Alex,Khan,KnightAlex56,alexkhan0303@estcgp.gg,India,2742,VP0303,Silver,G03,Dota2,L010,Dota2 Spring 2025,T061,Knights Mumbai,KNM61,M033,Tokyo,E0323,3,,,,,,PF0219,2.70,485,69.10,,
P0304,Aman,Patel,GhostAman56,amanpatel0304@estcgp.gg,USA,2510,VP0304,Gold,G03,Dota2,L010,Dota2 Spring 2025,T061,Knights Mumbai,KNM61,M033,Tokyo,E0324,4,,,,,,PF0220,6.11,450,9.43,,
P0305,Sam,Patel,LunaSam18,sampatel0305@estcgp.gg,India,12,VP0305,Silver,G03,Dota2,L010,Dota2 Spring 2025,T061,Knights Mumbai,KNM61,M033,Tokyo,E0325,5,,,,,,PF0221,7.42,518,100.00,V0050,Wallhack
P0391,Aman,Taylor,NitroAman43,amantaylor0391@estcgp.gg,India,911,VP0391,Platinum,G03,Dota2,L010,Dota2 Spring 2025,T079,Raiders Frankfurt,RDF79,M033,Tokyo,E0326,1,,,,,,PF0222,4.43,590,28.57,,
P0392,Sara,Patel,CrimsonSara64,sarapatel0392@estcgp.gg,India,1271,VP0392,Silver,G03,Dota2,L010,Dota2 Spring 2025,T079,Raiders Frankfurt,RDF79,M033,Tokyo,E0327,2,,,,,,PF0223,1.62,121,9.43,,
P0393,Sam,Singh,NitroSam46,samsingh0393@estcgp.gg,India,2714,VP0393,Gold,G03,Dota2,L010,Dota2 Spring 2025,T079,Raiders Frankfurt,RDF79,M033,Tokyo,E0328,3,,,,,,PF0224,4.80,17,74.66,,
P0394,Sam,Davis,VortexSam35,samdavis0394@estcgp.gg,India,2528,VP0394,Bronze,G03,Dota2,L010,Dota2 Spring 2025,T079,Raiders Frankfurt,RDF79,M033,Tokyo,E0329,4,,,,,,PF0225,1.60,554,25.25,V0051,TriggerBot
P0395,Riya,Patel,LunaRiya42,riyapatel0395@estcgp.gg,India,3714,VP0395,Gold,G03,Dota2,L010,Dota2 Spring 2025,T079,Raiders Frankfurt,RDF79,M033,Tokyo,E0330,5,,,,,,,,,,,
P0391,Aman,Taylor,NitroAman43,amantaylor0391@estcgp.gg,India,911,VP0391,Platinum,G03,Dota2,L011,Dota2 Summer 2025,T079,Raiders Frankfurt,RDF79,M034,London,E0331,1,,,,,,,,,,,
P0392,Sara,Patel,CrimsonSara64,sarapatel0392@estcgp.gg,India,1271,VP0392,Silver,G03,Dota2,L011,Dota2 Summer 2025,T079,Raiders Frankfurt,RDF79,M034,London,E0332,2,,,,,,,,,,,
P0393,Sam,Singh,NitroSam46,samsingh0393@estcgp.gg,India,2714,VP0393,Gold,G03,Dota2,L011,Dota2 Summer 2025,T079,Raiders Frankfurt,RDF79,M034,London,E0333,3,,,,,,,,,,,
P0394,Sam,Davis,VortexSam35,samdavis0394@estcgp.gg,India,2528,VP0394,Bronze,G03,Dota2,L011,Dota2 Summer 2025,T079,Raiders Frankfurt,RDF79,M034,London,E0334,4,,,,,,,,,,,
P0395,Riya,Patel,LunaRiya42,riyapatel0395@estcgp.gg,India,3714,VP0395,Gold,G03,Dota2,L011,Dota2 Summer 2025,T079,Raiders Frankfurt,RDF79,M034,London,E0335,5,,,,,,,,,,,
P0121,John,Khan,PixelJohn56,johnkhan0121@estcgp.gg,India,4476,VP0121,Gold,G03,Dota2,L011,Dota2 Summer 2025,T025,Dragons Bengaluru,DGB25,M034,London,E0336,1,,,,,,,,,,,
P0122,Sara,Khan,ApexSara27,sarakhan0122@estcgp.gg,India,2372,VP0122,Gold,G03,Dota2,L011,Dota2 Summer 2025,T025,Dragons Bengaluru,DGB25,M034,London,E0337,2,,,,,,,,,,,
P0123,Sara,Taylor,LunaSara12,sarataylor0123@estcgp.gg,India,267,VP0123,Bronze,G03,Dota2,L011,Dota2 Summer 2025,T025,Dragons Bengaluru,DGB25,M034,London,E0338,3,,,,,,,,,,,
P0124,Sara,Martin,IronSara66,saramartin0124@estcgp.gg,USA,1871,VP0124,Silver,G03,Dota2,L011,Dota2 Summer 2025,T025,Dragons Bengaluru,DGB25,M034,London,E0339,4,,,,,,,,,,,
P0125,Riya,Yadav,HyperRiya89,riyayadav0125@estcgp.gg,India,2388,VP0125,Bronze,G03,Dota2,L011,Dota2 Summer 2025,T025,Dragons Bengaluru,DGB25,M034,London,E0340,5,,,,,,,,,,,
P0121,John,Khan,PixelJohn56,johnkhan0121@estcgp.gg,India,4476,VP0121,Gold,G03,Dota2,L012,Dota2 World 2025,T025,Dragons Bengaluru,DGB25,M035,Mumbai,E0341,1,,,,,,,,,,,
P0122,Sara,Khan,ApexSara27,sarakhan0122@estcgp.gg,India,2372,VP0122,Gold,G03,Dota2,L012,Dota2 World 2025,T025,Dragons Bengaluru,DGB25,M035,Mumbai,E0342,2,,,,,,,,,,,
P0123,Sara,Taylor,LunaSara12,sarataylor0123@estcgp.gg,India,267,VP0123,Bronze,G03,Dota2,L012,Dota2 World 2025,T025,Dragons Bengaluru,DGB25,M035,Mumbai,E0343,3,,,,,,,,,,,
P0124,Sara,Martin,IronSara66,saramartin0124@estcgp.gg,USA,1871,VP0124,Silver,G03,Dota2,L012,Dota2 World 2025,T025,Dragons Bengaluru,DGB25,M035,Mumbai,E0344,4,,,,,,,,,,,
P0125,Riya,Yadav,HyperRiya89,riyayadav0125@estcgp.gg,India,2388,VP0125,Bronze,G03,Dota2,L012,Dota2 World 2025,T025,Dragons Bengaluru,DGB25,M035,Mumbai,E0345,5,,,,,,,,,,,
P0581,Aman,Khan,GhostAman3,amankhan0581@estcgp.gg,India,3353,VP0581,Bronze,G03,Dota2,L012,Dota2 World 2025,T117,Pulse Tokyo,PLT117,M035,Mumbai,E0346,1,,,,,,,,,,,
P0582,Riya,Yadav,NeonRiya25,riyayadav0582@estcgp.gg,India,2020,VP0582,Gold,G03,Dota2,L012,Dota2 World 2025,T117,Pulse Tokyo,PLT117,M035,Mumbai,E0347,2,,,,,,,,,,,
P0583,Alex,Patel,PhoenixAlex18,alexpatel0583@estcgp.gg,India,3786,VP0583,Gold,G03,Dota2,L012,Dota2 World 2025,T117,Pulse Tokyo,PLT117,M035,Mumbai,E0348,3,,,,,,,,,,,
P0584,Sara,Singh,StormSara55,sarasingh0584@estcgp.gg,India,3231,VP0584,Silver,G03,Dota2,L012,Dota2 World 2025,T117,Pulse Tokyo,PLT117,M035,Mumbai,E0349,4,,,,,,,,,,,
P0585,Riya,Khan,HyperRiya61,riyakhan0585@estcgp.gg,USA,311,VP0585,Bronze,G03,Dota2,L012,Dota2 World 2025,T117,Pulse Tokyo,PLT117,M035,Mumbai,E0350,5,,,,,,,,,,,
P0581,Aman,Khan,GhostAman3,amankhan0581@estcgp.gg,India,3353,VP0581,Bronze,G01,Valorant,L013,Valorant Open 2026,T117,Pulse Tokyo,PLT117,M036,Frankfurt,E0351,1,PO0183,25946.16,TX0183,Bank,Paid,PF0226,0.00,0,60.26,,
P0582,Riya,Yadav,NeonRiya25,riyayadav0582@estcgp.gg,India,2020,VP0582,Gold,G01,Valorant,L013,Valorant Open 2026,T117,Pulse Tokyo,PLT117,M036,Frankfurt,E0352,2,PO0184,389.59,TX0184,PayPal,Paid,PF0227,0.53,441,31.83,,
P0583,Alex,Patel,PhoenixAlex18,alexpatel0583@estcgp.gg,India,3786,VP0583,Gold,G01,Valorant,L013,Valorant Open 2026,T117,Pulse Tokyo,PLT117,M036,Frankfurt,E0353,3,PO0185,32256.62,TX0185,Bank,SUCCESS,PF0228,2.54,416,96.33,,
P0584,Sara,Singh,StormSara55,sarasingh0584@estcgp.gg,India,3231,VP0584,Silver,G01,Valorant,L013,Valorant Open 2026,T117,Pulse Tokyo,PLT117,M036,Frankfurt,E0354,4,PO0186,23608.97,TX0186,UPI,Paid,PF0229,1.27,621,29.83,,
P0585,Riya,Khan,HyperRiya61,riyakhan0585@estcgp.gg,USA,311,VP0585,Bronze,G01,Valorant,L013,Valorant Open 2026,T117,Pulse Tokyo,PLT117,M036,Frankfurt,E0355,5,PO0187,28015.35,TX0187,Crypto,Paid,PF0230,4.91,51,22.46,,
P0381,Riya,Singh,ViperRiya67,riyasingh0381@estcgp.gg,India,2954,VP0381,Gold,G01,Valorant,L013,Valorant Open 2026,T077,Raiders Tokyo,RDT77,M036,Frankfurt,E0356,1,PO0188,6652.09,TX0188,Bank,Paid,PF0231,0.00,138,30.03,,
P0382,Aman,Brown,NeonAman81,amanbrown0382@estcgp.gg,India,2923,VP0382,Bronze,G01,Valorant,L013,Valorant Open 2026,T077,Raiders Tokyo,RDT77,M036,Frankfurt,E0357,2,PO0189,10654.38,TX0189,UPI,Paid,PF0232,0.00,77,57.85,V0052,TriggerBot
P0383,Sam,Khan,CrimsonSam69,samkhan0383@estcgp.gg,India,2091,VP0383,Silver,G01,Valorant,L013,Valorant Open 2026,T077,Raiders Tokyo,RDT77,M036,Frankfurt,E0358,3,PO0190,20551.05,TX0190,Wallet,Paid,PF0233,7.28,481,28.83,,
P0384,Aman,Yadav,CrimsonAman60,amanyadav0384@estcgp.gg,India,2572,VP0384,Silver,G01,Valorant,L013,Valorant Open 2026,T077,Raiders Tokyo,RDT77,M036,Frankfurt,E0359,4,PO0191,1437.88,TX0191,Wallet,Paid,PF0234,0.60,382,100.00,,
P0385,John,Khan,NeonJohn27,johnkhan0385@estcgp.gg,India,2864,VP0385,Bronze,G01,Valorant,L013,Valorant Open 2026,T077,Raiders Tokyo,RDT77,M036,Frankfurt,E0360,5,PO0192,8082.98,TX0192,UPI,Paid,PF0235,7.21,658,75.23,,
P0381,Riya,Singh,ViperRiya67,riyasingh0381@estcgp.gg,India,2954,VP0381,Gold,G01,Valorant,L014,Valorant Spring 2026,T077,Raiders Tokyo,RDT77,M037,Singapore,E0361,1,PO0193,28829.03,TX0193,UPI,SUCCESS,PF0236,7.85,0,62.70,,
P0382,Aman,Brown,NeonAman81,amanbrown0382@estcgp.gg,India,2923,VP0382,Bronze,G01,Valorant,L014,Valorant Spring 2026,T077,Raiders Tokyo,RDT77,M037,Singapore,E0362,2,PO0194,18667.95,TX0194,Bank,Paid,PF0237,5.13,269,5.90,,
P0383,Sam,Khan,CrimsonSam69,samkhan0383@estcgp.gg,India,2091,VP0383,Silver,G01,Valorant,L014,Valorant Spring 2026,T077,Raiders Tokyo,RDT77,M037,Singapore,E0363,3,PO0195,14244.94,TX0195,Wallet,Paid,PF0238,5.66,128,70.81,,
P0384,Aman,Yadav,CrimsonAman60,amanyadav0384@estcgp.gg,India,2572,VP0384,Silver,G01,Valorant,L014,Valorant Spring 2026,T077,Raiders Tokyo,RDT77,M037,Singapore,E0364,4,PO0196,11639.98,TX0196,Wallet,SUCCESS,PF0239,7.06,82,28.33,V0053,Wallhack
P0385,John,Khan,NeonJohn27,johnkhan0385@estcgp.gg,India,2864,VP0385,Bronze,G01,Valorant,L014,Valorant Spring 2026,T077,Raiders Tokyo,RDT77,M037,Singapore,E0365,5,PO0197,2280.58,TX0197,Bank,Paid,PF0240,0.00,344,34.37,,
P0211,John,Yadav,ApexJohn69,johnyadav0211@estcgp.gg,India,431,VP0211,Gold,G01,Valorant,L014,Valorant Spring 2026,T043,Storm Pune,STP43,M037,Singapore,E0366,1,PO0198,3275.90,TX0198,UPI,Failed,PF0241,7.57,28,100.00,,
P0212,Alex,Davis,WolfAlex50,alexdavis0212@estcgp.gg,India,1993,VP0212,Bronze,G01,Valorant,L014,Valorant Spring 2026,T043,Storm Pune,STP43,M037,Singapore,E0367,2,PO0199,14044.88,TX0199,Crypto,Paid,PF0242,6.95,313,28.70,,
P0213,Riya,Singh,CyberRiya54,riyasingh0213@estcgp.gg,USA,2868,VP0213,Silver,G01,Valorant,L014,Valorant Spring 2026,T043,Storm Pune,STP43,M037,Singapore,E0368,3,PO0200,11651.77,TX0200,Crypto,Pending,PF0243,0.00,279,35.46,V0054,Aimbot
P0214,Aman,Patel,GhostAman90,amanpatel0214@estcgp.gg,USA,4783,VP0214,Silver,G01,Valorant,L014,Valorant Spring 2026,T043,Storm Pune,STP43,M037,Singapore,E0369,4,PO0201,11076.00,TX0201,Bank,Paid,PF0244,1.44,575,0.76,,
P0215,Sam,Yadav,NovaSam17,samyadav0215@estcgp.gg,India,1676,VP0215,Gold,G01,Valorant,L014,Valorant Spring 2026,T043,Storm Pune,STP43,M037,Singapore,E0370,5,PO0202,21978.45,TX0202,Crypto,Pending,PF0245,2.26,542,67.71,,
P0211,John,Yadav,ApexJohn69,johnyadav0211@estcgp.gg,India,431,VP0211,Gold,G01,Valorant,L015,Valorant Summer 2026,T043,Storm Pune,STP43,M038,Tokyo,E0371,1,,,,,,,,,,,
P0212,Alex,Davis,WolfAlex50,alexdavis0212@estcgp.gg,India,1993,VP0212,Bronze,G01,Valorant,L015,Valorant Summer 2026,T043,Storm Pune,STP43,M038,Tokyo,E0372,2,PO0203,4190.72,TX0203,UPI,Paid,PF0246,2.56,448,5.70,V0055,TriggerBot
P0213,Riya,Singh,CyberRiya54,riyasingh0213@estcgp.gg,USA,2868,VP0213,Silver,G01,Valorant,L015,Valorant Summer 2026,T043,Storm Pune,STP43,M038,Tokyo,E0373,3,PO0204,43048.15,TX0204,Crypto,Paid,PF0247,0.00,592,62.82,,
P0214,Aman,Patel,GhostAman90,amanpatel0214@estcgp.gg,USA,4783,VP0214,Silver,G01,Valorant,L015,Valorant Summer 2026,T043,Storm Pune,STP43,M038,Tokyo,E0374,4,PO0205,34535.64,TX0205,UPI,Paid,PF0248,8.44,303,1.38,,
P0215,Sam,Yadav,NovaSam17,samyadav0215@estcgp.gg,India,1676,VP0215,Gold,G01,Valorant,L015,Valorant Summer 2026,T043,Storm Pune,STP43,M038,Tokyo,E0375,5,PO0206,15517.75,TX0206,UPI,SUCCESS,PF0249,2.87,673,57.24,,
P0251,John,Patel,NovaJohn51,johnpatel0251@estcgp.gg,India,359,VP0251,Bronze,G01,Valorant,L015,Valorant Summer 2026,T051,Wolves Mumbai,WVM51,M038,Tokyo,E0376,1,PO0207,8742.31,TX0207,PayPal,Failed,PF0250,8.91,128,46.73,,
P0252,John,Singh,GhostJohn49,johnsingh0252@estcgp.gg,India,1408,VP0252,Silver,G01,Valorant,L015,Valorant Summer 2026,T051,Wolves Mumbai,WVM51,M038,Tokyo,E0377,2,PO0208,29435.81,TX0208,Bank,Paid,PF0251,6.49,686,60.82,,
P0253,Sara,Yadav,KnightSara79,sarayadav0253@estcgp.gg,India,431,VP0253,Gold,G01,Valorant,L015,Valorant Summer 2026,T051,Wolves Mumbai,WVM51,M038,Tokyo,E0378,3,PO0209,10628.74,TX0209,Crypto,Paid,PF0252,2.74,499,17.86,,
P0254,Aman,Singh,GhostAman83,amansingh0254@estcgp.gg,India,520,VP0254,Bronze,G01,Valorant,L015,Valorant Summer 2026,T051,Wolves Mumbai,WVM51,M038,Tokyo,E0379,4,PO0210,21983.70,TX0210,Bank,Paid,PF0253,2.50,591,73.48,V0056,Wallhack
P0255,Alex,Desai,ApexAlex48,alexdesai0255@estcgp.gg,India,2997,VP0255,Platinum,G01,Valorant,L015,Valorant Summer 2026,T051,Wolves Mumbai,WVM51,M038,Tokyo,E0380,5,PO0211,15762.57,TX0211,UPI,SUCCESS,PF0254,8.30,325,73.03,V0057,SpeedHack
P0251,John,Patel,NovaJohn51,johnpatel0251@estcgp.gg,India,359,VP0251,Bronze,G01,Valorant,L016,Valorant World 2026,T051,Wolves Mumbai,WVM51,M039,London,E0381,1,PO0212,27766.21,TX0212,Bank,Paid,PF0255,6.24,307,91.72,,
P0252,John,Singh,GhostJohn49,johnsingh0252@estcgp.gg,India,1408,VP0252,Silver,G01,Valorant,L016,Valorant World 2026,T051,Wolves Mumbai,WVM51,M039,London,E0382,2,PO0213,11233.18,TX0213,Wallet,Paid,PF0256,7.85,509,35.97,,
P0253,Sara,Yadav,KnightSara79,sarayadav0253@estcgp.gg,India,431,VP0253,Gold,G01,Valorant,L016,Valorant World 2026,T051,Wolves Mumbai,WVM51,M039,London,E0383,3,PO0214,26030.80,TX0214,Crypto,Paid,PF0257,8.67,61,65.92,,
P0254,Aman,Singh,GhostAman83,amansingh0254@estcgp.gg,India,520,VP0254,Bronze,G01,Valorant,L016,Valorant World 2026,T051,Wolves Mumbai,WVM51,M039,London,E0384,4,PO0215,21879.45,TX0215,UPI,Paid,PF0258,3.49,325,95.80,,
P0255,Alex,Desai,ApexAlex48,alexdesai0255@estcgp.gg,India,2997,VP0255,Platinum,G01,Valorant,L016,Valorant World 2026,T051,Wolves Mumbai,WVM51,M039,London,E0385,5,PO0216,8926.96,TX0216,UPI,Paid,PF0259,0.39,675,78.03,,
P0486,John,Iyer,ViperJohn81,johniyer0486@estcgp.gg,India,198,VP0486,Bronze,G01,Valorant,L016,Valorant World 2026,T098,Vortex Singapore,VXS98,M039,London,E0386,1,PO0217,51583.20,TX0217,UPI,Paid,PF0260,4.20,254,3.65,V0058,Wallhack
P0487,Sam,Patel,QuantumSam71,sampatel0487@estcgp.gg,India,4253,VP0487,Silver,G01,Valorant,L016,Valorant World 2026,T098,Vortex Singapore,VXS98,M039,London,E0387,2,PO0218,32042.08,TX0218,Bank,Paid,PF0261,3.33,426,37.02,,
P0488,Sara,Yadav,NovaSara1,sarayadav0488@estcgp.gg,India,764,VP0488,Bronze,G01,Valorant,L016,Valorant World 2026,T098,Vortex Singapore,VXS98,M039,London,E0388,3,,,,,,PF0262,0.36,131,98.52,,
P0489,Riya,Singh,PrimeRiya73,riyasingh0489@estcgp.gg,India,1958,VP0489,Gold,G01,Valorant,L016,Valorant World 2026,T098,Vortex Singapore,VXS98,M039,London,E0389,4,PO0219,20911.03,TX0219,Bank,Paid,PF0263,4.48,497,67.20,,
P0490,Aman,Singh,QuantumAman47,amansingh0490@estcgp.gg,India,1942,VP0490,Bronze,G01,Valorant,L016,Valorant World 2026,T098,Vortex Singapore,VXS98,M039,London,E0390,5,PO0220,35910.23,TX0220,UPI,Paid,PF0264,6.41,329,15.08,,
P0486,John,Iyer,ViperJohn81,johniyer0486@estcgp.gg,India,198,VP0486,Bronze,G02,CS2,L017,CS2 Open 2026,T098,Vortex Singapore,VXS98,M040,Mumbai,E0391,1,PO0221,31113.19,TX0221,UPI,Paid,PF0265,2.14,90,97.31,V0059,TriggerBot
P0487,Sam,Patel,QuantumSam71,sampatel0487@estcgp.gg,India,4253,VP0487,Silver,G02,CS2,L017,CS2 Open 2026,T098,Vortex Singapore,VXS98,M040,Mumbai,E0392,2,PO0222,39465.59,TX0222,Crypto,Paid,PF0266,4.45,677,64.64,,
P0488,Sara,Yadav,NovaSara1,sarayadav0488@estcgp.gg,India,764,VP0488,Bronze,G02,CS2,L017,CS2 Open 2026,T098,Vortex Singapore,VXS98,M040,Mumbai,E0393,3,PO0223,36642.81,TX0223,UPI,SUCCESS,PF0267,2.07,178,9.09,V0060,Aimbot
P0489,Riya,Singh,PrimeRiya73,riyasingh0489@estcgp.gg,India,1958,VP0489,Gold,G02,CS2,L017,CS2 Open 2026,T098,Vortex Singapore,VXS98,M040,Mumbai,E0394,4,PO0224,43269.75,TX0224,Bank,Paid,PF0268,7.02,474,77.42,,
P0490,Aman,Singh,QuantumAman47,amansingh0490@estcgp.gg,India,1942,VP0490,Bronze,G02,CS2,L017,CS2 Open 2026,T098,Vortex Singapore,VXS98,M040,Mumbai,E0395,5,PO0225,32972.97,TX0225,UPI,Paid,PF0269,7.85,312,100.00,,
P0411,Alex,Khan,IronAlex4,alexkhan0411@estcgp.gg,USA,654,VP0411,Gold,G02,CS2,L017,CS2 Open 2026,T083,Apex Pune,AXP83,M040,Mumbai,E0396,1,PO0226,27991.90,TX0226,Wallet,Paid,PF0270,0.00,349,67.98,,
P0412,Alex,Khan,NitroAlex59,alexkhan0412@estcgp.gg,India,2439,VP0412,Bronze,G02,CS2,L017,CS2 Open 2026,T083,Apex Pune,AXP83,M040,Mumbai,E0397,2,PO0227,4670.16,TX0227,UPI,SUCCESS,PF0271,0.00,274,100.00,,
P0413,Aman,Yadav,NitroAman86,amanyadav0413@estcgp.gg,India,907,VP0413,Gold,G02,CS2,L017,CS2 Open 2026,T083,Apex Pune,AXP83,M040,Mumbai,E0398,3,PO0228,14442.98,TX0228,Bank,Paid,PF0272,1.33,324,66.69,,
P0414,John,Khan,SilentJohn61,johnkhan0414@estcgp.gg,India,3544,VP0414,Silver,G02,CS2,L017,CS2 Open 2026,T083,Apex Pune,AXP83,M040,Mumbai,E0399,4,PO0229,10341.74,TX0229,Wallet,Paid,PF0273,3.85,65,100.00,,
P0415,Riya,Patel,KnightRiya48,riyapatel0415@estcgp.gg,India,3619,VP0415,Silver,G02,CS2,L017,CS2 Open 2026,T083,Apex Pune,AXP83,M040,Mumbai,E0400,5,PO0230,7680.71,TX0230,PayPal,Paid,PF0274,2.18,414,75.85,V0061,TriggerBot
P0411,Alex,Khan,IronAlex4,alexkhan0411@estcgp.gg,USA,654,VP0411,Gold,G02,CS2,L018,CS2 Spring 2026,T083,Apex Pune,AXP83,M041,Frankfurt,E0401,1,,,,,,,,,,,
P0412,Alex,Khan,NitroAlex59,alexkhan0412@estcgp.gg,India,2439,VP0412,Bronze,G02,CS2,L018,CS2 Spring 2026,T083,Apex Pune,AXP83,M041,Frankfurt,E0402,2,,,,,,,,,,,
P0413,Aman,Yadav,NitroAman86,amanyadav0413@estcgp.gg,India,907,VP0413,Gold,G02,CS2,L018,CS2 Spring 2026,T083,Apex Pune,AXP83,M041,Frankfurt,E0403,3,,,,,,,,,,,
P0414,John,Khan,SilentJohn61,johnkhan0414@estcgp.gg,India,3544,VP0414,Silver,G02,CS2,L018,CS2 Spring 2026,T083,Apex Pune,AXP83,M041,Frankfurt,E0404,4,,,,,,,,,,,
P0415,Riya,Patel,KnightRiya48,riyapatel0415@estcgp.gg,India,3619,VP0415,Silver,G02,CS2,L018,CS2 Spring 2026,T083,Apex Pune,AXP83,M041,Frankfurt,E0405,5,,,,,,,,,,,
P0496,Alex,Singh,StormAlex7,alexsingh0496@estcgp.gg,India,1976,VP0496,Gold,G02,CS2,L018,CS2 Spring 2026,T100,Vortex London,VXL100,M041,Frankfurt,E0406,1,,,,,,,,,,,
P0497,Sam,Sharma,RapidSam99,samsharma0497@estcgp.gg,USA,1225,VP0497,Bronze,G02,CS2,L018,CS2 Spring 2026,T100,Vortex London,VXL100,M041,Frankfurt,E0407,2,,,,,,,,,,,
P0498,Sara,Brown,HyperSara11,sarabrown0498@estcgp.gg,India,3891,VP0498,Gold,G02,CS2,L018,CS2 Spring 2026,T100,Vortex London,VXL100,M041,Frankfurt,E0408,3,,,,,,,,,,,
P0499,Sam,Singh,TitanSam92,samsingh0499@estcgp.gg,India,3043,VP0499,Bronze,G02,CS2,L018,CS2 Spring 2026,T100,Vortex London,VXL100,M041,Frankfurt,E0409,4,,,,,,,,,,,
P0500,Riya,Patel,LunaRiya93,riyapatel0500@estcgp.gg,India,1145,VP0500,Bronze,G02,CS2,L018,CS2 Spring 2026,T100,Vortex London,VXL100,M041,Frankfurt,E0410,5,,,,,,,,,,,
P0496,Alex,Singh,StormAlex7,alexsingh0496@estcgp.gg,India,1976,VP0496,Gold,G02,CS2,L019,CS2 Summer 2026,T100,Vortex London,VXL100,M042,Singapore,E0411,1,,,,,,PF0275,8.02,286,42.53,,
P0497,Sam,Sharma,RapidSam99,samsharma0497@estcgp.gg,USA,1225,VP0497,Bronze,G02,CS2,L019,CS2 Summer 2026,T100,Vortex London,VXL100,M042,Singapore,E0412,2,,,,,,PF0276,6.99,220,59.00,V0062,Other
P0498,Sara,Brown,HyperSara11,sarabrown0498@estcgp.gg,India,3891,VP0498,Gold,G02,CS2,L019,CS2 Summer 2026,T100,Vortex London,VXL100,M042,Singapore,E0413,3,,,,,,PF0277,0.00,514,50.86,,
P0499,Sam,Singh,TitanSam92,samsingh0499@estcgp.gg,India,3043,VP0499,Bronze,G02,CS2,L019,CS2 Summer 2026,T100,Vortex London,VXL100,M042,Singapore,E0414,4,,,,,,PF0278,0.48,363,29.00,,
P0500,Riya,Patel,LunaRiya93,riyapatel0500@estcgp.gg,India,1145,VP0500,Bronze,G02,CS2,L019,CS2 Summer 2026,T100,Vortex London,VXL100,M042,Singapore,E0415,5,,,,,,PF0279,0.00,219,91.78,,
P0511,Aman,Patel,NitroAman60,amanpatel0511@estcgp.gg,USA,3711,VP0511,Silver,G02,CS2,L019,CS2 Summer 2026,T103,Nexus Pune,NXP103,M042,Singapore,E0416,1,,,,,,PF0280,0.00,677,7.69,,
P0512,Sam,Davis,NovaSam19,samdavis0512@estcgp.gg,India,4135,VP0512,Silver,G02,CS2,L019,CS2 Summer 2026,T103,Nexus Pune,NXP103,M042,Singapore,E0417,2,,,,,,PF0281,8.88,315,100.00,V0063,Aimbot
P0513,Riya,Khan,IronRiya34,riyakhan0513@estcgp.gg,India,1745,VP0513,Gold,G02,CS2,L019,CS2 Summer 2026,T103,Nexus Pune,NXP103,M042,Singapore,E0418,3,,,,,,PF0282,0.00,23,11.38,,
P0514,Aman,Khan,HyperAman71,amankhan0514@estcgp.gg,India,3351,VP0514,Gold,G02,CS2,L019,CS2 Summer 2026,T103,Nexus Pune,NXP103,M042,Singapore,E0419,4,,,,,,PF0283,5.23,149,100.00,,
P0515,John,Khan,WolfJohn89,johnkhan0515@estcgp.gg,India,533,VP0515,Bronze,G02,CS2,L019,CS2 Summer 2026,T103,Nexus Pune,NXP103,M042,Singapore,E0420,5,,,,,,PF0284,0.00,570,90.67,,
P0511,Aman,Patel,NitroAman60,amanpatel0511@estcgp.gg,USA,3711,VP0511,Silver,G02,CS2,L020,CS2 World 2026,T103,Nexus Pune,NXP103,M043,Tokyo,E0421,1,,,,,,,,,,,
P0512,Sam,Davis,NovaSam19,samdavis0512@estcgp.gg,India,4135,VP0512,Silver,G02,CS2,L020,CS2 World 2026,T103,Nexus Pune,NXP103,M043,Tokyo,E0422,2,,,,,,,,,,,
P0513,Riya,Khan,IronRiya34,riyakhan0513@estcgp.gg,India,1745,VP0513,Gold,G02,CS2,L020,CS2 World 2026,T103,Nexus Pune,NXP103,M043,Tokyo,E0423,3,,,,,,,,,,,
P0514,Aman,Khan,HyperAman71,amankhan0514@estcgp.gg,India,3351,VP0514,Gold,G02,CS2,L020,CS2 World 2026,T103,Nexus Pune,NXP103,M043,Tokyo,E0424,4,,,,,,,,,,,
P0515,John,Khan,WolfJohn89,johnkhan0515@estcgp.gg,India,533,VP0515,Bronze,G02,CS2,L020,CS2 World 2026,T103,Nexus Pune,NXP103,M043,Tokyo,E0425,5,,,,,,,,,,,
P0396,Aman,Singh,ShadowAman44,amansingh0396@estcgp.gg,India,3263,VP0396,Gold,G02,CS2,L020,CS2 World 2026,T080,Raiders London,RDL80,M043,Tokyo,E0426,1,,,,,,,,,,,
P0397,Riya,Yadav,RapidRiya56,riyayadav0397@estcgp.gg,India,1856,VP0397,Gold,G02,CS2,L020,CS2 World 2026,T080,Raiders London,RDL80,M043,Tokyo,E0427,2,,,,,,,,,,,
P0398,Sam,Singh,VortexSam30,samsingh0398@estcgp.gg,India,378,VP0398,Gold,G02,CS2,L020,CS2 World 2026,T080,Raiders London,RDL80,M043,Tokyo,E0428,3,,,,,,,,,,,
P0399,Alex,Yadav,VortexAlex80,alexyadav0399@estcgp.gg,India,3684,VP0399,Gold,G02,CS2,L020,CS2 World 2026,T080,Raiders London,RDL80,M043,Tokyo,E0429,4,,,,,,,,,,,
P0400,Aman,Khan,StormAman65,amankhan0400@estcgp.gg,USA,119,VP0400,Bronze,G02,CS2,L020,CS2 World 2026,T080,Raiders London,RDL80,M043,Tokyo,E0430,5,,,,,,,,,,,
P0396,Aman,Singh,ShadowAman44,amansingh0396@estcgp.gg,India,3263,VP0396,Gold,G03,Dota2,L021,Dota2 Open 2026,T080,Raiders London,RDL80,M044,London,E0431,1,,,,,,,,,,,
P0397,Riya,Yadav,RapidRiya56,riyayadav0397@estcgp.gg,India,1856,VP0397,Gold,G03,Dota2,L021,Dota2 Open 2026,T080,Raiders London,RDL80,M044,London,E0432,2,,,,,,,,,,,
P0398,Sam,Singh,VortexSam30,samsingh0398@estcgp.gg,India,378,VP0398,Gold,G03,Dota2,L021,Dota2 Open 2026,T080,Raiders London,RDL80,M044,London,E0433,3,,,,,,,,,,,
P0399,Alex,Yadav,VortexAlex80,alexyadav0399@estcgp.gg,India,3684,VP0399,Gold,G03,Dota2,L021,Dota2 Open 2026,T080,Raiders London,RDL80,M044,London,E0434,4,,,,,,,,,,,
P0400,Aman,Khan,StormAman65,amankhan0400@estcgp.gg,USA,119,VP0400,Bronze,G03,Dota2,L021,Dota2 Open 2026,T080,Raiders London,RDL80,M044,London,E0435,5,,,,,,,,,,,
P0176,Alex,Khan,RogueAlex33,alexkhan0176@estcgp.gg,India,3422,VP0176,Bronze,G03,Dota2,L021,Dota2 Open 2026,T036,Titans Chennai,TTC36,M044,London,E0436,1,,,,,,,,,,,
P0177,Sam,Kapoor,RogueSam22,samkapoor0177@estcgp.gg,India,3713,VP0177,Bronze,G03,Dota2,L021,Dota2 Open 2026,T036,Titans Chennai,TTC36,M044,London,E0437,2,,,,,,,,,,,
P0178,Alex,Singh,PulseAlex55,alexsingh0178@estcgp.gg,India,0,VP0178,Bronze,G03,Dota2,L021,Dota2 Open 2026,T036,Titans Chennai,TTC36,M044,London,E0438,3,,,,,,,,,,,
P0179,John,Patel,NovaJohn42,johnpatel0179@estcgp.gg,India,2398,VP0179,Gold,G03,Dota2,L021,Dota2 Open 2026,T036,Titans Chennai,TTC36,M044,London,E0439,4,,,,,,,,,,,
P0180,John,Khan,PhoenixJohn72,johnkhan0180@estcgp.gg,India,23,VP0180,Silver,G03,Dota2,L021,Dota2 Open 2026,T036,Titans Chennai,TTC36,M044,London,E0440,5,,,,,,,,,,,
P0176,Alex,Khan,RogueAlex33,alexkhan0176@estcgp.gg,India,3422,VP0176,Bronze,G03,Dota2,L022,Dota2 Spring 2026,T036,Titans Chennai,TTC36,M045,Mumbai,E0441,1,PO0231,2069.73,TX0231,UPI,Paid,PF0285,0.00,88,63.76,,
P0177,Sam,Kapoor,RogueSam22,samkapoor0177@estcgp.gg,India,3713,VP0177,Bronze,G03,Dota2,L022,Dota2 Spring 2026,T036,Titans Chennai,TTC36,M045,Mumbai,E0442,2,PO0232,17058.58,TX0232,Wallet,Failed,PF0286,0.84,610,56.30,,
P0178,Alex,Singh,PulseAlex55,alexsingh0178@estcgp.gg,India,0,VP0178,Bronze,G03,Dota2,L022,Dota2 Spring 2026,T036,Titans Chennai,TTC36,M045,Mumbai,E0443,3,PO0233,9866.51,TX0233,Crypto,Paid,PF0287,0.00,445,12.41,V0064,TriggerBot
P0179,John,Patel,NovaJohn42,johnpatel0179@estcgp.gg,India,2398,VP0179,Gold,G03,Dota2,L022,Dota2 Spring 2026,T036,Titans Chennai,TTC36,M045,Mumbai,E0444,4,PO0234,220.82,TX0234,Wallet,Failed,PF0288,7.63,277,100.00,V0065,TriggerBot
P0180,John,Khan,PhoenixJohn72,johnkhan0180@estcgp.gg,India,23,VP0180,Silver,G03,Dota2,L022,Dota2 Spring 2026,T036,Titans Chennai,TTC36,M045,Mumbai,E0445,5,PO0235,3657.61,TX0235,Bank,Paid,PF0289,0.00,389,67.89,,
P0426,Sara,Singh,IronSara53,sarasingh0426@estcgp.gg,India,418,VP0426,Silver,G03,Dota2,L022,Dota2 Spring 2026,T086,Apex Chennai,AXC86,M045,Mumbai,E0446,1,PO0236,49631.85,TX0236,Crypto,Paid,PF0290,8.24,577,62.58,,
P0427,Sam,Patel,SilentSam60,sampatel0427@estcgp.gg,India,674,VP0427,Silver,G03,Dota2,L022,Dota2 Spring 2026,T086,Apex Chennai,AXC86,M045,Mumbai,E0447,2,PO0237,39674.36,TX0237,UPI,Paid,PF0291,2.09,301,100.00,,
P0428,Alex,Yadav,BlazeAlex28,alexyadav0428@estcgp.gg,India,2549,VP0428,Bronze,G03,Dota2,L022,Dota2 Spring 2026,T086,Apex Chennai,AXC86,M045,Mumbai,E0448,3,PO0238,33292.15,TX0238,UPI,Paid,PF0292,6.08,518,99.33,,
P0429,John,Patel,GhostJohn98,johnpatel0429@estcgp.gg,India,4834,VP0429,Gold,G03,Dota2,L022,Dota2 Spring 2026,T086,Apex Chennai,AXC86,M045,Mumbai,E0449,4,PO0239,28402.87,TX0239,Wallet,Paid,PF0293,3.40,478,83.62,,
P0430,Sam,Singh,TitanSam84,samsingh0430@estcgp.gg,USA,2050,VP0430,Bronze,G03,Dota2,L022,Dota2 Spring 2026,T086,Apex Chennai,AXC86,M045,Mumbai,E0450,5,PO0240,34754.43,TX0240,Crypto,Paid,PF0294,0.00,0,22.92,,
P0426,Sara,Singh,IronSara53,sarasingh0426@estcgp.gg,India,418,VP0426,Silver,G03,Dota2,L023,Dota2 Summer 2026,T086,Apex Chennai,AXC86,M046,Frankfurt,E0451,1,PO0241,35419.63,TX0241,UPI,Paid,PF0295,4.89,696,3.93,V0066,TriggerBot
P0427,Sam,Patel,SilentSam60,sampatel0427@estcgp.gg,India,674,VP0427,Silver,G03,Dota2,L023,Dota2 Summer 2026,T086,Apex Chennai,AXC86,M046,Frankfurt,E0452,2,PO0242,53441.73,TX0242,Crypto,Paid,PF0296,0.47,646,69.67,,
P0428,Alex,Yadav,BlazeAlex28,alexyadav0428@estcgp.gg,India,2549,VP0428,Bronze,G03,Dota2,L023,Dota2 Summer 2026,T086,Apex Chennai,AXC86,M046,Frankfurt,E0453,3,PO0243,8581.40,TX0243,Wallet,Paid,PF0297,5.51,413,100.00,,
P0429,John,Patel,GhostJohn98,johnpatel0429@estcgp.gg,India,4834,VP0429,Gold,G03,Dota2,L023,Dota2 Summer 2026,T086,Apex Chennai,AXC86,M046,Frankfurt,E0454,4,PO0244,4006.58,TX0244,UPI,Paid,PF0298,7.18,328,43.20,V0067,TriggerBot
P0430,Sam,Singh,TitanSam84,samsingh0430@estcgp.gg,USA,2050,VP0430,Bronze,G03,Dota2,L023,Dota2 Summer 2026,T086,Apex Chennai,AXC86,M046,Frankfurt,E0455,5,PO0245,27659.33,TX0245,Bank,Paid,PF0299,6.02,0,76.57,,
P0266,Sam,Singh,RogueSam55,samsingh0266@estcgp.gg,USA,4629,VP0266,Silver,G03,Dota2,L023,Dota2 Summer 2026,T054,Wolves Hyderabad,WVH54,M046,Frankfurt,E0456,1,PO0246,111.52,TX0246,Crypto,Paid,PF0300,7.26,0,100.00,,
P0267,Aman,Thomas,CyberAman66,amanthomas0267@estcgp.gg,India,398,VP0267,Silver,G03,Dota2,L023,Dota2 Summer 2026,T054,Wolves Hyderabad,WVH54,M046,Frankfurt,E0457,2,PO0247,20490.73,TX0247,Bank,Pending,PF0301,0.00,512,13.36,,
P0268,John,Singh,GhostJohn67,johnsingh0268@estcgp.gg,India,3928,VP0268,Silver,G03,Dota2,L023,Dota2 Summer 2026,T054,Wolves Hyderabad,WVH54,M046,Frankfurt,E0458,3,PO0248,21704.71,TX0248,Bank,Paid,PF0302,8.68,92,52.71,V0068,TriggerBot
P0269,John,Singh,CyberJohn44,johnsingh0269@estcgp.gg,India,4332,VP0269,Silver,G03,Dota2,L023,Dota2 Summer 2026,T054,Wolves Hyderabad,WVH54,M046,Frankfurt,E0459,4,PO0249,10455.79,TX0249,Crypto,Cancelled,PF0303,4.38,485,92.76,,
P0270,Sara,Singh,PrimeSara3,sarasingh0270@estcgp.gg,India,3937,VP0270,Gold,G03,Dota2,L023,Dota2 Summer 2026,T054,Wolves Hyderabad,WVH54,M046,Frankfurt,E0460,5,PO0250,6877.51,TX0250,Wallet,Paid,PF0304,8.56,134,57.68,,
P0266,Sam,Singh,RogueSam55,samsingh0266@estcgp.gg,USA,4629,VP0266,Silver,G03,Dota2,L024,Dota2 World 2026,T054,Wolves Hyderabad,WVH54,M047,Singapore,E0461,1,PO0251,24319.72,TX0251,Bank,Paid,PF0305,0.00,137,80.07,,
P0267,Aman,Thomas,CyberAman66,amanthomas0267@estcgp.gg,India,398,VP0267,Silver,G03,Dota2,L024,Dota2 World 2026,T054,Wolves Hyderabad,WVH54,M047,Singapore,E0462,2,PO0252,9433.77,TX0252,Crypto,Paid,PF0306,3.30,676,55.48,,
P0268,John,Singh,GhostJohn67,johnsingh0268@estcgp.gg,India,3928,VP0268,Silver,G03,Dota2,L024,Dota2 World 2026,T054,Wolves Hyderabad,WVH54,M047,Singapore,E0463,3,PO0253,23060.83,TX0253,PayPal,Paid,PF0307,5.56,246,62.23,,
P0269,John,Singh,CyberJohn44,johnsingh0269@estcgp.gg,India,4332,VP0269,Silver,G03,Dota2,L024,Dota2 World 2026,T054,Wolves Hyderabad,WVH54,M047,Singapore,E0464,4,PO0254,15137.11,TX0254,Bank,Paid,PF0308,1.83,336,100.00,,
P0270,Sara,Singh,PrimeSara3,sarasingh0270@estcgp.gg,India,3937,VP0270,Gold,G03,Dota2,L024,Dota2 World 2026,T054,Wolves Hyderabad,WVH54,M047,Singapore,E0465,5,PO0255,12171.14,TX0255,Bank,SUCCESS,PF0309,0.00,0,2.78,V0069,Wallhack
P0596,Sam,Gupta,PhoenixSam28,samgupta0596@estcgp.gg,India,4261,VP0596,Bronze,G03,Dota2,L024,Dota2 World 2026,T120,Pulse London,PLL120,M047,Singapore,E0466,1,PO0256,19475.93,TX0256,UPI,SUCCESS,PF0310,8.65,345,61.01,,
P0597,Alex,Taylor,CyberAlex51,alextaylor0597@estcgp.gg,India,3689,VP0597,Silver,G03,Dota2,L024,Dota2 World 2026,T120,Pulse London,PLL120,M047,Singapore,E0467,2,PO0257,5464.32,TX0257,Wallet,Paid,PF0311,0.00,393,9.50,,
P0598,Alex,Khan,PulseAlex43,alexkhan0598@estcgp.gg,India,3949,VP0598,Silver,G03,Dota2,L024,Dota2 World 2026,T120,Pulse London,PLL120,M047,Singapore,E0468,3,PO0258,14795.36,TX0258,Crypto,Pending,PF0312,1.11,497,54.34,,
P0599,Sara,Singh,StormSara97,sarasingh0599@estcgp.gg,India,3358,VP0599,Bronze,G03,Dota2,L024,Dota2 World 2026,T120,Pulse London,PLL120,M047,Singapore,E0469,4,PO0259,31079.64,TX0259,Wallet,Paid,PF0313,8.96,72,100.00,,
P0600,Aman,Patel,HyperAman50,amanpatel0600@estcgp.gg,India,1586,VP0600,Bronze,G03,Dota2,L024,Dota2 World 2026,T120,Pulse London,PLL120,M047,Singapore,E0470,5,PO0260,38913.82,TX0260,Bank,Paid,PF0314,0.76,159,100.00,,
P0596,Sam,Gupta,PhoenixSam28,samgupta0596@estcgp.gg,India,4261,VP0596,Bronze,G01,Valorant,L001,Valorant Open 2025,T120,Pulse London,PLL120,M048,Tokyo,E0471,1,PO0261,3643.84,TX0261,Bank,Paid,PF0315,1.42,321,94.98,,
P0597,Alex,Taylor,CyberAlex51,alextaylor0597@estcgp.gg,India,3689,VP0597,Silver,G01,Valorant,L001,Valorant Open 2025,T120,Pulse London,PLL120,M048,Tokyo,E0472,2,PO0262,24315.05,TX0262,Bank,Paid,PF0316,8.64,291,45.01,V0070,Wallhack
P0598,Alex,Khan,PulseAlex43,alexkhan0598@estcgp.gg,India,3949,VP0598,Silver,G01,Valorant,L001,Valorant Open 2025,T120,Pulse London,PLL120,M048,Tokyo,E0473,3,PO0263,36040.91,TX0263,UPI,Paid,PF0317,4.57,166,56.96,,
P0599,Sara,Singh,StormSara97,sarasingh0599@estcgp.gg,India,3358,VP0599,Bronze,G01,Valorant,L001,Valorant Open 2025,T120,Pulse London,PLL120,M048,Tokyo,E0474,4,PO0264,21481.97,TX0264,Wallet,Paid,PF0318,6.86,530,28.94,,
P0600,Aman,Patel,HyperAman50,amanpatel0600@estcgp.gg,India,1586,VP0600,Bronze,G01,Valorant,L001,Valorant Open 2025,T120,Pulse London,PLL120,M048,Tokyo,E0475,5,PO0265,4755.73,TX0265,UPI,Paid,PF0319,7.11,224,2.87,,
P0281,Alex,Yadav,QuantumAlex90,alexyadav0281@estcgp.gg,India,1312,VP0281,Gold,G01,Valorant,L001,Valorant Open 2025,T057,Wolves Tokyo,WVT57,M048,Tokyo,E0476,1,PO0266,30963.73,TX0266,Wallet,Cancelled,PF0320,0.71,55,59.04,V0071,Aimbot
P0282,Alex,Singh,LunaAlex47,alexsingh0282@estcgp.gg,India,0,VP0282,Gold,G01,Valorant,L001,Valorant Open 2025,T057,Wolves Tokyo,WVT57,M048,Tokyo,E0477,2,PO0267,28185.29,TX0267,Bank,Paid,PF0321,8.57,589,25.03,,
P0283,Sara,Khan,GhostSara55,sarakhan0283@estcgp.gg,India,2682,VP0283,Bronze,G01,Valorant,L001,Valorant Open 2025,T057,Wolves Tokyo,WVT57,M048,Tokyo,E0478,3,,,,,,,,,,,
P0284,Riya,Patel,StormRiya65,riyapatel0284@estcgp.gg,India,855,VP0284,Gold,G01,Valorant,L001,Valorant Open 2025,T057,Wolves Tokyo,WVT57,M048,Tokyo,E0479,4,PO0268,25439.59,TX0268,Bank,Paid,PF0322,0.00,480,98.81,,
P0285,John,Khan,RapidJohn11,johnkhan0285@estcgp.gg,India,2093,VP0285,Gold,G01,Valorant,L001,Valorant Open 2025,T057,Wolves Tokyo,WVT57,M048,Tokyo,E0480,5,PO0269,2592.40,TX0269,Crypto,Pending,PF0323,0.00,505,100.00,V0072,Wallhack
P0281,Alex,Yadav,QuantumAlex90,alexyadav0281@estcgp.gg,India,1312,VP0281,Gold,G01,Valorant,L002,Valorant Spring 2025,T057,Wolves Tokyo,WVT57,M049,London,E0481,1,PO0270,12229.63,TX0270,UPI,Paid,PF0324,2.54,365,75.07,,
P0282,Alex,Singh,LunaAlex47,alexsingh0282@estcgp.gg,India,0,VP0282,Gold,G01,Valorant,L002,Valorant Spring 2025,T057,Wolves Tokyo,WVT57,M049,London,E0482,2,PO0271,3618.03,TX0271,Crypto,Pending,PF0325,8.97,23,46.44,,
P0283,Sara,Khan,GhostSara55,sarakhan0283@estcgp.gg,India,2682,VP0283,Bronze,G01,Valorant,L002,Valorant Spring 2025,T057,Wolves Tokyo,WVT57,M049,London,E0483,3,PO0272,23987.47,TX0272,Crypto,Paid,PF0326,8.30,0,5.79,,
P0284,Riya,Patel,StormRiya65,riyapatel0284@estcgp.gg,India,855,VP0284,Gold,G01,Valorant,L002,Valorant Spring 2025,T057,Wolves Tokyo,WVT57,M049,London,E0484,4,PO0273,646.69,TX0273,UPI,Paid,PF0327,3.60,21,11.37,,
P0285,John,Khan,RapidJohn11,johnkhan0285@estcgp.gg,India,2093,VP0285,Gold,G01,Valorant,L002,Valorant Spring 2025,T057,Wolves Tokyo,WVT57,M049,London,E0485,5,PO0274,1584.00,TX0274,Bank,Paid,PF0328,5.92,410,100.00,,
P0401,Sam,Khan,KnightSam61,samkhan0401@estcgp.gg,India,4843,VP0401,Silver,G01,Valorant,L002,Valorant Spring 2025,T081,Apex Mumbai,AXM81,M049,London,E0486,1,PO0275,56542.06,TX0275,Bank,Paid,PF0329,6.53,57,72.02,,
P0402,Sara,Kapoor,SilentSara51,sarakapoor0402@estcgp.gg,India,1302,VP0402,Silver,G01,Valorant,L002,Valorant Spring 2025,T081,Apex Mumbai,AXM81,M049,London,E0487,2,PO0276,5974.63,TX0276,PayPal,Paid,PF0330,2.54,54,26.62,V0073,Aimbot
P0403,Sara,Yadav,CyberSara65,sarayadav0403@estcgp.gg,USA,1644,VP0403,Silver,G01,Valorant,L002,Valorant Spring 2025,T081,Apex Mumbai,AXM81,M049,London,E0488,3,PO0277,39825.61,TX0277,Crypto,Paid,PF0331,2.01,617,92.22,V0074,Wallhack
P0404,Sam,Iyer,BlazeSam22,samiyer0404@estcgp.gg,USA,463,VP0404,Bronze,G01,Valorant,L002,Valorant Spring 2025,T081,Apex Mumbai,AXM81,M049,London,E0489,4,PO0278,20484.28,TX0278,Crypto,Paid,PF0332,5.41,0,30.44,,
P0405,Aman,Williams,SilentAman50,amanwilliams0405@estcgp.gg,India,708,VP0405,Bronze,G01,Valorant,L002,Valorant Spring 2025,T081,Apex Mumbai,AXM81,M049,London,E0490,5,PO0279,23556.50,TX0279,UPI,Paid,PF0333,4.40,447,19.37,,
P0401,Sam,Khan,KnightSam61,samkhan0401@estcgp.gg,India,4843,VP0401,Silver,G01,Valorant,L003,Valorant Summer 2025,T081,Apex Mumbai,AXM81,M050,Mumbai,E0491,1,,,,,,,,,,,
P0402,Sara,Kapoor,SilentSara51,sarakapoor0402@estcgp.gg,India,1302,VP0402,Silver,G01,Valorant,L003,Valorant Summer 2025,T081,Apex Mumbai,AXM81,M050,Mumbai,E0492,2,,,,,,,,,,,
P0403,Sara,Yadav,CyberSara65,sarayadav0403@estcgp.gg,USA,1644,VP0403,Silver,G01,Valorant,L003,Valorant Summer 2025,T081,Apex Mumbai,AXM81,M050,Mumbai,E0493,3,,,,,,,,,,,
P0404,Sam,Iyer,BlazeSam22,samiyer0404@estcgp.gg,USA,463,VP0404,Bronze,G01,Valorant,L003,Valorant Summer 2025,T081,Apex Mumbai,AXM81,M050,Mumbai,E0494,4,,,,,,,,,,,
P0405,Aman,Williams,SilentAman50,amanwilliams0405@estcgp.gg,India,708,VP0405,Bronze,G01,Valorant,L003,Valorant Summer 2025,T081,Apex Mumbai,AXM81,M050,Mumbai,E0495,5,,,,,,,,,,,
P0261,Sara,Yadav,PulseSara96,sarayadav0261@estcgp.gg,USA,630,VP0261,Diamond,G01,Valorant,L003,Valorant Summer 2025,T053,Wolves Pune,WVP53,M050,Mumbai,E0496,1,,,,,,,,,,,
P0262,Sam,Patel,HyperSam6,sampatel0262@estcgp.gg,India,1681,VP0262,Silver,G01,Valorant,L003,Valorant Summer 2025,T053,Wolves Pune,WVP53,M050,Mumbai,E0497,2,,,,,,,,,,,
P0263,Sam,Joshi,WolfSam75,samjoshi0263@estcgp.gg,India,1864,VP0263,Gold,G01,Valorant,L003,Valorant Summer 2025,T053,Wolves Pune,WVP53,M050,Mumbai,E0498,3,,,,,,,,,,,
P0264,Aman,Singh,NovaAman40,amansingh0264@estcgp.gg,USA,2881,VP0264,Silver,G01,Valorant,L003,Valorant Summer 2025,T053,Wolves Pune,WVP53,M050,Mumbai,E0499,4,,,,,,,,,,,
P0265,Sam,Singh,PulseSam13,samsingh0265@estcgp.gg,India,702,VP0265,Bronze,G01,Valorant,L003,Valorant Summer 2025,T053,Wolves Pune,WVP53,M050,Mumbai,E0500,5,,,,,,,,,,,
P0261,Sara,Yadav,PulseSara96,sarayadav0261@estcgp.gg,USA,630,VP0261,Diamond,G01,Valorant,L004,Valorant World 2025,T053,Wolves Pune,WVP53,M051,Frankfurt,E0501,1,,,,,,PF0334,5.74,644,100.00,,
P0262,Sam,Patel,HyperSam6,sampatel0262@estcgp.gg,India,1681,VP0262,Silver,G01,Valorant,L004,Valorant World 2025,T053,Wolves Pune,WVP53,M051,Frankfurt,E0502,2,,,,,,PF0335,0.00,644,52.13,,
P0263,Sam,Joshi,WolfSam75,samjoshi0263@estcgp.gg,India,1864,VP0263,Gold,G01,Valorant,L004,Valorant World 2025,T053,Wolves Pune,WVP53,M051,Frankfurt,E0503,3,,,,,,PF0336,3.52,165,61.42,,
P0264,Aman,Singh,NovaAman40,amansingh0264@estcgp.gg,USA,2881,VP0264,Silver,G01,Valorant,L004,Valorant World 2025,T053,Wolves Pune,WVP53,M051,Frankfurt,E0504,4,,,,,,PF0337,2.16,289,94.32,V0075,Wallhack
P0265,Sam,Singh,PulseSam13,samsingh0265@estcgp.gg,India,702,VP0265,Bronze,G01,Valorant,L004,Valorant World 2025,T053,Wolves Pune,WVP53,M051,Frankfurt,E0505,5,,,,,,PF0338,1.78,0,51.43,,
P0421,Riya,Khan,NeonRiya36,riyakhan0421@estcgp.gg,USA,1254,VP0421,Gold,G01,Valorant,L004,Valorant World 2025,T085,Apex Bengaluru,AXB85,M051,Frankfurt,E0506,1,,,,,,PF0339,6.81,250,84.33,,
P0422,Sara,Yadav,FrostSara99,sarayadav0422@estcgp.gg,India,1338,VP0422,Bronze,G01,Valorant,L004,Valorant World 2025,T085,Apex Bengaluru,AXB85,M051,Frankfurt,E0507,2,,,,,,PF0340,1.12,87,45.79,,
P0423,Alex,Kulkarni,NexusAlex23,alexkulkarni0423@estcgp.gg,India,4664,VP0423,Bronze,G01,Valorant,L004,Valorant World 2025,T085,Apex Bengaluru,AXB85,M051,Frankfurt,E0508,3,,,,,,PF0341,1.76,129,31.14,,
P0424,Sam,Yadav,FrostSam41,samyadav0424@estcgp.gg,India,1116,VP0424,Silver,G01,Valorant,L004,Valorant World 2025,T085,Apex Bengaluru,AXB85,M051,Frankfurt,E0509,4,,,,,,PF0342,0.00,388,15.70,V0076,SpeedHack
P0425,Sam,Desai,PixelSam72,samdesai0425@estcgp.gg,India,1459,VP0425,Platinum,G01,Valorant,L004,Valorant World 2025,T085,Apex Bengaluru,AXB85,M051,Frankfurt,E0510,5,,,,,,PF0343,4.50,0,77.19,,
P0421,Riya,Khan,NeonRiya36,riyakhan0421@estcgp.gg,USA,1254,VP0421,Gold,G02,CS2,L005,CS2 Open 2025,T085,Apex Bengaluru,AXB85,M052,Singapore,E0511,1,,,,,,,,,,,
P0422,Sara,Yadav,FrostSara99,sarayadav0422@estcgp.gg,India,1338,VP0422,Bronze,G02,CS2,L005,CS2 Open 2025,T085,Apex Bengaluru,AXB85,M052,Singapore,E0512,2,,,,,,,,,,,
P0423,Alex,Kulkarni,NexusAlex23,alexkulkarni0423@estcgp.gg,India,4664,VP0423,Bronze,G02,CS2,L005,CS2 Open 2025,T085,Apex Bengaluru,AXB85,M052,Singapore,E0513,3,,,,,,,,,,,
P0424,Sam,Yadav,FrostSam41,samyadav0424@estcgp.gg,India,1116,VP0424,Silver,G02,CS2,L005,CS2 Open 2025,T085,Apex Bengaluru,AXB85,M052,Singapore,E0514,4,,,,,,,,,,,
P0425,Sam,Desai,PixelSam72,samdesai0425@estcgp.gg,India,1459,VP0425,Platinum,G02,CS2,L005,CS2 Open 2025,T085,Apex Bengaluru,AXB85,M052,Singapore,E0515,5,,,,,,,,,,,
P0371,John,Singh,StormJohn29,johnsingh0371@estcgp.gg,India,1282,VP0371,Gold,G02,CS2,L005,CS2 Open 2025,T075,Raiders Bengaluru,RDB75,M052,Singapore,E0516,1,,,,,,,,,,,
P0372,Sam,Khan,NexusSam8,samkhan0372@estcgp.gg,India,1073,VP0372,Bronze,G02,CS2,L005,CS2 Open 2025,T075,Raiders Bengaluru,RDB75,M052,Singapore,E0517,2,,,,,,,,,,,
P0373,John,Miller,CrimsonJohn5,johnmiller0373@estcgp.gg,USA,3616,VP0373,Bronze,G02,CS2,L005,CS2 Open 2025,T075,Raiders Bengaluru,RDB75,M052,Singapore,E0518,3,,,,,,,,,,,
P0374,Riya,Khan,LunaRiya51,riyakhan0374@estcgp.gg,India,3062,VP0374,Platinum,G02,CS2,L005,CS2 Open 2025,T075,Raiders Bengaluru,RDB75,M052,Singapore,E0519,4,,,,,,,,,,,
P0375,Sara,Singh,CrimsonSara54,sarasingh0375@estcgp.gg,India,3681,VP0375,Bronze,G02,CS2,L005,CS2 Open 2025,T075,Raiders Bengaluru,RDB75,M052,Singapore,E0520,5,,,,,,,,,,,
P0371,John,Singh,StormJohn29,johnsingh0371@estcgp.gg,India,1282,VP0371,Gold,G02,CS2,L006,CS2 Spring 2025,T075,Raiders Bengaluru,RDB75,M053,Tokyo,E0521,1,,,,,,,,,,,
P0372,Sam,Khan,NexusSam8,samkhan0372@estcgp.gg,India,1073,VP0372,Bronze,G02,CS2,L006,CS2 Spring 2025,T075,Raiders Bengaluru,RDB75,M053,Tokyo,E0522,2,,,,,,,,,,,
P0373,John,Miller,CrimsonJohn5,johnmiller0373@estcgp.gg,USA,3616,VP0373,Bronze,G02,CS2,L006,CS2 Spring 2025,T075,Raiders Bengaluru,RDB75,M053,Tokyo,E0523,3,,,,,,,,,,,
P0374,Riya,Khan,LunaRiya51,riyakhan0374@estcgp.gg,India,3062,VP0374,Platinum,G02,CS2,L006,CS2 Spring 2025,T075,Raiders Bengaluru,RDB75,M053,Tokyo,E0524,4,,,,,,,,,,,
P0375,Sara,Singh,CrimsonSara54,sarasingh0375@estcgp.gg,India,3681,VP0375,Bronze,G02,CS2,L006,CS2 Spring 2025,T075,Raiders Bengaluru,RDB75,M053,Tokyo,E0525,5,,,,,,,,,,,
P0351,Riya,Khan,DragonRiya97,riyakhan0351@estcgp.gg,USA,3576,VP0351,Silver,G02,CS2,L006,CS2 Spring 2025,T071,Raiders Mumbai,RDM71,M053,Tokyo,E0526,1,,,,,,,,,,,
P0352,Alex,Khan,PrimeAlex1,alexkhan0352@estcgp.gg,India,2185,VP0352,Bronze,G02,CS2,L006,CS2 Spring 2025,T071,Raiders Mumbai,RDM71,M053,Tokyo,E0527,2,,,,,,,,,,,
P0353,Riya,Desai,LunaRiya13,riyadesai0353@estcgp.gg,India,2617,VP0353,Silver,G02,CS2,L006,CS2 Spring 2025,T071,Raiders Mumbai,RDM71,M053,Tokyo,E0528,3,,,,,,,,,,,
P0354,Riya,Khan,PulseRiya46,riyakhan0354@estcgp.gg,USA,3473,VP0354,Silver,G02,CS2,L006,CS2 Spring 2025,T071,Raiders Mumbai,RDM71,M053,Tokyo,E0529,4,,,,,,,,,,,
P0355,Aman,Yadav,NexusAman90,amanyadav0355@estcgp.gg,India,74,VP0355,Gold,G02,CS2,L006,CS2 Spring 2025,T071,Raiders Mumbai,RDM71,M053,Tokyo,E0530,5,,,,,,,,,,,
P0351,Riya,Khan,DragonRiya97,riyakhan0351@estcgp.gg,USA,3576,VP0351,Silver,G02,CS2,L007,CS2 Summer 2025,T071,Raiders Mumbai,RDM71,M054,London,E0531,1,PO0280,34684.11,TX0280,Bank,Paid,PF0344,0.00,0,98.24,V0077,Aimbot
P0352,Alex,Khan,PrimeAlex1,alexkhan0352@estcgp.gg,India,2185,VP0352,Bronze,G02,CS2,L007,CS2 Summer 2025,T071,Raiders Mumbai,RDM71,M054,London,E0532,2,PO0281,11827.57,TX0281,Crypto,Paid,PF0345,3.19,1,69.07,,
P0353,Riya,Desai,LunaRiya13,riyadesai0353@estcgp.gg,India,2617,VP0353,Silver,G02,CS2,L007,CS2 Summer 2025,T071,Raiders Mumbai,RDM71,M054,London,E0533,3,,,,,,PF0346,6.21,677,50.09,,
P0354,Riya,Khan,PulseRiya46,riyakhan0354@estcgp.gg,USA,3473,VP0354,Silver,G02,CS2,L007,CS2 Summer 2025,T071,Raiders Mumbai,RDM71,M054,London,E0534,4,PO0282,968.59,TX0282,UPI,Paid,PF0347,2.86,0,38.27,,
P0355,Aman,Yadav,NexusAman90,amanyadav0355@estcgp.gg,India,74,VP0355,Gold,G02,CS2,L007,CS2 Summer 2025,T071,Raiders Mumbai,RDM71,M054,London,E0535,5,,,,,,PF0348,2.51,295,63.83,,
P0116,Sara,Patel,NitroSara46,sarapatel0116@estcgp.gg,India,2616,VP0116,Diamond,G02,CS2,L007,CS2 Summer 2025,T024,Dragons Hyderabad,DGH24,M054,London,E0536,1,PO0283,24310.15,TX0283,Wallet,Paid,PF0349,4.60,242,59.31,,
P0117,Sam,Khan,OmegaSam37,samkhan0117@estcgp.gg,India,2243,VP0117,Bronze,G02,CS2,L007,CS2 Summer 2025,T024,Dragons Hyderabad,DGH24,M054,London,E0537,2,PO0284,13236.35,TX0284,Wallet,SUCCESS,PF0350,0.00,369,100.00,,
P0118,Alex,Patel,DragonAlex34,alexpatel0118@estcgp.gg,USA,4253,VP0118,Gold,G02,CS2,L007,CS2 Summer 2025,T024,Dragons Hyderabad,DGH24,M054,London,E0538,3,PO0285,16297.91,TX0285,UPI,Paid,PF0351,0.00,261,49.60,V0078,Aimbot
P0119,Aman,Khan,BlazeAman14,amankhan0119@estcgp.gg,India,4740,VP0119,Platinum,G02,CS2,L007,CS2 Summer 2025,T024,Dragons Hyderabad,DGH24,M054,London,E0539,4,PO0286,13546.86,TX0286,Bank,Paid,PF0352,2.66,665,18.39,,
P0120,Sam,Patel,CyberSam72,sampatel0120@estcgp.gg,USA,2133,VP0120,Gold,G02,CS2,L007,CS2 Summer 2025,T024,Dragons Hyderabad,DGH24,M054,London,E0540,5,PO0287,13349.08,TX0287,UPI,Paid,PF0353,0.00,10,57.19,V0079,TriggerBot
P0116,Sara,Patel,NitroSara46,sarapatel0116@estcgp.gg,India,2616,VP0116,Diamond,G02,CS2,L008,CS2 World 2025,T024,Dragons Hyderabad,DGH24,M055,Mumbai,E0541,1,PO0288,10041.85,TX0288,Crypto,Paid,PF0354,8.50,189,40.35,,
P0117,Sam,Khan,OmegaSam37,samkhan0117@estcgp.gg,India,2243,VP0117,Bronze,G02,CS2,L008,CS2 World 2025,T024,Dragons Hyderabad,DGH24,M055,Mumbai,E0542,2,PO0289,29234.24,TX0289,Wallet,Paid,PF0355,7.81,318,63.15,,
P0118,Alex,Patel,DragonAlex34,alexpatel0118@estcgp.gg,USA,4253,VP0118,Gold,G02,CS2,L008,CS2 World 2025,T024,Dragons Hyderabad,DGH24,M055,Mumbai,E0543,3,PO0290,20094.95,TX0290,UPI,Paid,PF0356,7.35,505,53.69,,
P0119,Aman,Khan,BlazeAman14,amankhan0119@estcgp.gg,India,4740,VP0119,Platinum,G02,CS2,L008,CS2 World 2025,T024,Dragons Hyderabad,DGH24,M055,Mumbai,E0544,4,,,,,,PF0357,0.00,426,11.16,,
P0120,Sam,Patel,CyberSam72,sampatel0120@estcgp.gg,USA,2133,VP0120,Gold,G02,CS2,L008,CS2 World 2025,T024,Dragons Hyderabad,DGH24,M055,Mumbai,E0545,5,PO0291,11905.56,TX0291,Bank,Paid,PF0358,0.00,584,89.15,V0080,TriggerBot
P0021,Alex,Patel,PrimeAlex97,alexpatel0021@estcgp.gg,USA,1016,VP0021,Bronze,G02,CS2,L008,CS2 World 2025,T005,Nova Bengaluru,NVB05,M055,Mumbai,E0546,1,PO0292,28183.14,TX0292,Wallet,Paid,PF0359,2.46,542,23.90,,
P0022,Sam,Khan,CrimsonSam13,samkhan0022@estcgp.gg,USA,3927,VP0022,Gold,G02,CS2,L008,CS2 World 2025,T005,Nova Bengaluru,NVB05,M055,Mumbai,E0547,2,PO0293,9925.07,TX0293,Wallet,Paid,PF0360,0.00,546,74.62,,
P0023,John,Yadav,HyperJohn98,johnyadav0023@estcgp.gg,India,2625,VP0023,Gold,G02,CS2,L008,CS2 World 2025,T005,Nova Bengaluru,NVB05,M055,Mumbai,E0548,3,PO0294,10956.60,TX0294,UPI,Paid,PF0361,0.00,2,88.18,,
P0024,Riya,Yadav,NovaRiya68,riyayadav0024@estcgp.gg,India,1244,VP0024,Gold,G02,CS2,L008,CS2 World 2025,T005,Nova Bengaluru,NVB05,M055,Mumbai,E0549,4,PO0295,36519.23,TX0295,UPI,Paid,PF0362,4.57,539,40.79,,
P0025,Aman,Khan,TitanAman2,amankhan0025@estcgp.gg,India,3384,VP0025,Silver,G02,CS2,L008,CS2 World 2025,T005,Nova Bengaluru,NVB05,M055,Mumbai,E0550,5,PO0296,206.93,TX0296,Bank,Paid,PF0363,5.79,597,75.75,,
P0021,Alex,Patel,PrimeAlex97,alexpatel0021@estcgp.gg,USA,1016,VP0021,Bronze,G03,Dota2,L009,Dota2 Open 2025,T005,Nova Bengaluru,NVB05,M056,Frankfurt,E0551,1,PO0297,11139.58,TX0297,Wallet,Paid,PF0364,8.82,286,24.35,V0081,Aimbot
P0022,Sam,Khan,CrimsonSam13,samkhan0022@estcgp.gg,USA,3927,VP0022,Gold,G03,Dota2,L009,Dota2 Open 2025,T005,Nova Bengaluru,NVB05,M056,Frankfurt,E0552,2,PO0298,10199.04,TX0298,Bank,Paid,PF0365,0.20,618,74.65,V0082,Aimbot
P0023,John,Yadav,HyperJohn98,johnyadav0023@estcgp.gg,India,2625,VP0023,Gold,G03,Dota2,L009,Dota2 Open 2025,T005,Nova Bengaluru,NVB05,M056,Frankfurt,E0553,3,PO0299,45463.54,TX0299,PayPal,Paid,PF0366,2.35,0,54.65,,
P0024,Riya,Yadav,NovaRiya68,riyayadav0024@estcgp.gg,India,1244,VP0024,Gold,G03,Dota2,L009,Dota2 Open 2025,T005,Nova Bengaluru,NVB05,M056,Frankfurt,E0554,4,,,,,,PF0367,7.57,154,100.00,,
P0025,Aman,Khan,TitanAman2,amankhan0025@estcgp.gg,India,3384,VP0025,Silver,G03,Dota2,L009,Dota2 Open 2025,T005,Nova Bengaluru,NVB05,M056,Frankfurt,E0555,5,PO0300,26619.20,TX0300,UPI,Paid,PF0368,5.85,509,72.91,,
P0451,John,Patel,OmegaJohn48,johnpatel0451@estcgp.gg,India,1730,VP0451,Silver,G03,Dota2,L009,Dota2 Open 2025,T091,Vortex Mumbai,VXM91,M056,Frankfurt,E0556,1,PO0301,21994.39,TX0301,Crypto,Paid,PF0369,6.33,644,100.00,,
P0452,Riya,Patel,LunaRiya57,riyapatel0452@estcgp.gg,India,318,VP0452,Silver,G03,Dota2,L009,Dota2 Open 2025,T091,Vortex Mumbai,VXM91,M056,Frankfurt,E0557,2,PO0302,32034.84,TX0302,UPI,Paid,PF0370,3.11,526,58.46,,
P0453,Riya,Verma,ApexRiya10,riyaverma0453@estcgp.gg,India,1099,VP0453,Silver,G03,Dota2,L009,Dota2 Open 2025,T091,Vortex Mumbai,VXM91,M056,Frankfurt,E0558,3,PO0303,25729.72,TX0303,Wallet,Paid,PF0371,6.66,248,92.23,,
P0454,Sara,Khan,OmegaSara21,sarakhan0454@estcgp.gg,India,597,VP0454,Silver,G03,Dota2,L009,Dota2 Open 2025,T091,Vortex Mumbai,VXM91,M056,Frankfurt,E0559,4,PO0304,5845.11,TX0304,UPI,Paid,PF0372,5.72,376,63.97,V0083,TriggerBot
P0455,Aman,Khan,NitroAman27,amankhan0455@estcgp.gg,India,427,VP0455,Gold,G03,Dota2,L009,Dota2 Open 2025,T091,Vortex Mumbai,VXM91,M056,Frankfurt,E0560,5,PO0305,16638.13,TX0305,Bank,Pending,PF0373,4.25,186,18.23,,
P0451,John,Patel,OmegaJohn48,johnpatel0451@estcgp.gg,India,1730,VP0451,Silver,G03,Dota2,L010,Dota2 Spring 2025,T091,Vortex Mumbai,VXM91,M057,Singapore,E0561,1,PO0306,30089.87,TX0306,Crypto,Paid,PF0374,0.00,485,74.43,,
P0452,Riya,Patel,LunaRiya57,riyapatel0452@estcgp.gg,India,318,VP0452,Silver,G03,Dota2,L010,Dota2 Spring 2025,T091,Vortex Mumbai,VXM91,M057,Singapore,E0562,2,PO0307,21343.84,TX0307,Wallet,Paid,PF0375,2.78,618,100.00,V0084,Wallhack
P0453,Riya,Verma,ApexRiya10,riyaverma0453@estcgp.gg,India,1099,VP0453,Silver,G03,Dota2,L010,Dota2 Spring 2025,T091,Vortex Mumbai,VXM91,M057,Singapore,E0563,3,PO0308,2974.69,TX0308,Bank,Paid,PF0376,2.28,603,22.76,,
P0454,Sara,Khan,OmegaSara21,sarakhan0454@estcgp.gg,India,597,VP0454,Silver,G03,Dota2,L010,Dota2 Spring 2025,T091,Vortex Mumbai,VXM91,M057,Singapore,E0564,4,PO0309,19834.37,TX0309,UPI,Paid,PF0377,4.28,269,5.65,,
P0455,Aman,Khan,NitroAman27,amankhan0455@estcgp.gg,India,427,VP0455,Gold,G03,Dota2,L010,Dota2 Spring 2025,T091,Vortex Mumbai,VXM91,M057,Singapore,E0565,5,,,,,,PF0378,0.00,325,46.11,,
P0146,Sara,Khan,ApexSara81,sarakhan0146@estcgp.gg,India,3137,VP0146,Gold,G03,Dota2,L010,Dota2 Spring 2025,T030,Dragons London,DGL30,M057,Singapore,E0566,1,PO0310,40586.60,TX0310,Wallet,Paid,PF0379,0.23,475,100.00,V0085,Aimbot
P0147,Aman,Yadav,VortexAman15,amanyadav0147@estcgp.gg,India,4512,VP0147,Silver,G03,Dota2,L010,Dota2 Spring 2025,T030,Dragons London,DGL30,M057,Singapore,E0567,2,PO0311,37817.01,TX0311,Wallet,Paid,PF0380,3.45,664,64.83,,
P0148,Aman,Patel,NovaAman38,amanpatel0148@estcgp.gg,India,1895,VP0148,Silver,G03,Dota2,L010,Dota2 Spring 2025,T030,Dragons London,DGL30,M057,Singapore,E0568,3,PO0312,36015.40,TX0312,Crypto,Paid,PF0381,7.79,122,0.32,,
P0149,Aman,Yadav,GhostAman64,amanyadav0149@estcgp.gg,India,1802,VP0149,Silver,G03,Dota2,L010,Dota2 Spring 2025,T030,Dragons London,DGL30,M057,Singapore,E0569,4,PO0313,41949.27,TX0313,Bank,Paid,PF0382,0.85,436,100.00,,
P0150,Sam,Singh,SilentSam54,samsingh0150@estcgp.gg,India,4375,VP0150,Bronze,G03,Dota2,L010,Dota2 Spring 2025,T030,Dragons London,DGL30,M057,Singapore,E0570,5,PO0314,11905.32,TX0314,UPI,SUCCESS,PF0383,1.52,391,70.36,,
P0146,Sara,Khan,ApexSara81,sarakhan0146@estcgp.gg,India,3137,VP0146,Gold,G03,Dota2,L011,Dota2 Summer 2025,T030,Dragons London,DGL30,M058,Tokyo,E0571,1,PO0315,46801.17,TX0315,Wallet,Paid,PF0384,5.88,661,34.73,,
P0147,Aman,Yadav,VortexAman15,amanyadav0147@estcgp.gg,India,4512,VP0147,Silver,G03,Dota2,L011,Dota2 Summer 2025,T030,Dragons London,DGL30,M058,Tokyo,E0572,2,PO0316,39403.53,TX0316,Wallet,Paid,PF0385,1.88,0,6.57,,
P0148,Aman,Patel,NovaAman38,amanpatel0148@estcgp.gg,India,1895,VP0148,Silver,G03,Dota2,L011,Dota2 Summer 2025,T030,Dragons London,DGL30,M058,Tokyo,E0573,3,PO0317,16192.65,TX0317,Crypto,SUCCESS,PF0386,3.99,634,14.76,V0086,Aimbot
P0149,Aman,Yadav,GhostAman64,amanyadav0149@estcgp.gg,India,1802,VP0149,Silver,G03,Dota2,L011,Dota2 Summer 2025,T030,Dragons London,DGL30,M058,Tokyo,E0574,4,PO0318,10925.70,TX0318,Crypto,SUCCESS,PF0387,0.87,693,14.78,,
P0150,Sam,Singh,SilentSam54,samsingh0150@estcgp.gg,India,4375,VP0150,Bronze,G03,Dota2,L011,Dota2 Summer 2025,T030,Dragons London,DGL30,M058,Tokyo,E0575,5,PO0319,14288.05,TX0319,Crypto,Paid,PF0388,4.55,545,100.00,,
P0491,Sam,Khan,CyberSam93,samkhan0491@estcgp.gg,USA,3719,VP0491,Bronze,G03,Dota2,L011,Dota2 Summer 2025,T099,Vortex Frankfurt,VXF99,M058,Tokyo,E0576,1,PO0320,32601.70,TX0320,Wallet,SUCCESS,PF0389,4.81,226,51.73,,
P0492,Alex,Patel,RapidAlex16,alexpatel0492@estcgp.gg,India,4346,VP0492,Gold,G03,Dota2,L011,Dota2 Summer 2025,T099,Vortex Frankfurt,VXF99,M058,Tokyo,E0577,2,PO0321,14184.70,TX0321,Bank,Paid,PF0390,2.97,211,79.21,,
P0493,Sara,Yadav,RogueSara37,sarayadav0493@estcgp.gg,India,3540,VP0493,Platinum,G03,Dota2,L011,Dota2 Summer 2025,T099,Vortex Frankfurt,VXF99,M058,Tokyo,E0578,3,PO0322,14457.45,TX0322,PayPal,Cancelled,PF0391,0.26,327,19.71,,
P0494,John,Singh,NitroJohn22,johnsingh0494@estcgp.gg,India,2848,VP0494,Silver,G03,Dota2,L011,Dota2 Summer 2025,T099,Vortex Frankfurt,VXF99,M058,Tokyo,E0579,4,PO0323,16750.63,TX0323,Wallet,Paid,PF0392,1.18,1,75.74,,
P0495,Sara,Yadav,CyberSara57,sarayadav0495@estcgp.gg,India,3774,VP0495,Bronze,G03,Dota2,L011,Dota2 Summer 2025,T099,Vortex Frankfurt,VXF99,M058,Tokyo,E0580,5,PO0324,5625.94,TX0324,Crypto,SUCCESS,PF0393,3.29,556,20.85,V0087,TriggerBot
P0491,Sam,Khan,CyberSam93,samkhan0491@estcgp.gg,USA,3719,VP0491,Bronze,G03,Dota2,L012,Dota2 World 2025,T099,Vortex Frankfurt,VXF99,M059,London,E0581,1,,,,,,,,,,,
P0492,Alex,Patel,RapidAlex16,alexpatel0492@estcgp.gg,India,4346,VP0492,Gold,G03,Dota2,L012,Dota2 World 2025,T099,Vortex Frankfurt,VXF99,M059,London,E0582,2,,,,,,,,,,,
P0493,Sara,Yadav,RogueSara37,sarayadav0493@estcgp.gg,India,3540,VP0493,Platinum,G03,Dota2,L012,Dota2 World 2025,T099,Vortex Frankfurt,VXF99,M059,London,E0583,3,,,,,,,,,,,
P0494,John,Singh,NitroJohn22,johnsingh0494@estcgp.gg,India,2848,VP0494,Silver,G03,Dota2,L012,Dota2 World 2025,T099,Vortex Frankfurt,VXF99,M059,London,E0584,4,,,,,,,,,,,
P0495,Sara,Yadav,CyberSara57,sarayadav0495@estcgp.gg,India,3774,VP0495,Bronze,G03,Dota2,L012,Dota2 World 2025,T099,Vortex Frankfurt,VXF99,M059,London,E0585,5,,,,,,,,,,,
P0071,John,Bansal,VortexJohn55,johnbansal0071@estcgp.gg,India,882,VP0071,Gold,G03,Dota2,L012,Dota2 World 2025,T015,Phoenix Bengaluru,PXB15,M059,London,E0586,1,,,,,,,,,,,
P0072,Alex,Gupta,HyperAlex68,alexgupta0072@estcgp.gg,USA,3310,VP0072,Silver,G03,Dota2,L012,Dota2 World 2025,T015,Phoenix Bengaluru,PXB15,M059,London,E0587,2,,,,,,,,,,,
P0073,Sara,Yadav,RogueSara65,sarayadav0073@estcgp.gg,USA,1822,VP0073,Bronze,G03,Dota2,L012,Dota2 World 2025,T015,Phoenix Bengaluru,PXB15,M059,London,E0588,3,,,,,,,,,,,
P0074,Sara,Khan,NeonSara76,sarakhan0074@estcgp.gg,India,4779,VP0074,Bronze,G03,Dota2,L012,Dota2 World 2025,T015,Phoenix Bengaluru,PXB15,M059,London,E0589,4,,,,,,,,,,,
P0075,Aman,Kumar,SilentAman89,amankumar0075@estcgp.gg,India,4329,VP0075,Gold,G03,Dota2,L012,Dota2 World 2025,T015,Phoenix Bengaluru,PXB15,M059,London,E0590,5,,,,,,,,,,,
P0071,John,Bansal,VortexJohn55,johnbansal0071@estcgp.gg,India,882,VP0071,Gold,G01,Valorant,L013,Valorant Open 2026,T015,Phoenix Bengaluru,PXB15,M060,Mumbai,E0591,1,,,,,,PF0394,8.20,593,39.37,,
P0072,Alex,Gupta,HyperAlex68,alexgupta0072@estcgp.gg,USA,3310,VP0072,Silver,G01,Valorant,L013,Valorant Open 2026,T015,Phoenix Bengaluru,PXB15,M060,Mumbai,E0592,2,,,,,,PF0395,6.40,564,1.72,,
P0073,Sara,Yadav,RogueSara65,sarayadav0073@estcgp.gg,USA,1822,VP0073,Bronze,G01,Valorant,L013,Valorant Open 2026,T015,Phoenix Bengaluru,PXB15,M060,Mumbai,E0593,3,,,,,,PF0396,0.00,306,45.58,,
P0074,Sara,Khan,NeonSara76,sarakhan0074@estcgp.gg,India,4779,VP0074,Bronze,G01,Valorant,L013,Valorant Open 2026,T015,Phoenix Bengaluru,PXB15,M060,Mumbai,E0594,4,,,,,,PF0397,3.71,0,86.17,V0088,Aimbot
P0075,Aman,Kumar,SilentAman89,amankumar0075@estcgp.gg,India,4329,VP0075,Gold,G01,Valorant,L013,Valorant Open 2026,T015,Phoenix Bengaluru,PXB15,M060,Mumbai,E0595,5,,,,,,PF0398,0.00,262,22.93,,
P0206,Sara,Singh,HyperSara80,sarasingh0206@estcgp.gg,India,1552,VP0206,Bronze,G01,Valorant,L013,Valorant Open 2026,T042,Storm Delhi,STD42,M060,Mumbai,E0596,1,,,,,,PF0399,3.94,503,73.34,,
P0207,Sara,Singh,KnightSara43,sarasingh0207@estcgp.gg,India,1120,VP0207,Silver,G01,Valorant,L013,Valorant Open 2026,T042,Storm Delhi,STD42,M060,Mumbai,E0597,2,,,,,,PF0400,3.81,356,84.31,V0089,Wallhack
P0208,Sam,Khan,ViperSam44,samkhan0208@estcgp.gg,USA,4401,VP0208,Bronze,G01,Valorant,L013,Valorant Open 2026,T042,Storm Delhi,STD42,M060,Mumbai,E0598,3,,,,,,PF0401,0.00,451,100.00,,
P0209,Alex,Singh,OmegaAlex2,alexsingh0209@estcgp.gg,India,2177,VP0209,Gold,G01,Valorant,L013,Valorant Open 2026,T042,Storm Delhi,STD42,M060,Mumbai,E0599,4,,,,,,PF0402,2.67,597,44.32,,
P0210,Aman,Yadav,FrostAman6,amanyadav0210@estcgp.gg,India,1877,VP0210,Bronze,G01,Valorant,L013,Valorant Open 2026,T042,Storm Delhi,STD42,M060,Mumbai,E0600,5,,,,,,PF0403,1.81,201,90.77,,
P0206,Sara,Singh,HyperSara80,sarasingh0206@estcgp.gg,India,1552,VP0206,Bronze,G01,Valorant,L014,Valorant Spring 2026,T042,Storm Delhi,STD42,M061,Frankfurt,E0601,1,,,,,,,,,,,
P0207,Sara,Singh,KnightSara43,sarasingh0207@estcgp.gg,India,1120,VP0207,Silver,G01,Valorant,L014,Valorant Spring 2026,T042,Storm Delhi,STD42,M061,Frankfurt,E0602,2,,,,,,,,,,,
P0208,Sam,Khan,ViperSam44,samkhan0208@estcgp.gg,USA,4401,VP0208,Bronze,G01,Valorant,L014,Valorant Spring 2026,T042,Storm Delhi,STD42,M061,Frankfurt,E0603,3,,,,,,,,,,,
P0209,Alex,Singh,OmegaAlex2,alexsingh0209@estcgp.gg,India,2177,VP0209,Gold,G01,Valorant,L014,Valorant Spring 2026,T042,Storm Delhi,STD42,M061,Frankfurt,E0604,4,,,,,,,,,,,
P0210,Aman,Yadav,FrostAman6,amanyadav0210@estcgp.gg,India,1877,VP0210,Bronze,G01,Valorant,L014,Valorant Spring 2026,T042,Storm Delhi,STD42,M061,Frankfurt,E0605,5,,,,,,,,,,,
P0481,Aman,Chopra,PulseAman64,amanchopra0481@estcgp.gg,USA,4758,VP0481,Silver,G01,Valorant,L014,Valorant Spring 2026,T097,Vortex Tokyo,VXT97,M061,Frankfurt,E0606,1,,,,,,,,,,,
P0482,Alex,Singh,SilentAlex83,alexsingh0482@estcgp.gg,India,3117,VP0482,Gold,G01,Valorant,L014,Valorant Spring 2026,T097,Vortex Tokyo,VXT97,M061,Frankfurt,E0607,2,,,,,,,,,,,
P0483,Alex,Patel,KnightAlex34,alexpatel0483@estcgp.gg,India,4059,VP0483,Gold,G01,Valorant,L014,Valorant Spring 2026,T097,Vortex Tokyo,VXT97,M061,Frankfurt,E0608,3,,,,,,,,,,,
P0484,Sam,Yadav,ShadowSam39,samyadav0484@estcgp.gg,India,1137,VP0484,Silver,G01,Valorant,L014,Valorant Spring 2026,T097,Vortex Tokyo,VXT97,M061,Frankfurt,E0609,4,,,,,,,,,,,
P0485,Alex,Khan,KnightAlex23,alexkhan0485@estcgp.gg,India,926,VP0485,Gold,G01,Valorant,L014,Valorant Spring 2026,T097,Vortex Tokyo,VXT97,M061,Frankfurt,E0610,5,,,,,,,,,,,
P0481,Aman,Chopra,PulseAman64,amanchopra0481@estcgp.gg,USA,4758,VP0481,Silver,G01,Valorant,L015,Valorant Summer 2026,T097,Vortex Tokyo,VXT97,M062,Singapore,E0611,1,,,,,,,,,,,
P0482,Alex,Singh,SilentAlex83,alexsingh0482@estcgp.gg,India,3117,VP0482,Gold,G01,Valorant,L015,Valorant Summer 2026,T097,Vortex Tokyo,VXT97,M062,Singapore,E0612,2,,,,,,,,,,,
P0483,Alex,Patel,KnightAlex34,alexpatel0483@estcgp.gg,India,4059,VP0483,Gold,G01,Valorant,L015,Valorant Summer 2026,T097,Vortex Tokyo,VXT97,M062,Singapore,E0613,3,,,,,,,,,,,
P0484,Sam,Yadav,ShadowSam39,samyadav0484@estcgp.gg,India,1137,VP0484,Silver,G01,Valorant,L015,Valorant Summer 2026,T097,Vortex Tokyo,VXT97,M062,Singapore,E0614,4,,,,,,,,,,,
P0485,Alex,Khan,KnightAlex23,alexkhan0485@estcgp.gg,India,926,VP0485,Gold,G01,Valorant,L015,Valorant Summer 2026,T097,Vortex Tokyo,VXT97,M062,Singapore,E0615,5,,,,,,,,,,,
P0356,Sara,Singh,VortexSara66,sarasingh0356@estcgp.gg,USA,3972,VP0356,Silver,G01,Valorant,L015,Valorant Summer 2026,T072,Raiders Delhi,RDD72,M062,Singapore,E0616,1,,,,,,,,,,,
P0357,Sam,Jain,VortexSam50,samjain0357@estcgp.gg,India,3036,VP0357,Platinum,G01,Valorant,L015,Valorant Summer 2026,T072,Raiders Delhi,RDD72,M062,Singapore,E0617,2,,,,,,,,,,,
P0358,Riya,Khan,OmegaRiya57,riyakhan0358@estcgp.gg,India,354,VP0358,Silver,G01,Valorant,L015,Valorant Summer 2026,T072,Raiders Delhi,RDD72,M062,Singapore,E0618,3,,,,,,,,,,,
P0359,John,Singh,TitanJohn95,johnsingh0359@estcgp.gg,India,3018,VP0359,Bronze,G01,Valorant,L015,Valorant Summer 2026,T072,Raiders Delhi,RDD72,M062,Singapore,E0619,4,,,,,,,,,,,
P0360,Aman,Khan,NovaAman20,amankhan0360@estcgp.gg,India,2650,VP0360,Silver,G01,Valorant,L015,Valorant Summer 2026,T072,Raiders Delhi,RDD72,M062,Singapore,E0620,5,,,,,,,,,,,
P0356,Sara,Singh,VortexSara66,sarasingh0356@estcgp.gg,USA,3972,VP0356,Silver,G01,Valorant,L016,Valorant World 2026,T072,Raiders Delhi,RDD72,M063,Tokyo,E0621,1,PO0325,12457.31,TX0325,Crypto,Paid,PF0404,4.46,164,23.75,,
P0357,Sam,Jain,VortexSam50,samjain0357@estcgp.gg,India,3036,VP0357,Platinum,G01,Valorant,L016,Valorant World 2026,T072,Raiders Delhi,RDD72,M063,Tokyo,E0622,2,PO0326,16276.83,TX0326,Crypto,Paid,PF0405,0.66,99,38.58,,
P0358,Riya,Khan,OmegaRiya57,riyakhan0358@estcgp.gg,India,354,VP0358,Silver,G01,Valorant,L016,Valorant World 2026,T072,Raiders Delhi,RDD72,M063,Tokyo,E0623,3,PO0327,15749.93,TX0327,UPI,Paid,PF0406,6.68,213,97.22,,
P0359,John,Singh,TitanJohn95,johnsingh0359@estcgp.gg,India,3018,VP0359,Bronze,G01,Valorant,L016,Valorant World 2026,T072,Raiders Delhi,RDD72,M063,Tokyo,E0624,4,PO0328,16513.15,TX0328,Wallet,Paid,PF0407,4.34,73,77.08,V0090,TriggerBot
P0360,Aman,Khan,NovaAman20,amankhan0360@estcgp.gg,India,2650,VP0360,Silver,G01,Valorant,L016,Valorant World 2026,T072,Raiders Delhi,RDD72,M063,Tokyo,E0625,5,PO0329,7494.88,TX0329,Wallet,Paid,PF0408,3.56,417,100.00,V0091,Wallhack
P0011,Sara,Joshi,HyperSara39,sarajoshi0011@estcgp.gg,India,3950,VP0011,Gold,G01,Valorant,L016,Valorant World 2026,T003,Nova Pune,NVP03,M063,Tokyo,E0626,1,PO0330,20013.68,TX0330,UPI,Paid,PF0409,2.11,658,89.10,,
P0012,Sara,Khan,QuantumSara36,sarakhan0012@estcgp.gg,India,2544,VP0012,Silver,G01,Valorant,L016,Valorant World 2026,T003,Nova Pune,NVP03,M063,Tokyo,E0627,2,,,,,,,,,,,
P0013,Sam,Chopra,PrimeSam21,samchopra0013@estcgp.gg,USA,4363,VP0013,Bronze,G01,Valorant,L016,Valorant World 2026,T003,Nova Pune,NVP03,M063,Tokyo,E0628,3,PO0331,40814.42,TX0331,UPI,Paid,PF0410,8.71,277,100.00,,
P0014,Sara,Khan,HyperSara75,sarakhan0014@estcgp.gg,India,462,VP0014,Bronze,G01,Valorant,L016,Valorant World 2026,T003,Nova Pune,NVP03,M063,Tokyo,E0629,4,PO0332,26769.29,TX0332,Bank,Paid,PF0411,2.97,12,0.33,,
P0015,Alex,Gupta,PhoenixAlex61,alexgupta0015@estcgp.gg,USA,1224,VP0015,Silver,G01,Valorant,L016,Valorant World 2026,T003,Nova Pune,NVP03,M063,Tokyo,E0630,5,PO0333,34507.14,TX0333,Crypto,Paid,PF0412,0.00,215,37.23,,
P0011,Sara,Joshi,HyperSara39,sarajoshi0011@estcgp.gg,India,3950,VP0011,Gold,G02,CS2,L017,CS2 Open 2026,T003,Nova Pune,NVP03,M064,London,E0631,1,PO0334,9990.03,TX0334,Crypto,Paid,PF0413,0.00,273,38.54,,
P0012,Sara,Khan,QuantumSara36,sarakhan0012@estcgp.gg,India,2544,VP0012,Silver,G02,CS2,L017,CS2 Open 2026,T003,Nova Pune,NVP03,M064,London,E0632,2,PO0335,44232.40,TX0335,UPI,Paid,PF0414,8.13,192,45.53,V0092,Wallhack
P0013,Sam,Chopra,PrimeSam21,samchopra0013@estcgp.gg,USA,4363,VP0013,Bronze,G02,CS2,L017,CS2 Open 2026,T003,Nova Pune,NVP03,M064,London,E0633,3,PO0336,39276.65,TX0336,Wallet,Paid,PF0415,2.38,347,71.27,,
P0014,Sara,Khan,HyperSara75,sarakhan0014@estcgp.gg,India,462,VP0014,Bronze,G02,CS2,L017,CS2 Open 2026,T003,Nova Pune,NVP03,M064,London,E0634,4,PO0337,42744.15,TX0337,Bank,Paid,PF0416,1.76,357,77.41,,
P0015,Alex,Gupta,PhoenixAlex61,alexgupta0015@estcgp.gg,USA,1224,VP0015,Silver,G02,CS2,L017,CS2 Open 2026,T003,Nova Pune,NVP03,M064,London,E0635,5,PO0338,31709.04,TX0338,UPI,Paid,PF0417,1.32,640,28.92,,
P0166,Alex,Singh,SilentAlex4,alexsingh0166@estcgp.gg,India,4698,VP0166,Gold,G02,CS2,L017,CS2 Open 2026,T034,Titans Hyderabad,TTH34,M064,London,E0636,1,PO0339,26929.15,TX0339,Crypto,Paid,PF0418,5.00,377,100.00,,
P0167,Sam,Patel,CyberSam82,sampatel0167@estcgp.gg,India,727,VP0167,Silver,G02,CS2,L017,CS2 Open 2026,T034,Titans Hyderabad,TTH34,M064,London,E0637,2,,,,,,,,,,,
P0168,Sam,Patel,PixelSam27,sampatel0168@estcgp.gg,India,4374,VP0168,Silver,G02,CS2,L017,CS2 Open 2026,T034,Titans Hyderabad,TTH34,M064,London,E0638,3,PO0340,15102.13,TX0340,UPI,Pending,PF0419,5.13,512,100.00,V0093,Other
P0169,Alex,Khan,CyberAlex10,alexkhan0169@estcgp.gg,USA,3367,VP0169,Gold,G02,CS2,L017,CS2 Open 2026,T034,Titans Hyderabad,TTH34,M064,London,E0639,4,PO0341,22951.11,TX0341,Bank,Paid,PF0420,0.00,189,100.00,,
P0170,Sara,Khan,BlazeSara69,sarakhan0170@estcgp.gg,India,3175,VP0170,Platinum,G02,CS2,L017,CS2 Open 2026,T034,Titans Hyderabad,TTH34,M064,London,E0640,5,PO0342,6227.08,TX0342,Bank,Paid,PF0421,0.53,675,100.00,V0094,TriggerBot
P0166,Alex,Singh,SilentAlex4,alexsingh0166@estcgp.gg,India,4698,VP0166,Gold,G02,CS2,L018,CS2 Spring 2026,T034,Titans Hyderabad,TTH34,M065,Mumbai,E0641,1,PO0343,883.45,TX0343,Bank,Paid,PF0422,3.49,281,48.56,,
P0167,Sam,Patel,CyberSam82,sampatel0167@estcgp.gg,India,727,VP0167,Silver,G02,CS2,L018,CS2 Spring 2026,T034,Titans Hyderabad,TTH34,M065,Mumbai,E0642,2,PO0344,4192.56,TX0344,Wallet,Paid,PF0423,8.36,663,100.00,,
P0168,Sam,Patel,PixelSam27,sampatel0168@estcgp.gg,India,4374,VP0168,Silver,G02,CS2,L018,CS2 Spring 2026,T034,Titans Hyderabad,TTH34,M065,Mumbai,E0643,3,PO0345,8031.55,TX0345,PayPal,Paid,PF0424,0.00,337,100.00,,
P0169,Alex,Khan,CyberAlex10,alexkhan0169@estcgp.gg,USA,3367,VP0169,Gold,G02,CS2,L018,CS2 Spring 2026,T034,Titans Hyderabad,TTH34,M065,Mumbai,E0644,4,PO0346,4571.67,TX0346,Bank,Paid,PF0425,2.60,459,100.00,,
P0170,Sara,Khan,BlazeSara69,sarakhan0170@estcgp.gg,India,3175,VP0170,Platinum,G02,CS2,L018,CS2 Spring 2026,T034,Titans Hyderabad,TTH34,M065,Mumbai,E0645,5,PO0347,9125.57,TX0347,UPI,Paid,PF0426,2.17,292,100.00,,
P0016,Aman,Chopra,NeonAman65,amanchopra0016@estcgp.gg,India,3389,VP0016,Gold,G02,CS2,L018,CS2 Spring 2026,T004,Nova Hyderabad,NVH04,M065,Mumbai,E0646,1,PO0348,48722.05,TX0348,Bank,SUCCESS,PF0427,1.79,141,40.71,,
P0017,Alex,Yadav,IronAlex18,alexyadav0017@estcgp.gg,India,3091,VP0017,Platinum,G02,CS2,L018,CS2 Spring 2026,T004,Nova Hyderabad,NVH04,M065,Mumbai,E0647,2,,,,,,,,,,,
P0018,John,Yadav,SilentJohn93,johnyadav0018@estcgp.gg,India,4026,VP0018,Silver,G02,CS2,L018,CS2 Spring 2026,T004,Nova Hyderabad,NVH04,M065,Mumbai,E0648,3,PO0349,19770.54,TX0349,Crypto,Paid,PF0428,6.19,23,12.01,V0095,SpeedHack
P0019,Alex,Joshi,PhoenixAlex55,alexjoshi0019@estcgp.gg,USA,518,VP0019,Silver,G02,CS2,L018,CS2 Spring 2026,T004,Nova Hyderabad,NVH04,M065,Mumbai,E0649,4,PO0350,18446.10,TX0350,Crypto,Paid,PF0429,4.75,61,100.00,,
P0020,Alex,Khan,BlazeAlex39,alexkhan0020@estcgp.gg,India,4299,VP0020,Bronze,G02,CS2,L018,CS2 Spring 2026,T004,Nova Hyderabad,NVH04,M065,Mumbai,E0650,5,PO0351,12500.88,TX0351,Bank,Paid,PF0430,0.00,234,2.58,V0096,TriggerBot
P0016,Aman,Chopra,NeonAman65,amanchopra0016@estcgp.gg,India,3389,VP0016,Gold,G02,CS2,L019,CS2 Summer 2026,T004,Nova Hyderabad,NVH04,M066,Frankfurt,E0651,1,PO0352,56463.55,TX0352,Wallet,Paid,PF0431,6.53,573,56.40,,
P0017,Alex,Yadav,IronAlex18,alexyadav0017@estcgp.gg,India,3091,VP0017,Platinum,G02,CS2,L019,CS2 Summer 2026,T004,Nova Hyderabad,NVH04,M066,Frankfurt,E0652,2,PO0353,53485.88,TX0353,UPI,Paid,PF0432,3.05,116,74.14,,
P0018,John,Yadav,SilentJohn93,johnyadav0018@estcgp.gg,India,4026,VP0018,Silver,G02,CS2,L019,CS2 Summer 2026,T004,Nova Hyderabad,NVH04,M066,Frankfurt,E0653,3,PO0354,2067.20,TX0354,UPI,Pending,PF0433,7.88,73,69.76,,
P0019,Alex,Joshi,PhoenixAlex55,alexjoshi0019@estcgp.gg,USA,518,VP0019,Silver,G02,CS2,L019,CS2 Summer 2026,T004,Nova Hyderabad,NVH04,M066,Frankfurt,E0654,4,PO0355,8217.42,TX0355,Crypto,SUCCESS,PF0434,0.00,212,18.20,,
P0020,Alex,Khan,BlazeAlex39,alexkhan0020@estcgp.gg,India,4299,VP0020,Bronze,G02,CS2,L019,CS2 Summer 2026,T004,Nova Hyderabad,NVH04,M066,Frankfurt,E0655,5,PO0356,36043.15,TX0356,Wallet,Paid,PF0435,7.38,95,100.00,V0097,Wallhack
P0341,Sara,Khan,ApexSara23,sarakhan0341@estcgp.gg,India,980,VP0341,Bronze,G02,CS2,L019,CS2 Summer 2026,T069,Knights Frankfurt,KNF69,M066,Frankfurt,E0656,1,PO0357,16075.75,TX0357,Wallet,Pending,PF0436,5.41,406,100.00,,
P0342,Aman,Singh,DragonAman46,amansingh0342@estcgp.gg,USA,4280,VP0342,Gold,G02,CS2,L019,CS2 Summer 2026,T069,Knights Frankfurt,KNF69,M066,Frankfurt,E0657,2,PO0358,27500.73,TX0358,Wallet,Paid,PF0437,6.54,534,4.36,,
P0343,Riya,Singh,CrimsonRiya31,riyasingh0343@estcgp.gg,India,3462,VP0343,Silver,G02,CS2,L019,CS2 Summer 2026,T069,Knights Frankfurt,KNF69,M066,Frankfurt,E0658,3,PO0359,12163.79,TX0359,Crypto,Paid,PF0438,6.25,440,2.01,,
P0344,Riya,Singh,KnightRiya9,riyasingh0344@estcgp.gg,USA,4408,VP0344,Gold,G02,CS2,L019,CS2 Summer 2026,T069,Knights Frankfurt,KNF69,M066,Frankfurt,E0659,4,PO0360,13300.56,TX0360,Wallet,Paid,PF0439,1.48,317,72.84,,
P0345,Aman,Malhotra,GhostAman9,amanmalhotra0345@estcgp.gg,India,4648,VP0345,Bronze,G02,CS2,L019,CS2 Summer 2026,T069,Knights Frankfurt,KNF69,M066,Frankfurt,E0660,5,PO0361,20053.27,TX0361,UPI,Paid,PF0440,4.66,28,90.35,,
P0341,Sara,Khan,ApexSara23,sarakhan0341@estcgp.gg,India,980,VP0341,Bronze,G02,CS2,L020,CS2 World 2026,T069,Knights Frankfurt,KNF69,M067,Singapore,E0661,1,PO0362,28365.13,TX0362,Wallet,Paid,PF0441,0.00,692,64.25,V0098,Wallhack
P0342,Aman,Singh,DragonAman46,amansingh0342@estcgp.gg,USA,4280,VP0342,Gold,G02,CS2,L020,CS2 World 2026,T069,Knights Frankfurt,KNF69,M067,Singapore,E0662,2,PO0363,20490.50,TX0363,UPI,SUCCESS,PF0442,5.22,282,77.82,V0099,Wallhack
P0343,Riya,Singh,CrimsonRiya31,riyasingh0343@estcgp.gg,India,3462,VP0343,Silver,G02,CS2,L020,CS2 World 2026,T069,Knights Frankfurt,KNF69,M067,Singapore,E0663,3,PO0364,18307.89,TX0364,Bank,Paid,PF0443,7.00,695,100.00,,
P0344,Riya,Singh,KnightRiya9,riyasingh0344@estcgp.gg,USA,4408,VP0344,Gold,G02,CS2,L020,CS2 World 2026,T069,Knights Frankfurt,KNF69,M067,Singapore,E0664,4,PO0365,17286.81,TX0365,Wallet,Paid,PF0444,0.00,433,32.92,,
P0345,Aman,Malhotra,GhostAman9,amanmalhotra0345@estcgp.gg,India,4648,VP0345,Bronze,G02,CS2,L020,CS2 World 2026,T069,Knights Frankfurt,KNF69,M067,Singapore,E0665,5,PO0366,11776.41,TX0366,Crypto,SUCCESS,PF0445,0.00,510,54.05,,
P0516,Riya,Pillai,TitanRiya19,riyapillai0516@estcgp.gg,India,722,VP0516,Silver,G02,CS2,L020,CS2 World 2026,T104,Nexus Hyderabad,NXH104,M067,Singapore,E0666,1,PO0367,20981.42,TX0367,Wallet,Paid,PF0446,0.00,5,50.16,,
P0517,Aman,Kumar,LunaAman29,amankumar0517@estcgp.gg,India,3065,VP0517,Silver,G02,CS2,L020,CS2 World 2026,T104,Nexus Hyderabad,NXH104,M067,Singapore,E0667,2,PO0368,724.20,TX0368,PayPal,Paid,PF0447,4.06,215,95.95,,
P0518,Sara,Yadav,NitroSara69,sarayadav0518@estcgp.gg,USA,852,VP0518,Silver,G02,CS2,L020,CS2 World 2026,T104,Nexus Hyderabad,NXH104,M067,Singapore,E0668,3,PO0369,36626.35,TX0369,Bank,Paid,PF0448,1.20,325,100.00,,
P0519,Sam,Khan,PrimeSam84,samkhan0519@estcgp.gg,India,1699,VP0519,Bronze,G02,CS2,L020,CS2 World 2026,T104,Nexus Hyderabad,NXH104,M067,Singapore,E0669,4,PO0370,12939.96,TX0370,Crypto,Pending,PF0449,7.20,603,1.03,V0100,Wallhack
P0520,Aman,Khan,PixelAman93,amankhan0520@estcgp.gg,India,1851,VP0520,Silver,G02,CS2,L020,CS2 World 2026,T104,Nexus Hyderabad,NXH104,M067,Singapore,E0670,5,PO0371,33890.31,TX0371,Crypto,Paid,PF0450,6.75,451,67.40,,
P0516,Riya,Pillai,TitanRiya19,riyapillai0516@estcgp.gg,India,722,VP0516,Silver,G03,Dota2,L021,Dota2 Open 2026,T104,Nexus Hyderabad,NXH104,M068,Tokyo,E0671,1,,,,,,,,,,,
P0517,Aman,Kumar,LunaAman29,amankumar0517@estcgp.gg,India,3065,VP0517,Silver,G03,Dota2,L021,Dota2 Open 2026,T104,Nexus Hyderabad,NXH104,M068,Tokyo,E0672,2,,,,,,,,,,,
P0518,Sara,Yadav,NitroSara69,sarayadav0518@estcgp.gg,USA,852,VP0518,Silver,G03,Dota2,L021,Dota2 Open 2026,T104,Nexus Hyderabad,NXH104,M068,Tokyo,E0673,3,,,,,,,,,,,
P0519,Sam,Khan,PrimeSam84,samkhan0519@estcgp.gg,India,1699,VP0519,Bronze,G03,Dota2,L021,Dota2 Open 2026,T104,Nexus Hyderabad,NXH104,M068,Tokyo,E0674,4,,,,,,,,,,,
P0520,Aman,Khan,PixelAman93,amankhan0520@estcgp.gg,India,1851,VP0520,Silver,G03,Dota2,L021,Dota2 Open 2026,T104,Nexus Hyderabad,NXH104,M068,Tokyo,E0675,5,,,,,,,,,,,
P0256,Sara,Patel,RogueSara68,sarapatel0256@estcgp.gg,USA,0,VP0256,Gold,G03,Dota2,L021,Dota2 Open 2026,T052,Wolves Delhi,WVD52,M068,Tokyo,E0676,1,,,,,,,,,,,
P0257,Alex,Khan,PulseAlex12,alexkhan0257@estcgp.gg,India,950,VP0257,Bronze,G03,Dota2,L021,Dota2 Open 2026,T052,Wolves Delhi,WVD52,M068,Tokyo,E0677,2,,,,,,,,,,,
P0258,Sara,Khan,PixelSara65,sarakhan0258@estcgp.gg,USA,4322,VP0258,Gold,G03,Dota2,L021,Dota2 Open 2026,T052,Wolves Delhi,WVD52,M068,Tokyo,E0678,3,,,,,,,,,,,
P0259,Alex,Patel,StormAlex79,alexpatel0259@estcgp.gg,India,202,VP0259,Silver,G03,Dota2,L021,Dota2 Open 2026,T052,Wolves Delhi,WVD52,M068,Tokyo,E0679,4,,,,,,,,,,,
P0260,Riya,Khan,IronRiya49,riyakhan0260@estcgp.gg,India,477,VP0260,Bronze,G03,Dota2,L021,Dota2 Open 2026,T052,Wolves Delhi,WVD52,M068,Tokyo,E0680,5,,,,,,,,,,,
P0256,Sara,Patel,RogueSara68,sarapatel0256@estcgp.gg,USA,0,VP0256,Gold,G03,Dota2,L022,Dota2 Spring 2026,T052,Wolves Delhi,WVD52,M069,London,E0681,1,,,,,,PF0451,6.31,138,16.48,,
P0257,Alex,Khan,PulseAlex12,alexkhan0257@estcgp.gg,India,950,VP0257,Bronze,G03,Dota2,L022,Dota2 Spring 2026,T052,Wolves Delhi,WVD52,M069,London,E0682,2,,,,,,PF0452,5.22,318,30.38,V0101,TriggerBot
P0258,Sara,Khan,PixelSara65,sarakhan0258@estcgp.gg,USA,4322,VP0258,Gold,G03,Dota2,L022,Dota2 Spring 2026,T052,Wolves Delhi,WVD52,M069,London,E0683,3,,,,,,PF0453,0.00,184,66.94,,
P0259,Alex,Patel,StormAlex79,alexpatel0259@estcgp.gg,India,202,VP0259,Silver,G03,Dota2,L022,Dota2 Spring 2026,T052,Wolves Delhi,WVD52,M069,London,E0684,4,,,,,,PF0454,0.43,304,96.30,,
P0260,Riya,Khan,IronRiya49,riyakhan0260@estcgp.gg,India,477,VP0260,Bronze,G03,Dota2,L022,Dota2 Spring 2026,T052,Wolves Delhi,WVD52,M069,London,E0685,5,,,,,,PF0455,3.14,540,8.00,,
P0526,Sam,Yadav,NitroSam4,samyadav0526@estcgp.gg,India,957,VP0526,Silver,G03,Dota2,L022,Dota2 Spring 2026,T106,Nexus Chennai,NXC106,M069,London,E0686,1,,,,,,PF0456,3.25,472,16.12,V0102,Aimbot
P0527,Sam,Khan,TitanSam63,samkhan0527@estcgp.gg,India,1660,VP0527,Platinum,G03,Dota2,L022,Dota2 Spring 2026,T106,Nexus Chennai,NXC106,M069,London,E0687,2,,,,,,PF0457,0.00,690,100.00,,
P0528,Alex,Yadav,WolfAlex27,alexyadav0528@estcgp.gg,India,2200,VP0528,Gold,G03,Dota2,L022,Dota2 Spring 2026,T106,Nexus Chennai,NXC106,M069,London,E0688,3,,,,,,PF0458,3.80,75,100.00,,
P0529,Riya,Mehta,ApexRiya34,riyamehta0529@estcgp.gg,USA,4890,VP0529,Gold,G03,Dota2,L022,Dota2 Spring 2026,T106,Nexus Chennai,NXC106,M069,London,E0689,4,,,,,,PF0459,0.00,368,36.41,,
P0530,Sara,Yadav,ViperSara3,sarayadav0530@estcgp.gg,India,4323,VP0530,Bronze,G03,Dota2,L022,Dota2 Spring 2026,T106,Nexus Chennai,NXC106,M069,London,E0690,5,,,,,,PF0460,0.00,629,85.44,,
P0526,Sam,Yadav,NitroSam4,samyadav0526@estcgp.gg,India,957,VP0526,Silver,G03,Dota2,L023,Dota2 Summer 2026,T106,Nexus Chennai,NXC106,M070,Mumbai,E0691,1,,,,,,,,,,,
P0527,Sam,Khan,TitanSam63,samkhan0527@estcgp.gg,India,1660,VP0527,Platinum,G03,Dota2,L023,Dota2 Summer 2026,T106,Nexus Chennai,NXC106,M070,Mumbai,E0692,2,,,,,,,,,,,
P0528,Alex,Yadav,WolfAlex27,alexyadav0528@estcgp.gg,India,2200,VP0528,Gold,G03,Dota2,L023,Dota2 Summer 2026,T106,Nexus Chennai,NXC106,M070,Mumbai,E0693,3,,,,,,,,,,,
P0529,Riya,Mehta,ApexRiya34,riyamehta0529@estcgp.gg,USA,4890,VP0529,Gold,G03,Dota2,L023,Dota2 Summer 2026,T106,Nexus Chennai,NXC106,M070,Mumbai,E0694,4,,,,,,,,,,,
P0530,Sara,Yadav,ViperSara3,sarayadav0530@estcgp.gg,India,4323,VP0530,Bronze,G03,Dota2,L023,Dota2 Summer 2026,T106,Nexus Chennai,NXC106,M070,Mumbai,E0695,5,,,,,,,,,,,
P0241,Sara,Khan,SilentSara19,sarakhan0241@estcgp.gg,India,3840,VP0241,Gold,G03,Dota2,L023,Dota2 Summer 2026,T049,Storm Frankfurt,STF49,M070,Mumbai,E0696,1,,,,,,,,,,,
P0242,Riya,Patel,QuantumRiya84,riyapatel0242@estcgp.gg,India,1031,VP0242,Gold,G03,Dota2,L023,Dota2 Summer 2026,T049,Storm Frankfurt,STF49,M070,Mumbai,E0697,2,,,,,,,,,,,
P0243,Sam,Patel,SilentSam49,sampatel0243@estcgp.gg,India,4894,VP0243,Bronze,G03,Dota2,L023,Dota2 Summer 2026,T049,Storm Frankfurt,STF49,M070,Mumbai,E0698,3,,,,,,,,,,,
P0244,Sara,Khan,ApexSara60,sarakhan0244@estcgp.gg,India,2736,VP0244,Bronze,G03,Dota2,L023,Dota2 Summer 2026,T049,Storm Frankfurt,STF49,M070,Mumbai,E0699,4,,,,,,,,,,,
P0245,Sara,Patel,NitroSara75,sarapatel0245@estcgp.gg,India,3439,VP0245,Bronze,G03,Dota2,L023,Dota2 Summer 2026,T049,Storm Frankfurt,STF49,M070,Mumbai,E0700,5,,,,,,,,,,,
P0241,Sara,Khan,SilentSara19,sarakhan0241@estcgp.gg,India,3840,VP0241,Gold,G03,Dota2,L024,Dota2 World 2026,T049,Storm Frankfurt,STF49,M071,Frankfurt,E0701,1,,,,,,,,,,,
P0242,Riya,Patel,QuantumRiya84,riyapatel0242@estcgp.gg,India,1031,VP0242,Gold,G03,Dota2,L024,Dota2 World 2026,T049,Storm Frankfurt,STF49,M071,Frankfurt,E0702,2,,,,,,,,,,,
P0243,Sam,Patel,SilentSam49,sampatel0243@estcgp.gg,India,4894,VP0243,Bronze,G03,Dota2,L024,Dota2 World 2026,T049,Storm Frankfurt,STF49,M071,Frankfurt,E0703,3,,,,,,,,,,,
P0244,Sara,Khan,ApexSara60,sarakhan0244@estcgp.gg,India,2736,VP0244,Bronze,G03,Dota2,L024,Dota2 World 2026,T049,Storm Frankfurt,STF49,M071,Frankfurt,E0704,4,,,,,,,,,,,
P0245,Sara,Patel,NitroSara75,sarapatel0245@estcgp.gg,India,3439,VP0245,Bronze,G03,Dota2,L024,Dota2 World 2026,T049,Storm Frankfurt,STF49,M071,Frankfurt,E0705,5,,,,,,,,,,,
P0576,Sara,Patel,WolfSara84,sarapatel0576@estcgp.gg,India,4175,VP0576,Silver,G03,Dota2,L024,Dota2 World 2026,T116,Pulse Chennai,PLC116,M071,Frankfurt,E0706,1,,,,,,,,,,,
P0577,Sara,Patel,VortexSara46,sarapatel0577@estcgp.gg,India,3856,VP0577,Silver,G03,Dota2,L024,Dota2 World 2026,T116,Pulse Chennai,PLC116,M071,Frankfurt,E0707,2,,,,,,,,,,,
P0578,Sara,Yadav,StormSara90,sarayadav0578@estcgp.gg,India,4184,VP0578,Platinum,G03,Dota2,L024,Dota2 World 2026,T116,Pulse Chennai,PLC116,M071,Frankfurt,E0708,3,,,,,,,,,,,
P0579,John,Singh,QuantumJohn88,johnsingh0579@estcgp.gg,India,998,VP0579,Silver,G03,Dota2,L024,Dota2 World 2026,T116,Pulse Chennai,PLC116,M071,Frankfurt,E0709,4,,,,,,,,,,,
P0580,Sam,Yadav,NovaSam47,samyadav0580@estcgp.gg,India,4331,VP0580,Diamond,G03,Dota2,L024,Dota2 World 2026,T116,Pulse Chennai,PLC116,M071,Frankfurt,E0710,5,,,,,,,,,,,
P0576,Sara,Patel,WolfSara84,sarapatel0576@estcgp.gg,India,4175,VP0576,Silver,G01,Valorant,L001,Valorant Open 2025,T116,Pulse Chennai,PLC116,M072,Singapore,E0711,1,PO0372,53839.35,TX0372,Bank,Paid,PF0461,3.70,165,100.00,,
P0577,Sara,Patel,VortexSara46,sarapatel0577@estcgp.gg,India,3856,VP0577,Silver,G01,Valorant,L001,Valorant Open 2025,T116,Pulse Chennai,PLC116,M072,Singapore,E0712,2,PO0373,34535.68,TX0373,Crypto,Paid,PF0462,4.91,210,68.83,,
P0578,Sara,Yadav,StormSara90,sarayadav0578@estcgp.gg,India,4184,VP0578,Platinum,G01,Valorant,L001,Valorant Open 2025,T116,Pulse Chennai,PLC116,M072,Singapore,E0713,3,PO0374,34553.35,TX0374,UPI,Paid,PF0463,8.55,498,70.07,V0103,Wallhack
P0579,John,Singh,QuantumJohn88,johnsingh0579@estcgp.gg,India,998,VP0579,Silver,G01,Valorant,L001,Valorant Open 2025,T116,Pulse Chennai,PLC116,M072,Singapore,E0714,4,PO0375,8434.39,TX0375,Wallet,Pending,PF0464,1.04,306,66.32,,
P0580,Sam,Yadav,NovaSam47,samyadav0580@estcgp.gg,India,4331,VP0580,Diamond,G01,Valorant,L001,Valorant Open 2025,T116,Pulse Chennai,PLC116,M072,Singapore,E0715,5,PO0376,5445.35,TX0376,Bank,Paid,PF0465,7.04,578,100.00,,
P0291,John,Patel,QuantumJohn3,johnpatel0291@estcgp.gg,India,3547,VP0291,Gold,G01,Valorant,L001,Valorant Open 2025,T059,Wolves Frankfurt,WVF59,M072,Singapore,E0716,1,PO0377,35225.06,TX0377,Bank,Paid,PF0466,7.78,0,35.61,,
P0292,Alex,Patel,GhostAlex85,alexpatel0292@estcgp.gg,India,4104,VP0292,Bronze,G01,Valorant,L001,Valorant Open 2025,T059,Wolves Frankfurt,WVF59,M072,Singapore,E0717,2,PO0378,19155.88,TX0378,Crypto,SUCCESS,PF0467,4.23,0,57.36,,
P0293,John,Yadav,LunaJohn86,johnyadav0293@estcgp.gg,India,1489,VP0293,Silver,G01,Valorant,L001,Valorant Open 2025,T059,Wolves Frankfurt,WVF59,M072,Singapore,E0718,3,PO0379,14674.11,TX0379,Wallet,Paid,PF0468,5.21,174,4.22,,
P0294,Aman,Singh,PixelAman36,amansingh0294@estcgp.gg,India,971,VP0294,Silver,G01,Valorant,L001,Valorant Open 2025,T059,Wolves Frankfurt,WVF59,M072,Singapore,E0719,4,PO0380,5555.54,TX0380,Bank,Paid,PF0469,6.49,111,60.70,,
P0295,John,Khan,PixelJohn82,johnkhan0295@estcgp.gg,India,4149,VP0295,Gold,G01,Valorant,L001,Valorant Open 2025,T059,Wolves Frankfurt,WVF59,M072,Singapore,E0720,5,PO0381,8521.13,TX0381,Bank,SUCCESS,PF0470,0.18,347,73.57,V0104,Aimbot
P0291,John,Patel,QuantumJohn3,johnpatel0291@estcgp.gg,India,3547,VP0291,Gold,G01,Valorant,L002,Valorant Spring 2025,T059,Wolves Frankfurt,WVF59,M073,Tokyo,E0721,1,PO0382,11676.95,TX0382,Bank,Pending,PF0471,8.42,19,67.06,,
P0292,Alex,Patel,GhostAlex85,alexpatel0292@estcgp.gg,India,4104,VP0292,Bronze,G01,Valorant,L002,Valorant Spring 2025,T059,Wolves Frankfurt,WVF59,M073,Tokyo,E0722,2,PO0383,1111.94,TX0383,Wallet,Paid,PF0472,1.25,390,65.44,,
P0293,John,Yadav,LunaJohn86,johnyadav0293@estcgp.gg,India,1489,VP0293,Silver,G01,Valorant,L002,Valorant Spring 2025,T059,Wolves Frankfurt,WVF59,M073,Tokyo,E0723,3,PO0384,524.79,TX0384,UPI,Failed,PF0473,1.57,298,41.30,,
P0294,Aman,Singh,PixelAman36,amansingh0294@estcgp.gg,India,971,VP0294,Silver,G01,Valorant,L002,Valorant Spring 2025,T059,Wolves Frankfurt,WVF59,M073,Tokyo,E0724,4,PO0385,25270.80,TX0385,UPI,Paid,PF0474,5.28,418,74.06,V0105,Aimbot
P0295,John,Khan,PixelJohn82,johnkhan0295@estcgp.gg,India,4149,VP0295,Gold,G01,Valorant,L002,Valorant Spring 2025,T059,Wolves Frankfurt,WVF59,M073,Tokyo,E0725,5,PO0386,19026.03,TX0386,Crypto,Paid,PF0475,0.00,478,97.66,,
P0446,Alex,Patel,ShadowAlex2,alexpatel0446@estcgp.gg,India,2373,VP0446,Bronze,G01,Valorant,L002,Valorant Spring 2025,T090,Apex London,AXL90,M073,Tokyo,E0726,1,PO0387,6431.31,TX0387,UPI,Paid,PF0476,2.27,86,100.00,,
P0447,Riya,Khan,RogueRiya70,riyakhan0447@estcgp.gg,India,3122,VP0447,Bronze,G01,Valorant,L002,Valorant Spring 2025,T090,Apex London,AXL90,M073,Tokyo,E0727,2,,,,,,PF0477,4.22,232,100.00,V0106,Aimbot
P0448,Sam,Patel,DragonSam74,sampatel0448@estcgp.gg,India,4661,VP0448,Silver,G01,Valorant,L002,Valorant Spring 2025,T090,Apex London,AXL90,M073,Tokyo,E0728,3,PO0388,32960.53,TX0388,Crypto,SUCCESS,PF0478,7.92,609,18.27,,
P0449,Sara,Singh,RogueSara39,sarasingh0449@estcgp.gg,India,3206,VP0449,Silver,G01,Valorant,L002,Valorant Spring 2025,T090,Apex London,AXL90,M073,Tokyo,E0729,4,PO0389,31976.50,TX0389,Bank,Paid,PF0479,6.23,547,59.40,,
P0450,Sam,Taylor,GhostSam8,samtaylor0450@estcgp.gg,India,3883,VP0450,Gold,G01,Valorant,L002,Valorant Spring 2025,T090,Apex London,AXL90,M073,Tokyo,E0730,5,PO0390,20603.90,TX0390,UPI,Pending,PF0480,5.18,13,100.00,,
P0446,Alex,Patel,ShadowAlex2,alexpatel0446@estcgp.gg,India,2373,VP0446,Bronze,G01,Valorant,L003,Valorant Summer 2025,T090,Apex London,AXL90,M074,London,E0731,1,,,,,,PF0481,8.89,303,38.29,,
P0447,Riya,Khan,RogueRiya70,riyakhan0447@estcgp.gg,India,3122,VP0447,Bronze,G01,Valorant,L003,Valorant Summer 2025,T090,Apex London,AXL90,M074,London,E0732,2,PO0391,21128.26,TX0391,PayPal,Paid,PF0482,7.90,652,51.15,,
P0448,Sam,Patel,DragonSam74,sampatel0448@estcgp.gg,India,4661,VP0448,Silver,G01,Valorant,L003,Valorant Summer 2025,T090,Apex London,AXL90,M074,London,E0733,3,PO0392,13137.61,TX0392,Wallet,Paid,PF0483,7.28,466,25.00,,
P0449,Sara,Singh,RogueSara39,sarasingh0449@estcgp.gg,India,3206,VP0449,Silver,G01,Valorant,L003,Valorant Summer 2025,T090,Apex London,AXL90,M074,London,E0734,4,PO0393,21725.10,TX0393,Wallet,Paid,PF0484,5.19,421,55.12,V0107,TriggerBot
P0450,Sam,Taylor,GhostSam8,samtaylor0450@estcgp.gg,India,3883,VP0450,Gold,G01,Valorant,L003,Valorant Summer 2025,T090,Apex London,AXL90,M074,London,E0735,5,PO0394,18675.19,TX0394,UPI,Paid,PF0485,6.34,541,42.73,V0108,Aimbot
P0141,Riya,Singh,GhostRiya54,riyasingh0141@estcgp.gg,India,880,VP0141,Silver,G01,Valorant,L003,Valorant Summer 2025,T029,Dragons Frankfurt,DGF29,M074,London,E0736,1,PO0395,24508.69,TX0395,Wallet,Paid,PF0486,3.73,615,4.40,,
P0142,John,Khan,PulseJohn2,johnkhan0142@estcgp.gg,India,1574,VP0142,Silver,G01,Valorant,L003,Valorant Summer 2025,T029,Dragons Frankfurt,DGF29,M074,London,E0737,2,PO0396,17230.85,TX0396,Bank,Failed,PF0487,2.10,249,1.84,,
P0143,Sam,Yadav,FrostSam27,samyadav0143@estcgp.gg,USA,1538,VP0143,Gold,G01,Valorant,L003,Valorant Summer 2025,T029,Dragons Frankfurt,DGF29,M074,London,E0738,3,PO0397,13124.28,TX0397,Crypto,Paid,PF0488,0.00,446,100.00,,
P0144,Riya,Khan,ViperRiya70,riyakhan0144@estcgp.gg,India,3194,VP0144,Gold,G01,Valorant,L003,Valorant Summer 2025,T029,Dragons Frankfurt,DGF29,M074,London,E0739,4,PO0398,22606.54,TX0398,Crypto,Paid,PF0489,7.24,569,84.29,,
P0145,Aman,Jain,IronAman79,amanjain0145@estcgp.gg,India,2270,VP0145,Diamond,G01,Valorant,L003,Valorant Summer 2025,T029,Dragons Frankfurt,DGF29,M074,London,E0740,5,PO0399,20489.81,TX0399,Wallet,Paid,PF0490,0.00,472,100.00,,
P0141,Riya,Singh,GhostRiya54,riyasingh0141@estcgp.gg,India,880,VP0141,Silver,G01,Valorant,L004,Valorant World 2025,T029,Dragons Frankfurt,DGF29,M075,Mumbai,E0741,1,PO0400,36711.85,TX0400,UPI,SUCCESS,PF0491,2.22,0,35.37,V0109,Aimbot
P0142,John,Khan,PulseJohn2,johnkhan0142@estcgp.gg,India,1574,VP0142,Silver,G01,Valorant,L004,Valorant World 2025,T029,Dragons Frankfurt,DGF29,M075,Mumbai,E0742,2,PO0401,14712.79,TX0401,Bank,Paid,PF0492,6.25,84,100.00,,
P0143,Sam,Yadav,FrostSam27,samyadav0143@estcgp.gg,USA,1538,VP0143,Gold,G01,Valorant,L004,Valorant World 2025,T029,Dragons Frankfurt,DGF29,M075,Mumbai,E0743,3,PO0402,5147.14,TX0402,Crypto,SUCCESS,PF0493,2.67,628,55.43,,
P0144,Riya,Khan,ViperRiya70,riyakhan0144@estcgp.gg,India,3194,VP0144,Gold,G01,Valorant,L004,Valorant World 2025,T029,Dragons Frankfurt,DGF29,M075,Mumbai,E0744,4,PO0403,10039.87,TX0403,Bank,Paid,PF0494,8.62,195,51.91,,
P0145,Aman,Jain,IronAman79,amanjain0145@estcgp.gg,India,2270,VP0145,Diamond,G01,Valorant,L004,Valorant World 2025,T029,Dragons Frankfurt,DGF29,M075,Mumbai,E0745,5,PO0404,380.26,TX0404,Crypto,SUCCESS,PF0495,0.14,231,45.34,,
P0361,Sam,Khan,ShadowSam53,samkhan0361@estcgp.gg,India,378,VP0361,Gold,G01,Valorant,L004,Valorant World 2025,T073,Raiders Pune,RDP73,M075,Mumbai,E0746,1,PO0405,56516.40,TX0405,UPI,SUCCESS,PF0496,7.43,216,39.00,V0110,Aimbot
P0362,Sara,Mehta,QuantumSara38,saramehta0362@estcgp.gg,India,284,VP0362,Gold,G01,Valorant,L004,Valorant World 2025,T073,Raiders Pune,RDP73,M075,Mumbai,E0747,2,PO0406,46037.24,TX0406,Wallet,Paid,PF0497,0.00,93,44.40,,
P0363,John,Yadav,BlazeJohn90,johnyadav0363@estcgp.gg,USA,3675,VP0363,Silver,G01,Valorant,L004,Valorant World 2025,T073,Raiders Pune,RDP73,M075,Mumbai,E0748,3,,,,,,,,,,,
P0364,John,Patel,NitroJohn92,johnpatel0364@estcgp.gg,India,3943,VP0364,Silver,G01,Valorant,L004,Valorant World 2025,T073,Raiders Pune,RDP73,M075,Mumbai,E0749,4,PO0407,27637.01,TX0407,UPI,Paid,PF0498,3.40,518,74.30,V0111,TriggerBot
P0365,Alex,Sharma,CyberAlex21,alexsharma0365@estcgp.gg,USA,4801,VP0365,Gold,G01,Valorant,L004,Valorant World 2025,T073,Raiders Pune,RDP73,M075,Mumbai,E0750,5,PO0408,9144.06,TX0408,Crypto,Paid,PF0499,2.09,672,5.95,,
P0361,Sam,Khan,ShadowSam53,samkhan0361@estcgp.gg,India,378,VP0361,Gold,G02,CS2,L005,CS2 Open 2025,T073,Raiders Pune,RDP73,M076,Frankfurt,E0751,1,PO0409,43150.61,TX0409,Crypto,Paid,PF0500,0.00,23,54.75,,
P0362,Sara,Mehta,QuantumSara38,saramehta0362@estcgp.gg,India,284,VP0362,Gold,G02,CS2,L005,CS2 Open 2025,T073,Raiders Pune,RDP73,M076,Frankfurt,E0752,2,PO0410,27212.91,TX0410,UPI,Paid,PF0501,1.13,601,99.54,,
P0363,John,Yadav,BlazeJohn90,johnyadav0363@estcgp.gg,USA,3675,VP0363,Silver,G02,CS2,L005,CS2 Open 2025,T073,Raiders Pune,RDP73,M076,Frankfurt,E0753,3,PO0411,924.90,TX0411,Bank,Paid,PF0502,8.34,128,90.56,,
P0364,John,Patel,NitroJohn92,johnpatel0364@estcgp.gg,India,3943,VP0364,Silver,G02,CS2,L005,CS2 Open 2025,T073,Raiders Pune,RDP73,M076,Frankfurt,E0754,4,PO0412,13700.30,TX0412,Wallet,Paid,PF0503,4.64,321,0.12,,
P0365,Alex,Sharma,CyberAlex21,alexsharma0365@estcgp.gg,USA,4801,VP0365,Gold,G02,CS2,L005,CS2 Open 2025,T073,Raiders Pune,RDP73,M076,Frankfurt,E0755,5,PO0413,38434.83,TX0413,UPI,Paid,PF0504,0.00,321,97.81,,
P0091,Riya,Yadav,HyperRiya31,riyayadav0091@estcgp.gg,India,2598,VP0091,Silver,G02,CS2,L005,CS2 Open 2025,T019,Phoenix Frankfurt,PXF19,M076,Frankfurt,E0756,1,PO0414,12625.80,TX0414,PayPal,Paid,PF0505,0.86,9,17.57,V0112,Aimbot
P0092,Sam,Singh,QuantumSam3,samsingh0092@estcgp.gg,India,823,VP0092,Silver,G02,CS2,L005,CS2 Open 2025,T019,Phoenix Frankfurt,PXF19,M076,Frankfurt,E0757,2,PO0415,32682.66,TX0415,Bank,Paid,PF0506,3.82,366,67.58,,
P0093,John,Yadav,QuantumJohn78,johnyadav0093@estcgp.gg,India,955,VP0093,Bronze,G02,CS2,L005,CS2 Open 2025,T019,Phoenix Frankfurt,PXF19,M076,Frankfurt,E0758,3,PO0416,231.63,TX0416,Wallet,Paid,PF0507,6.78,144,75.98,V0113,Aimbot
P0094,Sam,Yadav,LunaSam75,samyadav0094@estcgp.gg,India,4224,VP0094,Bronze,G02,CS2,L005,CS2 Open 2025,T019,Phoenix Frankfurt,PXF19,M076,Frankfurt,E0759,4,PO0417,23096.18,TX0417,Crypto,Pending,PF0508,4.06,181,0.49,,
P0095,Alex,Singh,PhoenixAlex52,alexsingh0095@estcgp.gg,India,440,VP0095,Gold,G02,CS2,L005,CS2 Open 2025,T019,Phoenix Frankfurt,PXF19,M076,Frankfurt,E0760,5,PO0418,3139.32,TX0418,Wallet,SUCCESS,PF0509,5.39,255,13.67,,
P0091,Riya,Yadav,HyperRiya31,riyayadav0091@estcgp.gg,India,2598,VP0091,Silver,G02,CS2,L006,CS2 Spring 2025,T019,Phoenix Frankfurt,PXF19,M077,Singapore,E0761,1,,,,,,,,,,,
P0092,Sam,Singh,QuantumSam3,samsingh0092@estcgp.gg,India,823,VP0092,Silver,G02,CS2,L006,CS2 Spring 2025,T019,Phoenix Frankfurt,PXF19,M077,Singapore,E0762,2,,,,,,,,,,,
P0093,John,Yadav,QuantumJohn78,johnyadav0093@estcgp.gg,India,955,VP0093,Bronze,G02,CS2,L006,CS2 Spring 2025,T019,Phoenix Frankfurt,PXF19,M077,Singapore,E0763,3,,,,,,,,,,,
P0094,Sam,Yadav,LunaSam75,samyadav0094@estcgp.gg,India,4224,VP0094,Bronze,G02,CS2,L006,CS2 Spring 2025,T019,Phoenix Frankfurt,PXF19,M077,Singapore,E0764,4,,,,,,,,,,,
P0095,Alex,Singh,PhoenixAlex52,alexsingh0095@estcgp.gg,India,440,VP0095,Gold,G02,CS2,L006,CS2 Spring 2025,T019,Phoenix Frankfurt,PXF19,M077,Singapore,E0765,5,,,,,,,,,,,
P0031,Sara,Sharma,NeonSara74,sarasharma0031@estcgp.gg,USA,2370,VP0031,Gold,G02,CS2,L006,CS2 Spring 2025,T007,Nova Tokyo,NVT07,M077,Singapore,E0766,1,,,,,,,,,,,
P0032,Aman,Yadav,SilentAman36,amanyadav0032@estcgp.gg,India,2031,VP0032,Gold,G02,CS2,L006,CS2 Spring 2025,T007,Nova Tokyo,NVT07,M077,Singapore,E0767,2,,,,,,,,,,,
P0033,Sam,Patel,NexusSam27,sampatel0033@estcgp.gg,USA,4018,VP0033,Silver,G02,CS2,L006,CS2 Spring 2025,T007,Nova Tokyo,NVT07,M077,Singapore,E0768,3,,,,,,,,,,,
P0034,Sara,Yadav,ApexSara99,sarayadav0034@estcgp.gg,India,4921,VP0034,Platinum,G02,CS2,L006,CS2 Spring 2025,T007,Nova Tokyo,NVT07,M077,Singapore,E0769,4,,,,,,,,,,,
P0035,Sara,Singh,PhoenixSara58,sarasingh0035@estcgp.gg,India,2304,VP0035,Gold,G02,CS2,L006,CS2 Spring 2025,T007,Nova Tokyo,NVT07,M077,Singapore,E0770,5,,,,,,,,,,,
P0031,Sara,Sharma,NeonSara74,sarasharma0031@estcgp.gg,USA,2370,VP0031,Gold,G02,CS2,L007,CS2 Summer 2025,T007,Nova Tokyo,NVT07,M078,Tokyo,E0771,1,,,,,,PF0510,0.00,0,100.00,,
P0032,Aman,Yadav,SilentAman36,amanyadav0032@estcgp.gg,India,2031,VP0032,Gold,G02,CS2,L007,CS2 Summer 2025,T007,Nova Tokyo,NVT07,M078,Tokyo,E0772,2,,,,,,PF0511,5.54,312,64.59,,
P0033,Sam,Patel,NexusSam27,sampatel0033@estcgp.gg,USA,4018,VP0033,Silver,G02,CS2,L007,CS2 Summer 2025,T007,Nova Tokyo,NVT07,M078,Tokyo,E0773,3,,,,,,PF0512,4.42,32,57.76,V0114,SpeedHack
P0034,Sara,Yadav,ApexSara99,sarayadav0034@estcgp.gg,India,4921,VP0034,Platinum,G02,CS2,L007,CS2 Summer 2025,T007,Nova Tokyo,NVT07,M078,Tokyo,E0774,4,,,,,,PF0513,0.00,620,100.00,,
P0035,Sara,Singh,PhoenixSara58,sarasingh0035@estcgp.gg,India,2304,VP0035,Gold,G02,CS2,L007,CS2 Summer 2025,T007,Nova Tokyo,NVT07,M078,Tokyo,E0775,5,,,,,,PF0514,0.00,545,62.06,,
P0081,Sam,Khan,NeonSam25,samkhan0081@estcgp.gg,India,2467,VP0081,Silver,G02,CS2,L007,CS2 Summer 2025,T017,Phoenix Tokyo,PXT17,M078,Tokyo,E0776,1,,,,,,PF0515,2.66,426,87.94,,
P0082,Sam,Patel,ApexSam60,sampatel0082@estcgp.gg,India,585,VP0082,Bronze,G02,CS2,L007,CS2 Summer 2025,T017,Phoenix Tokyo,PXT17,M078,Tokyo,E0777,2,,,,,,PF0516,5.72,506,18.12,,
P0083,Riya,Patel,ApexRiya50,riyapatel0083@estcgp.gg,India,1219,VP0083,Bronze,G02,CS2,L007,CS2 Summer 2025,T017,Phoenix Tokyo,PXT17,M078,Tokyo,E0778,3,,,,,,PF0517,0.00,646,93.83,,
P0084,Sara,Yadav,IronSara8,sarayadav0084@estcgp.gg,India,3527,VP0084,Bronze,G02,CS2,L007,CS2 Summer 2025,T017,Phoenix Tokyo,PXT17,M078,Tokyo,E0779,4,,,,,,PF0518,0.00,675,100.00,V0115,TriggerBot
P0085,Sara,Singh,StormSara93,sarasingh0085@estcgp.gg,India,3418,VP0085,Platinum,G02,CS2,L007,CS2 Summer 2025,T017,Phoenix Tokyo,PXT17,M078,Tokyo,E0780,5,,,,,,PF0519,8.86,632,36.71,V0116,Aimbot
P0081,Sam,Khan,NeonSam25,samkhan0081@estcgp.gg,India,2467,VP0081,Silver,G02,CS2,L008,CS2 World 2025,T017,Phoenix Tokyo,PXT17,M079,London,E0781,1,,,,,,,,,,,
P0082,Sam,Patel,ApexSam60,sampatel0082@estcgp.gg,India,585,VP0082,Bronze,G02,CS2,L008,CS2 World 2025,T017,Phoenix Tokyo,PXT17,M079,London,E0782,2,,,,,,,,,,,
P0083,Riya,Patel,ApexRiya50,riyapatel0083@estcgp.gg,India,1219,VP0083,Bronze,G02,CS2,L008,CS2 World 2025,T017,Phoenix Tokyo,PXT17,M079,London,E0783,3,,,,,,,,,,,
P0084,Sara,Yadav,IronSara8,sarayadav0084@estcgp.gg,India,3527,VP0084,Bronze,G02,CS2,L008,CS2 World 2025,T017,Phoenix Tokyo,PXT17,M079,London,E0784,4,,,,,,,,,,,
P0085,Sara,Singh,StormSara93,sarasingh0085@estcgp.gg,India,3418,VP0085,Platinum,G02,CS2,L008,CS2 World 2025,T017,Phoenix Tokyo,PXT17,M079,London,E0785,5,,,,,,,,,,,
P0186,Aman,Yadav,PhoenixAman23,amanyadav0186@estcgp.gg,India,822,VP0186,Gold,G02,CS2,L008,CS2 World 2025,T038,Titans Singapore,TTS38,M079,London,E0786,1,,,,,,,,,,,
P0187,John,Yadav,FrostJohn55,johnyadav0187@estcgp.gg,India,4121,VP0187,Platinum,G02,CS2,L008,CS2 World 2025,T038,Titans Singapore,TTS38,M079,London,E0787,2,,,,,,,,,,,
P0188,Riya,Patel,PhoenixRiya96,riyapatel0188@estcgp.gg,USA,4916,VP0188,Bronze,G02,CS2,L008,CS2 World 2025,T038,Titans Singapore,TTS38,M079,London,E0788,3,,,,,,,,,,,
P0189,Sara,Khan,PixelSara88,sarakhan0189@estcgp.gg,India,2435,VP0189,Gold,G02,CS2,L008,CS2 World 2025,T038,Titans Singapore,TTS38,M079,London,E0789,4,,,,,,,,,,,
P0190,John,Davis,QuantumJohn85,johndavis0190@estcgp.gg,India,584,VP0190,Gold,G02,CS2,L008,CS2 World 2025,T038,Titans Singapore,TTS38,M079,London,E0790,5,,,,,,,,,,,
P0186,Aman,Yadav,PhoenixAman23,amanyadav0186@estcgp.gg,India,822,VP0186,Gold,G03,Dota2,L009,Dota2 Open 2025,T038,Titans Singapore,TTS38,M080,Mumbai,E0791,1,,,,,,,,,,,
P0187,John,Yadav,FrostJohn55,johnyadav0187@estcgp.gg,India,4121,VP0187,Platinum,G03,Dota2,L009,Dota2 Open 2025,T038,Titans Singapore,TTS38,M080,Mumbai,E0792,2,,,,,,,,,,,
P0188,Riya,Patel,PhoenixRiya96,riyapatel0188@estcgp.gg,USA,4916,VP0188,Bronze,G03,Dota2,L009,Dota2 Open 2025,T038,Titans Singapore,TTS38,M080,Mumbai,E0793,3,,,,,,,,,,,
P0189,Sara,Khan,PixelSara88,sarakhan0189@estcgp.gg,India,2435,VP0189,Gold,G03,Dota2,L009,Dota2 Open 2025,T038,Titans Singapore,TTS38,M080,Mumbai,E0794,4,,,,,,,,,,,
P0190,John,Davis,QuantumJohn85,johndavis0190@estcgp.gg,India,584,VP0190,Gold,G03,Dota2,L009,Dota2 Open 2025,T038,Titans Singapore,TTS38,M080,Mumbai,E0795,5,,,,,,,,,,,
P0046,Sara,Yadav,ApexSara91,sarayadav0046@estcgp.gg,India,1004,VP0046,Gold,G03,Dota2,L009,Dota2 Open 2025,T010,Nova London,NVL10,M080,Mumbai,E0796,1,,,,,,,,,,,
P0047,Aman,Yadav,PixelAman34,amanyadav0047@estcgp.gg,India,3779,VP0047,Gold,G03,Dota2,L009,Dota2 Open 2025,T010,Nova London,NVL10,M080,Mumbai,E0797,2,,,,,,,,,,,
P0048,Riya,Khan,PrimeRiya37,riyakhan0048@estcgp.gg,India,3546,VP0048,Bronze,G03,Dota2,L009,Dota2 Open 2025,T010,Nova London,NVL10,M080,Mumbai,E0798,3,,,,,,,,,,,
P0049,Riya,Yadav,ApexRiya21,riyayadav0049@estcgp.gg,India,2386,VP0049,Silver,G03,Dota2,L009,Dota2 Open 2025,T010,Nova London,NVL10,M080,Mumbai,E0799,4,,,,,,,,,,,
P0050,Alex,Patel,BlazeAlex29,alexpatel0050@estcgp.gg,USA,3589,VP0050,Silver,G03,Dota2,L009,Dota2 Open 2025,T010,Nova London,NVL10,M080,Mumbai,E0800,5,,,,,,,,,,,
P0046,Sara,Yadav,ApexSara91,sarayadav0046@estcgp.gg,India,1004,VP0046,Gold,G03,Dota2,L010,Dota2 Spring 2025,T010,Nova London,NVL10,M081,Frankfurt,E0801,1,PO0419,34558.46,TX0419,Wallet,SUCCESS,PF0520,0.00,487,59.00,,
P0047,Aman,Yadav,PixelAman34,amanyadav0047@estcgp.gg,India,3779,VP0047,Gold,G03,Dota2,L010,Dota2 Spring 2025,T010,Nova London,NVL10,M081,Frankfurt,E0802,2,PO0420,30555.71,TX0420,Bank,Paid,PF0521,0.70,295,91.53,,
P0048,Riya,Khan,PrimeRiya37,riyakhan0048@estcgp.gg,India,3546,VP0048,Bronze,G03,Dota2,L010,Dota2 Spring 2025,T010,Nova London,NVL10,M081,Frankfurt,E0803,3,PO0421,28822.53,TX0421,Crypto,Paid,PF0522,7.65,0,99.51,,
P0049,Riya,Yadav,ApexRiya21,riyayadav0049@estcgp.gg,India,2386,VP0049,Silver,G03,Dota2,L010,Dota2 Spring 2025,T010,Nova London,NVL10,M081,Frankfurt,E0804,4,PO0422,16462.19,TX0422,Crypto,SUCCESS,PF0523,0.14,378,0.79,,
P0050,Alex,Patel,BlazeAlex29,alexpatel0050@estcgp.gg,USA,3589,VP0050,Silver,G03,Dota2,L010,Dota2 Spring 2025,T010,Nova London,NVL10,M081,Frankfurt,E0805,5,PO0423,10799.02,TX0423,Wallet,Paid,PF0524,0.00,148,37.76,,
P0591,Riya,Das,PrimeRiya77,riyadas0591@estcgp.gg,India,3914,VP0591,Silver,G03,Dota2,L010,Dota2 Spring 2025,T119,Pulse Frankfurt,PLF119,M081,Frankfurt,E0806,1,PO0424,30563.23,TX0424,Bank,Paid,PF0525,6.90,407,75.72,,
P0592,Sara,Pillai,NexusSara99,sarapillai0592@estcgp.gg,India,4488,VP0592,Bronze,G03,Dota2,L010,Dota2 Spring 2025,T119,Pulse Frankfurt,PLF119,M081,Frankfurt,E0807,2,PO0425,51183.24,TX0425,Wallet,Paid,PF0526,0.12,610,5.39,V0117,Aimbot
P0593,John,Yadav,RogueJohn66,johnyadav0593@estcgp.gg,India,1842,VP0593,Bronze,G03,Dota2,L010,Dota2 Spring 2025,T119,Pulse Frankfurt,PLF119,M081,Frankfurt,E0808,3,,,,,,PF0527,5.87,120,27.27,,
P0594,Alex,Singh,ShadowAlex64,alexsingh0594@estcgp.gg,USA,4968,VP0594,Silver,G03,Dota2,L010,Dota2 Spring 2025,T119,Pulse Frankfurt,PLF119,M081,Frankfurt,E0809,4,PO0426,31680.46,TX0426,Crypto,Paid,PF0528,0.00,394,29.94,,
P0595,Sara,Yadav,StormSara14,sarayadav0595@estcgp.gg,USA,4959,VP0595,Platinum,G03,Dota2,L010,Dota2 Spring 2025,T119,Pulse Frankfurt,PLF119,M081,Frankfurt,E0810,5,PO0427,1050.14,TX0427,Wallet,Paid,PF0529,5.47,504,8.55,V0118,Wallhack
P0591,Riya,Das,PrimeRiya77,riyadas0591@estcgp.gg,India,3914,VP0591,Silver,G03,Dota2,L011,Dota2 Summer 2025,T119,Pulse Frankfurt,PLF119,M082,Singapore,E0811,1,PO0428,48925.89,TX0428,Bank,Paid,PF0530,2.26,105,31.69,,
P0592,Sara,Pillai,NexusSara99,sarapillai0592@estcgp.gg,India,4488,VP0592,Bronze,G03,Dota2,L011,Dota2 Summer 2025,T119,Pulse Frankfurt,PLF119,M082,Singapore,E0812,2,PO0429,24118.72,TX0429,UPI,SUCCESS,PF0531,3.01,146,51.65,,
P0593,John,Yadav,RogueJohn66,johnyadav0593@estcgp.gg,India,1842,VP0593,Bronze,G03,Dota2,L011,Dota2 Summer 2025,T119,Pulse Frankfurt,PLF119,M082,Singapore,E0813,3,PO0430,46595.70,TX0430,Crypto,Paid,PF0532,3.10,485,100.00,,
P0594,Alex,Singh,ShadowAlex64,alexsingh0594@estcgp.gg,USA,4968,VP0594,Silver,G03,Dota2,L011,Dota2 Summer 2025,T119,Pulse Frankfurt,PLF119,M082,Singapore,E0814,4,PO0431,26771.43,TX0431,Crypto,Paid,PF0533,8.59,686,50.84,V0119,Aimbot
P0595,Sara,Yadav,StormSara14,sarayadav0595@estcgp.gg,USA,4959,VP0595,Platinum,G03,Dota2,L011,Dota2 Summer 2025,T119,Pulse Frankfurt,PLF119,M082,Singapore,E0815,5,PO0432,30796.41,TX0432,Bank,Paid,PF0534,5.30,628,54.65,,
P0276,Sara,Khan,CrimsonSara99,sarakhan0276@estcgp.gg,India,4735,VP0276,Silver,G03,Dota2,L011,Dota2 Summer 2025,T056,Wolves Chennai,WVC56,M082,Singapore,E0816,1,PO0433,3703.84,TX0433,UPI,Paid,PF0535,7.15,181,93.09,,
P0277,John,Jain,NeonJohn35,johnjain0277@estcgp.gg,India,646,VP0277,Silver,G03,Dota2,L011,Dota2 Summer 2025,T056,Wolves Chennai,WVC56,M082,Singapore,E0817,2,PO0434,29072.56,TX0434,Crypto,SUCCESS,PF0536,7.57,141,77.14,,
P0278,Aman,Khan,RogueAman67,amankhan0278@estcgp.gg,India,0,VP0278,Silver,G03,Dota2,L011,Dota2 Summer 2025,T056,Wolves Chennai,WVC56,M082,Singapore,E0818,3,PO0435,8403.51,TX0435,Wallet,SUCCESS,PF0537,8.96,247,35.46,,
P0279,Riya,Khan,SilentRiya83,riyakhan0279@estcgp.gg,USA,4141,VP0279,Silver,G03,Dota2,L011,Dota2 Summer 2025,T056,Wolves Chennai,WVC56,M082,Singapore,E0819,4,PO0436,13099.23,TX0436,Crypto,Paid,PF0538,0.52,434,11.62,,
P0280,Sam,Wilson,ViperSam27,samwilson0280@estcgp.gg,India,2012,VP0280,Bronze,G03,Dota2,L011,Dota2 Summer 2025,T056,Wolves Chennai,WVC56,M082,Singapore,E0820,5,PO0437,19354.98,TX0437,PayPal,Paid,PF0539,6.11,620,100.00,,
P0276,Sara,Khan,CrimsonSara99,sarakhan0276@estcgp.gg,India,4735,VP0276,Silver,G03,Dota2,L012,Dota2 World 2025,T056,Wolves Chennai,WVC56,M083,Tokyo,E0821,1,PO0438,8120.89,TX0438,UPI,Paid,PF0540,4.33,137,72.77,V0120,Wallhack
P0277,John,Jain,NeonJohn35,johnjain0277@estcgp.gg,India,646,VP0277,Silver,G03,Dota2,L012,Dota2 World 2025,T056,Wolves Chennai,WVC56,M083,Tokyo,E0822,2,PO0439,3050.44,TX0439,Crypto,Cancelled,PF0541,6.13,593,31.76,,
P0278,Aman,Khan,RogueAman67,amankhan0278@estcgp.gg,India,0,VP0278,Silver,G03,Dota2,L012,Dota2 World 2025,T056,Wolves Chennai,WVC56,M083,Tokyo,E0823,3,PO0440,24736.52,TX0440,Wallet,Paid,PF0542,6.36,352,39.40,,
P0279,Riya,Khan,SilentRiya83,riyakhan0279@estcgp.gg,USA,4141,VP0279,Silver,G03,Dota2,L012,Dota2 World 2025,T056,Wolves Chennai,WVC56,M083,Tokyo,E0824,4,PO0441,16330.00,TX0441,Wallet,Paid,PF0543,2.52,161,81.94,,
P0280,Sam,Wilson,ViperSam27,samwilson0280@estcgp.gg,India,2012,VP0280,Bronze,G03,Dota2,L012,Dota2 World 2025,T056,Wolves Chennai,WVC56,M083,Tokyo,E0825,5,PO0442,16981.80,TX0442,Wallet,Paid,PF0544,5.99,498,1.71,,
P0286,John,Patel,StormJohn35,johnpatel0286@estcgp.gg,India,995,VP0286,Bronze,G03,Dota2,L012,Dota2 World 2025,T058,Wolves Singapore,WVS58,M083,Tokyo,E0826,1,PO0443,9259.79,TX0443,UPI,Paid,PF0545,2.14,129,91.34,,
P0287,Riya,Patel,HyperRiya87,riyapatel0287@estcgp.gg,India,799,VP0287,Gold,G03,Dota2,L012,Dota2 World 2025,T058,Wolves Singapore,WVS58,M083,Tokyo,E0827,2,,,,,,,,,,,
P0288,Sara,Patel,NitroSara85,sarapatel0288@estcgp.gg,India,4863,VP0288,Bronze,G03,Dota2,L012,Dota2 World 2025,T058,Wolves Singapore,WVS58,M083,Tokyo,E0828,3,PO0444,32807.38,TX0444,Crypto,Pending,PF0546,3.23,208,9.83,,
P0289,Aman,Khan,CrimsonAman71,amankhan0289@estcgp.gg,India,2626,VP0289,Platinum,G03,Dota2,L012,Dota2 World 2025,T058,Wolves Singapore,WVS58,M083,Tokyo,E0829,4,PO0445,31167.46,TX0445,UPI,Paid,PF0547,0.00,352,99.06,V0121,Wallhack
P0290,Sara,Kapoor,ShadowSara76,sarakapoor0290@estcgp.gg,India,1278,VP0290,Diamond,G03,Dota2,L012,Dota2 World 2025,T058,Wolves Singapore,WVS58,M083,Tokyo,E0830,5,PO0446,14828.17,TX0446,Crypto,Paid,PF0548,8.31,0,20.53,,
P0286,John,Patel,StormJohn35,johnpatel0286@estcgp.gg,India,995,VP0286,Bronze,G01,Valorant,L013,Valorant Open 2026,T058,Wolves Singapore,WVS58,M084,London,E0831,1,PO0447,32568.62,TX0447,UPI,Paid,PF0549,1.72,635,4.69,,
P0287,Riya,Patel,HyperRiya87,riyapatel0287@estcgp.gg,India,799,VP0287,Gold,G01,Valorant,L013,Valorant Open 2026,T058,Wolves Singapore,WVS58,M084,London,E0832,2,PO0448,17648.23,TX0448,Bank,Paid,PF0550,6.19,133,55.78,,
P0288,Sara,Patel,NitroSara85,sarapatel0288@estcgp.gg,India,4863,VP0288,Bronze,G01,Valorant,L013,Valorant Open 2026,T058,Wolves Singapore,WVS58,M084,London,E0833,3,PO0449,25135.51,TX0449,UPI,Paid,PF0551,3.77,677,100.00,V0122,Wallhack
P0289,Aman,Khan,CrimsonAman71,amankhan0289@estcgp.gg,India,2626,VP0289,Platinum,G01,Valorant,L013,Valorant Open 2026,T058,Wolves Singapore,WVS58,M084,London,E0834,4,PO0450,14048.23,TX0450,Crypto,SUCCESS,PF0552,4.49,134,50.22,,
P0290,Sara,Kapoor,ShadowSara76,sarakapoor0290@estcgp.gg,India,1278,VP0290,Diamond,G01,Valorant,L013,Valorant Open 2026,T058,Wolves Singapore,WVS58,M084,London,E0835,5,PO0451,10931.91,TX0451,UPI,Paid,PF0553,2.52,0,12.54,,
P0336,Sam,Singh,HyperSam71,samsingh0336@estcgp.gg,India,670,VP0336,Silver,G01,Valorant,L013,Valorant Open 2026,T068,Knights Singapore,KNS68,M084,London,E0836,1,PO0452,8751.79,TX0452,Crypto,Paid,PF0554,5.92,605,32.44,V0123,TriggerBot
P0337,Sara,Patel,LunaSara23,sarapatel0337@estcgp.gg,India,2661,VP0337,Gold,G01,Valorant,L013,Valorant Open 2026,T068,Knights Singapore,KNS68,M084,London,E0837,2,PO0453,31156.26,TX0453,UPI,Paid,PF0555,1.70,99,18.86,,
P0338,Sam,Singh,CyberSam54,samsingh0338@estcgp.gg,India,4991,VP0338,Silver,G01,Valorant,L013,Valorant Open 2026,T068,Knights Singapore,KNS68,M084,London,E0838,3,PO0454,4372.84,TX0454,Wallet,SUCCESS,PF0556,0.00,112,37.33,,
P0339,Sara,Yadav,QuantumSara9,sarayadav0339@estcgp.gg,India,1685,VP0339,Gold,G01,Valorant,L013,Valorant Open 2026,T068,Knights Singapore,KNS68,M084,London,E0839,4,PO0455,12265.49,TX0455,Crypto,SUCCESS,PF0557,8.86,461,75.45,,
P0340,Alex,Singh,FrostAlex61,alexsingh0340@estcgp.gg,India,4855,VP0340,Platinum,G01,Valorant,L013,Valorant Open 2026,T068,Knights Singapore,KNS68,M084,London,E0840,5,PO0456,19303.60,TX0456,UPI,Paid,PF0558,5.45,510,100.00,,
P0336,Sam,Singh,HyperSam71,samsingh0336@estcgp.gg,India,670,VP0336,Silver,G01,Valorant,L014,Valorant Spring 2026,T068,Knights Singapore,KNS68,M085,Mumbai,E0841,1,PO0457,4596.50,TX0457,Wallet,Paid,PF0559,6.57,212,9.09,,
P0337,Sara,Patel,LunaSara23,sarapatel0337@estcgp.gg,India,2661,VP0337,Gold,G01,Valorant,L014,Valorant Spring 2026,T068,Knights Singapore,KNS68,M085,Mumbai,E0842,2,PO0458,19076.32,TX0458,UPI,SUCCESS,PF0560,0.00,218,22.84,,
P0338,Sam,Singh,CyberSam54,samsingh0338@estcgp.gg,India,4991,VP0338,Silver,G01,Valorant,L014,Valorant Spring 2026,T068,Knights Singapore,KNS68,M085,Mumbai,E0843,3,,,,,,PF0561,8.35,250,50.63,V0124,Other
P0339,Sara,Yadav,QuantumSara9,sarayadav0339@estcgp.gg,India,1685,VP0339,Gold,G01,Valorant,L014,Valorant Spring 2026,T068,Knights Singapore,KNS68,M085,Mumbai,E0844,4,PO0459,17698.26,TX0459,Bank,Paid,PF0562,5.86,217,57.34,V0125,Aimbot
P0340,Alex,Singh,FrostAlex61,alexsingh0340@estcgp.gg,India,4855,VP0340,Platinum,G01,Valorant,L014,Valorant Spring 2026,T068,Knights Singapore,KNS68,M085,Mumbai,E0845,5,PO0460,10647.83,TX0460,PayPal,Paid,PF0563,7.38,685,92.95,,
P0181,John,Khan,CyberJohn66,johnkhan0181@estcgp.gg,India,1458,VP0181,Gold,G01,Valorant,L014,Valorant Spring 2026,T037,Titans Tokyo,TTT37,M085,Mumbai,E0846,1,PO0461,19740.20,TX0461,UPI,Paid,PF0564,1.53,439,14.66,,
P0182,Riya,Yadav,ShadowRiya75,riyayadav0182@estcgp.gg,India,3859,VP0182,Gold,G01,Valorant,L014,Valorant Spring 2026,T037,Titans Tokyo,TTT37,M085,Mumbai,E0847,2,PO0462,2468.66,TX0462,Crypto,Paid,PF0565,0.00,461,72.42,,
P0183,Aman,Yadav,NitroAman50,amanyadav0183@estcgp.gg,India,713,VP0183,Silver,G01,Valorant,L014,Valorant Spring 2026,T037,Titans Tokyo,TTT37,M085,Mumbai,E0848,3,PO0463,7754.59,TX0463,Wallet,Paid,PF0566,2.14,133,76.56,,
P0184,Sam,Yadav,PrimeSam91,samyadav0184@estcgp.gg,India,2162,VP0184,Gold,G01,Valorant,L014,Valorant Spring 2026,T037,Titans Tokyo,TTT37,M085,Mumbai,E0849,4,PO0464,100.00,TX0464,Bank,Paid,PF0567,4.66,510,13.89,,
P0185,John,Singh,ViperJohn8,johnsingh0185@estcgp.gg,India,2499,VP0185,Bronze,G01,Valorant,L014,Valorant Spring 2026,T037,Titans Tokyo,TTT37,M085,Mumbai,E0850,5,PO0465,38873.47,TX0465,UPI,Paid,PF0568,6.03,56,74.99,V0126,TriggerBot
P0181,John,Khan,CyberJohn66,johnkhan0181@estcgp.gg,India,1458,VP0181,Gold,G01,Valorant,L015,Valorant Summer 2026,T037,Titans Tokyo,TTT37,M086,Frankfurt,E0851,1,,,,,,,,,,,
P0182,Riya,Yadav,ShadowRiya75,riyayadav0182@estcgp.gg,India,3859,VP0182,Gold,G01,Valorant,L015,Valorant Summer 2026,T037,Titans Tokyo,TTT37,M086,Frankfurt,E0852,2,,,,,,,,,,,
P0183,Aman,Yadav,NitroAman50,amanyadav0183@estcgp.gg,India,713,VP0183,Silver,G01,Valorant,L015,Valorant Summer 2026,T037,Titans Tokyo,TTT37,M086,Frankfurt,E0853,3,,,,,,,,,,,
P0184,Sam,Yadav,PrimeSam91,samyadav0184@estcgp.gg,India,2162,VP0184,Gold,G01,Valorant,L015,Valorant Summer 2026,T037,Titans Tokyo,TTT37,M086,Frankfurt,E0854,4,,,,,,,,,,,
P0185,John,Singh,ViperJohn8,johnsingh0185@estcgp.gg,India,2499,VP0185,Bronze,G01,Valorant,L015,Valorant Summer 2026,T037,Titans Tokyo,TTT37,M086,Frankfurt,E0855,5,,,,,,,,,,,
P0386,Sara,Khan,PhoenixSara91,sarakhan0386@estcgp.gg,India,3327,VP0386,Gold,G01,Valorant,L015,Valorant Summer 2026,T078,Raiders Singapore,RDS78,M086,Frankfurt,E0856,1,,,,,,,,,,,
P0387,Aman,Patel,VortexAman6,amanpatel0387@estcgp.gg,India,1346,VP0387,Silver,G01,Valorant,L015,Valorant Summer 2026,T078,Raiders Singapore,RDS78,M086,Frankfurt,E0857,2,,,,,,,,,,,
P0388,Sara,Singh,TitanSara64,sarasingh0388@estcgp.gg,India,2174,VP0388,Gold,G01,Valorant,L015,Valorant Summer 2026,T078,Raiders Singapore,RDS78,M086,Frankfurt,E0858,3,,,,,,,,,,,
P0389,Alex,Chopra,TitanAlex64,alexchopra0389@estcgp.gg,USA,1819,VP0389,Silver,G01,Valorant,L015,Valorant Summer 2026,T078,Raiders Singapore,RDS78,M086,Frankfurt,E0859,4,,,,,,,,,,,
P0390,Riya,Gupta,FrostRiya5,riyagupta0390@estcgp.gg,USA,4126,VP0390,Silver,G01,Valorant,L015,Valorant Summer 2026,T078,Raiders Singapore,RDS78,M086,Frankfurt,E0860,5,,,,,,,,,,,
P0386,Sara,Khan,PhoenixSara91,sarakhan0386@estcgp.gg,India,3327,VP0386,Gold,G01,Valorant,L016,Valorant World 2026,T078,Raiders Singapore,RDS78,M087,Singapore,E0861,1,,,,,,PF0569,7.92,549,74.46,,
P0387,Aman,Patel,VortexAman6,amanpatel0387@estcgp.gg,India,1346,VP0387,Silver,G01,Valorant,L016,Valorant World 2026,T078,Raiders Singapore,RDS78,M087,Singapore,E0862,2,,,,,,PF0570,6.48,0,70.96,,
P0388,Sara,Singh,TitanSara64,sarasingh0388@estcgp.gg,India,2174,VP0388,Gold,G01,Valorant,L016,Valorant World 2026,T078,Raiders Singapore,RDS78,M087,Singapore,E0863,3,,,,,,PF0571,5.33,0,32.78,,
P0389,Alex,Chopra,TitanAlex64,alexchopra0389@estcgp.gg,USA,1819,VP0389,Silver,G01,Valorant,L016,Valorant World 2026,T078,Raiders Singapore,RDS78,M087,Singapore,E0864,4,,,,,,PF0572,6.84,362,60.82,,
P0390,Riya,Gupta,FrostRiya5,riyagupta0390@estcgp.gg,USA,4126,VP0390,Silver,G01,Valorant,L016,Valorant World 2026,T078,Raiders Singapore,RDS78,M087,Singapore,E0865,5,,,,,,PF0573,0.00,200,21.92,V0127,TriggerBot
P0246,John,Patel,SilentJohn49,johnpatel0246@estcgp.gg,India,2455,VP0246,Gold,G01,Valorant,L016,Valorant World 2026,T050,Storm London,STL50,M087,Singapore,E0866,1,,,,,,PF0574,2.56,513,5.92,,
P0247,John,Yadav,NitroJohn84,johnyadav0247@estcgp.gg,India,3715,VP0247,Gold,G01,Valorant,L016,Valorant World 2026,T050,Storm London,STL50,M087,Singapore,E0867,2,,,,,,PF0575,0.00,538,38.12,V0128,Aimbot
P0248,Riya,Singh,IronRiya57,riyasingh0248@estcgp.gg,USA,4257,VP0248,Bronze,G01,Valorant,L016,Valorant World 2026,T050,Storm London,STL50,M087,Singapore,E0868,3,,,,,,PF0576,0.67,371,100.00,,
P0249,Riya,Singh,ShadowRiya23,riyasingh0249@estcgp.gg,India,2581,VP0249,Silver,G01,Valorant,L016,Valorant World 2026,T050,Storm London,STL50,M087,Singapore,E0869,4,,,,,,PF0577,8.00,373,10.84,,
P0250,Sara,Yadav,TitanSara20,sarayadav0250@estcgp.gg,India,127,VP0250,Bronze,G01,Valorant,L016,Valorant World 2026,T050,Storm London,STL50,M087,Singapore,E0870,5,,,,,,PF0578,8.58,628,74.77,,
P0246,John,Patel,SilentJohn49,johnpatel0246@estcgp.gg,India,2455,VP0246,Gold,G02,CS2,L017,CS2 Open 2026,T050,Storm London,STL50,M088,Tokyo,E0871,1,,,,,,,,,,,
P0247,John,Yadav,NitroJohn84,johnyadav0247@estcgp.gg,India,3715,VP0247,Gold,G02,CS2,L017,CS2 Open 2026,T050,Storm London,STL50,M088,Tokyo,E0872,2,,,,,,,,,,,
P0248,Riya,Singh,IronRiya57,riyasingh0248@estcgp.gg,USA,4257,VP0248,Bronze,G02,CS2,L017,CS2 Open 2026,T050,Storm London,STL50,M088,Tokyo,E0873,3,,,,,,,,,,,
P0249,Riya,Singh,ShadowRiya23,riyasingh0249@estcgp.gg,India,2581,VP0249,Silver,G02,CS2,L017,CS2 Open 2026,T050,Storm London,STL50,M088,Tokyo,E0874,4,,,,,,,,,,,
P0250,Sara,Yadav,TitanSara20,sarayadav0250@estcgp.gg,India,127,VP0250,Bronze,G02,CS2,L017,CS2 Open 2026,T050,Storm London,STL50,M088,Tokyo,E0875,5,,,,,,,,,,,
P0106,Sam,Chopra,HyperSam26,samchopra0106@estcgp.gg,India,152,VP0106,Silver,G02,CS2,L017,CS2 Open 2026,T022,Dragons Delhi,DGD22,M088,Tokyo,E0876,1,,,,,,,,,,,
P0107,Riya,Patel,PrimeRiya67,riyapatel0107@estcgp.gg,India,4260,VP0107,Gold,G02,CS2,L017,CS2 Open 2026,T022,Dragons Delhi,DGD22,M088,Tokyo,E0877,2,,,,,,,,,,,
P0108,John,Yadav,StormJohn83,johnyadav0108@estcgp.gg,India,1888,VP0108,Gold,G02,CS2,L017,CS2 Open 2026,T022,Dragons Delhi,DGD22,M088,Tokyo,E0878,3,,,,,,,,,,,
P0109,Sara,Yadav,LunaSara42,sarayadav0109@estcgp.gg,India,3505,VP0109,Gold,G02,CS2,L017,CS2 Open 2026,T022,Dragons Delhi,DGD22,M088,Tokyo,E0879,4,,,,,,,,,,,
P0110,John,Yadav,OmegaJohn22,johnyadav0110@estcgp.gg,India,3065,VP0110,Silver,G02,CS2,L017,CS2 Open 2026,T022,Dragons Delhi,DGD22,M088,Tokyo,E0880,5,,,,,,,,,,,
P0106,Sam,Chopra,HyperSam26,samchopra0106@estcgp.gg,India,152,VP0106,Silver,G02,CS2,L018,CS2 Spring 2026,T022,Dragons Delhi,DGD22,M089,London,E0881,1,,,,,,,,,,,
P0107,Riya,Patel,PrimeRiya67,riyapatel0107@estcgp.gg,India,4260,VP0107,Gold,G02,CS2,L018,CS2 Spring 2026,T022,Dragons Delhi,DGD22,M089,London,E0882,2,,,,,,,,,,,
P0108,John,Yadav,StormJohn83,johnyadav0108@estcgp.gg,India,1888,VP0108,Gold,G02,CS2,L018,CS2 Spring 2026,T022,Dragons Delhi,DGD22,M089,London,E0883,3,,,,,,,,,,,
P0109,Sara,Yadav,LunaSara42,sarayadav0109@estcgp.gg,India,3505,VP0109,Gold,G02,CS2,L018,CS2 Spring 2026,T022,Dragons Delhi,DGD22,M089,London,E0884,4,,,,,,,,,,,
P0110,John,Yadav,OmegaJohn22,johnyadav0110@estcgp.gg,India,3065,VP0110,Silver,G02,CS2,L018,CS2 Spring 2026,T022,Dragons Delhi,DGD22,M089,London,E0885,5,,,,,,,,,,,
P0271,Sara,Kulkarni,PixelSara20,sarakulkarni0271@estcgp.gg,India,599,VP0271,Bronze,G02,CS2,L018,CS2 Spring 2026,T055,Wolves Bengaluru,WVB55,M089,London,E0886,1,,,,,,,,,,,
P0272,Sara,Kapoor,BlazeSara35,sarakapoor0272@estcgp.gg,India,49,VP0272,Platinum,G02,CS2,L018,CS2 Spring 2026,T055,Wolves Bengaluru,WVB55,M089,London,E0887,2,,,,,,,,,,,
P0273,Sam,Patel,BlazeSam68,sampatel0273@estcgp.gg,USA,2231,VP0273,Silver,G02,CS2,L018,CS2 Spring 2026,T055,Wolves Bengaluru,WVB55,M089,London,E0888,3,,,,,,,,,,,
P0274,Alex,Singh,LunaAlex76,alexsingh0274@estcgp.gg,India,3251,VP0274,Gold,G02,CS2,L018,CS2 Spring 2026,T055,Wolves Bengaluru,WVB55,M089,London,E0889,4,,,,,,,,,,,
P0275,Sam,Singh,CrimsonSam8,samsingh0275@estcgp.gg,India,3769,VP0275,Silver,G02,CS2,L018,CS2 Spring 2026,T055,Wolves Bengaluru,WVB55,M089,London,E0890,5,,,,,,,,,,,
P0271,Sara,Kulkarni,PixelSara20,sarakulkarni0271@estcgp.gg,India,599,VP0271,Bronze,G02,CS2,L019,CS2 Summer 2026,T055,Wolves Bengaluru,WVB55,M090,Mumbai,E0891,1,PO0466,34625.07,TX0466,UPI,Paid,PF0579,0.00,573,43.28,,
P0272,Sara,Kapoor,BlazeSara35,sarakapoor0272@estcgp.gg,India,49,VP0272,Platinum,G02,CS2,L019,CS2 Summer 2026,T055,Wolves Bengaluru,WVB55,M090,Mumbai,E0892,2,PO0467,19827.89,TX0467,Bank,SUCCESS,PF0580,1.57,122,79.47,,
P0273,Sam,Patel,BlazeSam68,sampatel0273@estcgp.gg,USA,2231,VP0273,Silver,G02,CS2,L019,CS2 Summer 2026,T055,Wolves Bengaluru,WVB55,M090,Mumbai,E0893,3,PO0468,22780.08,TX0468,Crypto,Paid,PF0581,2.61,316,93.27,,
P0274,Alex,Singh,LunaAlex76,alexsingh0274@estcgp.gg,India,3251,VP0274,Gold,G02,CS2,L019,CS2 Summer 2026,T055,Wolves Bengaluru,WVB55,M090,Mumbai,E0894,4,PO0469,23650.06,TX0469,Crypto,Paid,PF0582,5.35,68,70.11,V0129,TriggerBot
P0275,Sam,Singh,CrimsonSam8,samsingh0275@estcgp.gg,India,3769,VP0275,Silver,G02,CS2,L019,CS2 Summer 2026,T055,Wolves Bengaluru,WVB55,M090,Mumbai,E0895,5,PO0470,35867.74,TX0470,Crypto,Paid,PF0583,6.09,114,70.16,,
P0366,Aman,Brown,SilentAman20,amanbrown0366@estcgp.gg,India,2011,VP0366,Silver,G02,CS2,L019,CS2 Summer 2026,T074,Raiders Hyderabad,RDH74,M090,Mumbai,E0896,1,PO0471,24083.47,TX0471,Bank,Paid,PF0584,0.00,133,89.32,V0130,Wallhack
P0367,Alex,Patel,ViperAlex66,alexpatel0367@estcgp.gg,India,988,VP0367,Silver,G02,CS2,L019,CS2 Summer 2026,T074,Raiders Hyderabad,RDH74,M090,Mumbai,E0897,2,PO0472,29313.02,TX0472,UPI,Paid,PF0585,5.18,612,80.95,,
P0368,Sara,Wilson,PixelSara37,sarawilson0368@estcgp.gg,India,1003,VP0368,Silver,G02,CS2,L019,CS2 Summer 2026,T074,Raiders Hyderabad,RDH74,M090,Mumbai,E0898,3,PO0473,22343.40,TX0473,Wallet,Paid,PF0586,3.46,532,56.90,,
P0369,Aman,Yadav,QuantumAman4,amanyadav0369@estcgp.gg,India,2803,VP0369,Silver,G02,CS2,L019,CS2 Summer 2026,T074,Raiders Hyderabad,RDH74,M090,Mumbai,E0899,4,PO0474,4365.74,TX0474,UPI,Paid,PF0587,1.31,278,28.36,,
P0370,Sam,Yadav,NexusSam99,samyadav0370@estcgp.gg,India,915,VP0370,Bronze,G02,CS2,L019,CS2 Summer 2026,T074,Raiders Hyderabad,RDH74,M090,Mumbai,E0900,5,PO0475,8173.48,TX0475,Crypto,Paid,PF0588,3.70,122,91.27,,
P0366,Aman,Brown,SilentAman20,amanbrown0366@estcgp.gg,India,2011,VP0366,Silver,G02,CS2,L020,CS2 World 2026,T074,Raiders Hyderabad,RDH74,M091,Frankfurt,E0901,1,PO0476,6658.35,TX0476,Wallet,SUCCESS,PF0589,5.82,82,100.00,V0131,TriggerBot
P0367,Alex,Patel,ViperAlex66,alexpatel0367@estcgp.gg,India,988,VP0367,Silver,G02,CS2,L020,CS2 World 2026,T074,Raiders Hyderabad,RDH74,M091,Frankfurt,E0902,2,PO0477,30959.17,TX0477,Wallet,Paid,PF0590,4.43,74,6.65,,
P0368,Sara,Wilson,PixelSara37,sarawilson0368@estcgp.gg,India,1003,VP0368,Silver,G02,CS2,L020,CS2 World 2026,T074,Raiders Hyderabad,RDH74,M091,Frankfurt,E0903,3,PO0478,11765.41,TX0478,Crypto,Paid,PF0591,2.66,452,84.97,,
P0369,Aman,Yadav,QuantumAman4,amanyadav0369@estcgp.gg,India,2803,VP0369,Silver,G02,CS2,L020,CS2 World 2026,T074,Raiders Hyderabad,RDH74,M091,Frankfurt,E0904,4,,,,,,,,,,,
P0370,Sam,Yadav,NexusSam99,samyadav0370@estcgp.gg,India,915,VP0370,Bronze,G02,CS2,L020,CS2 World 2026,T074,Raiders Hyderabad,RDH74,M091,Frankfurt,E0905,5,PO0479,18906.05,TX0479,UPI,Pending,PF0592,6.32,471,29.33,,
P0041,Riya,Patel,FrostRiya3,riyapatel0041@estcgp.gg,India,2946,VP0041,Gold,G02,CS2,L020,CS2 World 2026,T009,Nova Frankfurt,NVF09,M091,Frankfurt,E0906,1,PO0480,50536.50,TX0480,Wallet,Paid,PF0593,1.84,369,62.43,,
P0042,Alex,Patel,NovaAlex30,alexpatel0042@estcgp.gg,India,0,VP0042,Gold,G02,CS2,L020,CS2 World 2026,T009,Nova Frankfurt,NVF09,M091,Frankfurt,E0907,2,PO0481,43388.10,TX0481,UPI,Paid,PF0594,7.53,280,19.88,,
P0043,Sara,Verma,DragonSara91,saraverma0043@estcgp.gg,India,1704,VP0043,Gold,G02,CS2,L020,CS2 World 2026,T009,Nova Frankfurt,NVF09,M091,Frankfurt,E0908,3,PO0482,23600.47,TX0482,Bank,Pending,PF0595,0.00,534,41.18,V0132,TriggerBot
P0044,Sam,Patel,PulseSam66,sampatel0044@estcgp.gg,USA,588,VP0044,Bronze,G02,CS2,L020,CS2 World 2026,T009,Nova Frankfurt,NVF09,M091,Frankfurt,E0909,4,PO0483,40660.24,TX0483,PayPal,Cancelled,PF0596,8.60,465,75.43,V0133,SpeedHack
P0045,Aman,Khan,CrimsonAman7,amankhan0045@estcgp.gg,India,3587,VP0045,Bronze,G02,CS2,L020,CS2 World 2026,T009,Nova Frankfurt,NVF09,M091,Frankfurt,E0910,5,,,,,,,,,,,
P0041,Riya,Patel,FrostRiya3,riyapatel0041@estcgp.gg,India,2946,VP0041,Gold,G03,Dota2,L021,Dota2 Open 2026,T009,Nova Frankfurt,NVF09,M092,Singapore,E0911,1,PO0484,41364.33,TX0484,Wallet,SUCCESS,PF0597,5.67,581,48.29,,
P0042,Alex,Patel,NovaAlex30,alexpatel0042@estcgp.gg,India,0,VP0042,Gold,G03,Dota2,L021,Dota2 Open 2026,T009,Nova Frankfurt,NVF09,M092,Singapore,E0912,2,PO0485,40238.63,TX0485,Bank,Paid,PF0598,5.09,120,12.25,,
P0043,Sara,Verma,DragonSara91,saraverma0043@estcgp.gg,India,1704,VP0043,Gold,G03,Dota2,L021,Dota2 Open 2026,T009,Nova Frankfurt,NVF09,M092,Singapore,E0913,3,PO0486,20699.58,TX0486,UPI,Paid,PF0599,0.00,149,100.00,,
P0044,Sam,Patel,PulseSam66,sampatel0044@estcgp.gg,USA,588,VP0044,Bronze,G03,Dota2,L021,Dota2 Open 2026,T009,Nova Frankfurt,NVF09,M092,Singapore,E0914,4,PO0487,23239.39,TX0487,Crypto,Cancelled,PF0600,0.00,132,42.66,,
P0045,Aman,Khan,CrimsonAman7,amankhan0045@estcgp.gg,India,3587,VP0045,Bronze,G03,Dota2,L021,Dota2 Open 2026,T009,Nova Frankfurt,NVF09,M092,Singapore,E0915,5,PO0488,29035.95,TX0488,Wallet,Failed,PF0601,7.90,114,17.10,,
P0586,Sam,Singh,PulseSam19,samsingh0586@estcgp.gg,USA,247,VP0586,Silver,G03,Dota2,L021,Dota2 Open 2026,T118,Pulse Singapore,PLS118,M092,Singapore,E0916,1,PO0489,5479.68,TX0489,Crypto,Paid,PF0602,7.05,331,22.67,,
P0587,John,Patel,NitroJohn88,johnpatel0587@estcgp.gg,India,4340,VP0587,Gold,G03,Dota2,L021,Dota2 Open 2026,T118,Pulse Singapore,PLS118,M092,Singapore,E0917,2,PO0490,10781.28,TX0490,UPI,Paid,PF0603,5.70,87,82.51,V0134,Wallhack
P0588,Riya,Singh,ShadowRiya20,riyasingh0588@estcgp.gg,India,746,VP0588,Bronze,G03,Dota2,L021,Dota2 Open 2026,T118,Pulse Singapore,PLS118,M092,Singapore,E0918,3,PO0491,12019.81,TX0491,Crypto,Paid,PF0604,0.00,453,100.00,,
P0589,Sara,Patel,GhostSara85,sarapatel0589@estcgp.gg,India,1302,VP0589,Bronze,G03,Dota2,L021,Dota2 Open 2026,T118,Pulse Singapore,PLS118,M092,Singapore,E0919,4,PO0492,11927.78,TX0492,UPI,Pending,PF0605,0.84,193,80.32,,
P0590,John,Patel,SilentJohn40,johnpatel0590@estcgp.gg,India,4133,VP0590,Bronze,G03,Dota2,L021,Dota2 Open 2026,T118,Pulse Singapore,PLS118,M092,Singapore,E0920,5,PO0493,13349.65,TX0493,UPI,Paid,PF0606,3.78,240,9.74,V0135,TriggerBot
P0586,Sam,Singh,PulseSam19,samsingh0586@estcgp.gg,USA,247,VP0586,Silver,G03,Dota2,L022,Dota2 Spring 2026,T118,Pulse Singapore,PLS118,M093,Tokyo,E0921,1,PO0494,2939.26,TX0494,Wallet,Pending,PF0607,6.38,133,100.00,,
P0587,John,Patel,NitroJohn88,johnpatel0587@estcgp.gg,India,4340,VP0587,Gold,G03,Dota2,L022,Dota2 Spring 2026,T118,Pulse Singapore,PLS118,M093,Tokyo,E0922,2,PO0495,28645.51,TX0495,Wallet,Paid,PF0608,3.08,207,69.68,,
P0588,Riya,Singh,ShadowRiya20,riyasingh0588@estcgp.gg,India,746,VP0588,Bronze,G03,Dota2,L022,Dota2 Spring 2026,T118,Pulse Singapore,PLS118,M093,Tokyo,E0923,3,PO0496,8291.08,TX0496,Bank,Paid,PF0609,1.47,374,0.69,,
P0589,Sara,Patel,GhostSara85,sarapatel0589@estcgp.gg,India,1302,VP0589,Bronze,G03,Dota2,L022,Dota2 Spring 2026,T118,Pulse Singapore,PLS118,M093,Tokyo,E0924,4,PO0497,9771.85,TX0497,UPI,Paid,PF0610,0.00,283,47.86,V0136,Wallhack
P0590,John,Patel,SilentJohn40,johnpatel0590@estcgp.gg,India,4133,VP0590,Bronze,G03,Dota2,L022,Dota2 Spring 2026,T118,Pulse Singapore,PLS118,M093,Tokyo,E0925,5,,,,,,,,,,,
P0201,Sam,Patel,OmegaSam6,sampatel0201@estcgp.gg,USA,3279,VP0201,Gold,G03,Dota2,L022,Dota2 Spring 2026,T041,Storm Mumbai,STM41,M093,Tokyo,E0926,1,PO0498,39379.10,TX0498,UPI,Paid,PF0611,5.70,118,77.02,,
P0202,Aman,Singh,WolfAman78,amansingh0202@estcgp.gg,USA,4476,VP0202,Silver,G03,Dota2,L022,Dota2 Spring 2026,T041,Storm Mumbai,STM41,M093,Tokyo,E0927,2,PO0499,26013.56,TX0499,UPI,Paid,PF0612,0.00,96,56.42,,
P0203,John,Martin,RapidJohn52,johnmartin0203@estcgp.gg,India,2115,VP0203,Diamond,G03,Dota2,L022,Dota2 Spring 2026,T041,Storm Mumbai,STM41,M093,Tokyo,E0928,3,PO0500,17049.12,TX0500,Crypto,Paid,PF0613,7.87,338,69.31,,
P0204,John,Mehta,TitanJohn89,johnmehta0204@estcgp.gg,India,323,VP0204,Platinum,G03,Dota2,L022,Dota2 Spring 2026,T041,Storm Mumbai,STM41,M093,Tokyo,E0929,4,PO0501,38289.18,TX0501,Crypto,Paid,PF0614,8.22,689,45.45,,
P0205,Sara,Davis,RapidSara67,saradavis0205@estcgp.gg,India,2387,VP0205,Gold,G03,Dota2,L022,Dota2 Spring 2026,T041,Storm Mumbai,STM41,M093,Tokyo,E0930,5,PO0502,7652.77,TX0502,Wallet,Paid,PF0615,0.00,186,3.67,,
P0201,Sam,Patel,OmegaSam6,sampatel0201@estcgp.gg,USA,3279,VP0201,Gold,G03,Dota2,L023,Dota2 Summer 2026,T041,Storm Mumbai,STM41,M094,London,E0931,1,PO0503,39781.93,TX0503,Crypto,Paid,PF0616,7.78,285,9.82,,
P0202,Aman,Singh,WolfAman78,amansingh0202@estcgp.gg,USA,4476,VP0202,Silver,G03,Dota2,L023,Dota2 Summer 2026,T041,Storm Mumbai,STM41,M094,London,E0932,2,PO0504,13284.66,TX0504,Wallet,Paid,PF0617,7.38,632,64.41,V0137,Wallhack
P0203,John,Martin,RapidJohn52,johnmartin0203@estcgp.gg,India,2115,VP0203,Diamond,G03,Dota2,L023,Dota2 Summer 2026,T041,Storm Mumbai,STM41,M094,London,E0933,3,PO0505,29540.86,TX0505,UPI,Paid,PF0618,4.97,490,7.78,,
P0204,John,Mehta,TitanJohn89,johnmehta0204@estcgp.gg,India,323,VP0204,Platinum,G03,Dota2,L023,Dota2 Summer 2026,T041,Storm Mumbai,STM41,M094,London,E0934,4,PO0506,8385.11,TX0506,PayPal,Failed,PF0619,3.01,0,82.23,,
P0205,Sara,Davis,RapidSara67,saradavis0205@estcgp.gg,India,2387,VP0205,Gold,G03,Dota2,L023,Dota2 Summer 2026,T041,Storm Mumbai,STM41,M094,London,E0935,5,PO0507,31228.80,TX0507,Crypto,Paid,PF0620,4.83,618,91.16,,
P0231,John,Patel,QuantumJohn2,johnpatel0231@estcgp.gg,India,2967,VP0231,Bronze,G03,Dota2,L023,Dota2 Summer 2026,T047,Storm Tokyo,STT47,M094,London,E0936,1,PO0508,3984.86,TX0508,UPI,Paid,PF0621,5.86,130,11.19,,
P0232,John,Singh,RapidJohn16,johnsingh0232@estcgp.gg,India,1512,VP0232,Diamond,G03,Dota2,L023,Dota2 Summer 2026,T047,Storm Tokyo,STT47,M094,London,E0937,2,PO0509,2445.62,TX0509,Bank,Paid,PF0622,5.86,21,9.19,,
P0233,Alex,Joshi,RogueAlex19,alexjoshi0233@estcgp.gg,India,1809,VP0233,Gold,G03,Dota2,L023,Dota2 Summer 2026,T047,Storm Tokyo,STT47,M094,London,E0938,3,PO0510,9522.33,TX0510,Crypto,SUCCESS,PF0623,2.11,440,6.34,,
P0234,Riya,Singh,WolfRiya15,riyasingh0234@estcgp.gg,USA,137,VP0234,Gold,G03,Dota2,L023,Dota2 Summer 2026,T047,Storm Tokyo,STT47,M094,London,E0939,4,PO0511,25271.49,TX0511,Wallet,Paid,PF0624,3.19,388,56.08,V0138,TriggerBot
P0235,John,Yadav,NeonJohn36,johnyadav0235@estcgp.gg,India,3109,VP0235,Silver,G03,Dota2,L023,Dota2 Summer 2026,T047,Storm Tokyo,STT47,M094,London,E0940,5,PO0512,4245.47,TX0512,Wallet,Pending,PF0625,0.00,355,63.99,,
P0231,John,Patel,QuantumJohn2,johnpatel0231@estcgp.gg,India,2967,VP0231,Bronze,G03,Dota2,L024,Dota2 World 2026,T047,Storm Tokyo,STT47,M095,Mumbai,E0941,1,,,,,,,,,,,
P0232,John,Singh,RapidJohn16,johnsingh0232@estcgp.gg,India,1512,VP0232,Diamond,G03,Dota2,L024,Dota2 World 2026,T047,Storm Tokyo,STT47,M095,Mumbai,E0942,2,,,,,,,,,,,
P0233,Alex,Joshi,RogueAlex19,alexjoshi0233@estcgp.gg,India,1809,VP0233,Gold,G03,Dota2,L024,Dota2 World 2026,T047,Storm Tokyo,STT47,M095,Mumbai,E0943,3,,,,,,,,,,,
P0234,Riya,Singh,WolfRiya15,riyasingh0234@estcgp.gg,USA,137,VP0234,Gold,G03,Dota2,L024,Dota2 World 2026,T047,Storm Tokyo,STT47,M095,Mumbai,E0944,4,,,,,,,,,,,
P0235,John,Yadav,NeonJohn36,johnyadav0235@estcgp.gg,India,3109,VP0235,Silver,G03,Dota2,L024,Dota2 World 2026,T047,Storm Tokyo,STT47,M095,Mumbai,E0945,5,,,,,,,,,,,
P0191,Aman,Patel,NeonAman8,amanpatel0191@estcgp.gg,India,4010,VP0191,Gold,G03,Dota2,L024,Dota2 World 2026,T039,Titans Frankfurt,TTF39,M095,Mumbai,E0946,1,,,,,,,,,,,
P0192,John,Patel,SilentJohn15,johnpatel0192@estcgp.gg,India,3732,VP0192,Gold,G03,Dota2,L024,Dota2 World 2026,T039,Titans Frankfurt,TTF39,M095,Mumbai,E0947,2,,,,,,,,,,,
P0193,Sara,Singh,OmegaSara58,sarasingh0193@estcgp.gg,India,1639,VP0193,Silver,G03,Dota2,L024,Dota2 World 2026,T039,Titans Frankfurt,TTF39,M095,Mumbai,E0948,3,,,,,,,,,,,
P0194,Alex,Yadav,CyberAlex90,alexyadav0194@estcgp.gg,India,3944,VP0194,Bronze,G03,Dota2,L024,Dota2 World 2026,T039,Titans Frankfurt,TTF39,M095,Mumbai,E0949,4,,,,,,,,,,,
P0195,Aman,Khan,CyberAman50,amankhan0195@estcgp.gg,USA,4757,VP0195,Silver,G03,Dota2,L024,Dota2 World 2026,T039,Titans Frankfurt,TTF39,M095,Mumbai,E0950,5,,,,,,,,,,,
P0191,Aman,Patel,NeonAman8,amanpatel0191@estcgp.gg,India,4010,VP0191,Gold,G01,Valorant,L001,Valorant Open 2025,T039,Titans Frankfurt,TTF39,M096,Frankfurt,E0951,1,,,,,,PF0626,4.15,637,36.72,,
P0192,John,Patel,SilentJohn15,johnpatel0192@estcgp.gg,India,3732,VP0192,Gold,G01,Valorant,L001,Valorant Open 2025,T039,Titans Frankfurt,TTF39,M096,Frankfurt,E0952,2,,,,,,PF0627,4.50,109,88.17,,
P0193,Sara,Singh,OmegaSara58,sarasingh0193@estcgp.gg,India,1639,VP0193,Silver,G01,Valorant,L001,Valorant Open 2025,T039,Titans Frankfurt,TTF39,M096,Frankfurt,E0953,3,,,,,,PF0628,8.19,353,75.99,V0139,Wallhack
P0194,Alex,Yadav,CyberAlex90,alexyadav0194@estcgp.gg,India,3944,VP0194,Bronze,G01,Valorant,L001,Valorant Open 2025,T039,Titans Frankfurt,TTF39,M096,Frankfurt,E0954,4,,,,,,PF0629,0.03,678,32.66,,
P0195,Aman,Khan,CyberAman50,amankhan0195@estcgp.gg,USA,4757,VP0195,Silver,G01,Valorant,L001,Valorant Open 2025,T039,Titans Frankfurt,TTF39,M096,Frankfurt,E0955,5,,,,,,PF0630,0.46,379,100.00,,
P0501,Alex,Patel,OmegaAlex36,alexpatel0501@estcgp.gg,India,2451,VP0501,Gold,G01,Valorant,L001,Valorant Open 2025,T101,Nexus Mumbai,NXM101,M096,Frankfurt,E0956,1,,,,,,PF0631,1.56,225,9.89,V0140,Aimbot
P0502,Sara,Yadav,LunaSara78,sarayadav0502@estcgp.gg,India,2452,VP0502,Gold,G01,Valorant,L001,Valorant Open 2025,T101,Nexus Mumbai,NXM101,M096,Frankfurt,E0957,2,,,,,,PF0632,7.21,0,0.41,,
P0503,Riya,Singh,LunaRiya81,riyasingh0503@estcgp.gg,India,7,VP0503,Gold,G01,Valorant,L001,Valorant Open 2025,T101,Nexus Mumbai,NXM101,M096,Frankfurt,E0958,3,,,,,,PF0633,7.19,429,76.01,,
P0504,Sara,Martin,StormSara30,saramartin0504@estcgp.gg,India,4549,VP0504,Silver,G01,Valorant,L001,Valorant Open 2025,T101,Nexus Mumbai,NXM101,M096,Frankfurt,E0959,4,,,,,,PF0634,3.79,110,13.95,,
P0505,Riya,Jackson,StormRiya27,riyajackson0505@estcgp.gg,India,3838,VP0505,Bronze,G01,Valorant,L001,Valorant Open 2025,T101,Nexus Mumbai,NXM101,M096,Frankfurt,E0960,5,,,,,,PF0635,1.89,555,76.67,,
P0501,Alex,Patel,OmegaAlex36,alexpatel0501@estcgp.gg,India,2451,VP0501,Gold,G01,Valorant,L002,Valorant Spring 2025,T101,Nexus Mumbai,NXM101,M097,Singapore,E0961,1,,,,,,,,,,,
P0502,Sara,Yadav,LunaSara78,sarayadav0502@estcgp.gg,India,2452,VP0502,Gold,G01,Valorant,L002,Valorant Spring 2025,T101,Nexus Mumbai,NXM101,M097,Singapore,E0962,2,,,,,,,,,,,
P0503,Riya,Singh,LunaRiya81,riyasingh0503@estcgp.gg,India,7,VP0503,Gold,G01,Valorant,L002,Valorant Spring 2025,T101,Nexus Mumbai,NXM101,M097,Singapore,E0963,3,,,,,,,,,,,
P0504,Sara,Martin,StormSara30,saramartin0504@estcgp.gg,India,4549,VP0504,Silver,G01,Valorant,L002,Valorant Spring 2025,T101,Nexus Mumbai,NXM101,M097,Singapore,E0964,4,,,,,,,,,,,
P0505,Riya,Jackson,StormRiya27,riyajackson0505@estcgp.gg,India,3838,VP0505,Bronze,G01,Valorant,L002,Valorant Spring 2025,T101,Nexus Mumbai,NXM101,M097,Singapore,E0965,5,,,,,,,,,,,
P0086,Sam,Patel,BlazeSam58,sampatel0086@estcgp.gg,India,2012,VP0086,Silver,G01,Valorant,L002,Valorant Spring 2025,T018,Phoenix Singapore,PXS18,M097,Singapore,E0966,1,,,,,,,,,,,
P0087,Riya,Brown,VortexRiya18,riyabrown0087@estcgp.gg,India,621,VP0087,Diamond,G01,Valorant,L002,Valorant Spring 2025,T018,Phoenix Singapore,PXS18,M097,Singapore,E0967,2,,,,,,,,,,,
P0088,Riya,Mehta,PhoenixRiya10,riyamehta0088@estcgp.gg,India,1841,VP0088,Silver,G01,Valorant,L002,Valorant Spring 2025,T018,Phoenix Singapore,PXS18,M097,Singapore,E0968,3,,,,,,,,,,,
P0089,Alex,Patel,RogueAlex80,alexpatel0089@estcgp.gg,India,2779,VP0089,Gold,G01,Valorant,L002,Valorant Spring 2025,T018,Phoenix Singapore,PXS18,M097,Singapore,E0969,4,,,,,,,,,,,
P0090,Sara,Singh,NitroSara58,sarasingh0090@estcgp.gg,India,4400,VP0090,Silver,G01,Valorant,L002,Valorant Spring 2025,T018,Phoenix Singapore,PXS18,M097,Singapore,E0970,5,,,,,,,,,,,
P0086,Sam,Patel,BlazeSam58,sampatel0086@estcgp.gg,India,2012,VP0086,Silver,G01,Valorant,L003,Valorant Summer 2025,T018,Phoenix Singapore,PXS18,M098,Tokyo,E0971,1,,,,,,,,,,,
P0087,Riya,Brown,VortexRiya18,riyabrown0087@estcgp.gg,India,621,VP0087,Diamond,G01,Valorant,L003,Valorant Summer 2025,T018,Phoenix Singapore,PXS18,M098,Tokyo,E0972,2,,,,,,,,,,,
P0088,Riya,Mehta,PhoenixRiya10,riyamehta0088@estcgp.gg,India,1841,VP0088,Silver,G01,Valorant,L003,Valorant Summer 2025,T018,Phoenix Singapore,PXS18,M098,Tokyo,E0973,3,,,,,,,,,,,
P0089,Alex,Patel,RogueAlex80,alexpatel0089@estcgp.gg,India,2779,VP0089,Gold,G01,Valorant,L003,Valorant Summer 2025,T018,Phoenix Singapore,PXS18,M098,Tokyo,E0974,4,,,,,,,,,,,
P0090,Sara,Singh,NitroSara58,sarasingh0090@estcgp.gg,India,4400,VP0090,Silver,G01,Valorant,L003,Valorant Summer 2025,T018,Phoenix Singapore,PXS18,M098,Tokyo,E0975,5,,,,,,,,,,,
P0056,John,Khan,BlazeJohn32,johnkhan0056@estcgp.gg,India,2244,VP0056,Silver,G01,Valorant,L003,Valorant Summer 2025,T012,Phoenix Delhi,PXD12,M098,Tokyo,E0976,1,,,,,,,,,,,
P0057,Sara,Singh,ShadowSara46,sarasingh0057@estcgp.gg,India,2127,VP0057,Gold,G01,Valorant,L003,Valorant Summer 2025,T012,Phoenix Delhi,PXD12,M098,Tokyo,E0977,2,,,,,,,,,,,
P0058,Riya,Patel,TitanRiya25,riyapatel0058@estcgp.gg,India,3776,VP0058,Diamond,G01,Valorant,L003,Valorant Summer 2025,T012,Phoenix Delhi,PXD12,M098,Tokyo,E0978,3,,,,,,,,,,,
P0059,Sara,Patel,IronSara22,sarapatel0059@estcgp.gg,India,2015,VP0059,Gold,G01,Valorant,L003,Valorant Summer 2025,T012,Phoenix Delhi,PXD12,M098,Tokyo,E0979,4,,,,,,,,,,,
P0060,Sam,Brown,PrimeSam99,sambrown0060@estcgp.gg,India,4664,VP0060,Silver,G01,Valorant,L003,Valorant Summer 2025,T012,Phoenix Delhi,PXD12,M098,Tokyo,E0980,5,,,,,,,,,,,
P0056,John,Khan,BlazeJohn32,johnkhan0056@estcgp.gg,India,2244,VP0056,Silver,G01,Valorant,L004,Valorant World 2025,T012,Phoenix Delhi,PXD12,M099,London,E0981,1,PO0513,13434.46,TX0513,UPI,SUCCESS,PF0636,0.00,157,59.74,,
P0057,Sara,Singh,ShadowSara46,sarasingh0057@estcgp.gg,India,2127,VP0057,Gold,G01,Valorant,L004,Valorant World 2025,T012,Phoenix Delhi,PXD12,M099,London,E0982,2,PO0514,13046.98,TX0514,Bank,Cancelled,PF0637,2.40,405,5.12,,
P0058,Riya,Patel,TitanRiya25,riyapatel0058@estcgp.gg,India,3776,VP0058,Diamond,G01,Valorant,L004,Valorant World 2025,T012,Phoenix Delhi,PXD12,M099,London,E0983,3,PO0515,16710.95,TX0515,Wallet,Paid,PF0638,1.59,444,48.64,V0141,Wallhack
P0059,Sara,Patel,IronSara22,sarapatel0059@estcgp.gg,India,2015,VP0059,Gold,G01,Valorant,L004,Valorant World 2025,T012,Phoenix Delhi,PXD12,M099,London,E0984,4,PO0516,22413.57,TX0516,UPI,Paid,PF0639,3.97,610,42.49,V0142,Wallhack
P0060,Sam,Brown,PrimeSam99,sambrown0060@estcgp.gg,India,4664,VP0060,Silver,G01,Valorant,L004,Valorant World 2025,T012,Phoenix Delhi,PXD12,M099,London,E0985,5,,,,,,PF0640,0.00,686,91.03,,
P0311,Sam,Singh,NexusSam65,samsingh0311@estcgp.gg,India,4682,VP0311,Bronze,G01,Valorant,L004,Valorant World 2025,T063,Knights Pune,KNP63,M099,London,E0986,1,PO0517,25994.74,TX0517,Wallet,Paid,PF0641,6.26,128,35.44,,
P0312,Riya,Patel,FrostRiya99,riyapatel0312@estcgp.gg,India,3173,VP0312,Silver,G01,Valorant,L004,Valorant World 2025,T063,Knights Pune,KNP63,M099,London,E0987,2,PO0518,33221.01,TX0518,Crypto,Paid,PF0642,0.99,700,56.85,,
P0313,Sam,Patel,DragonSam46,sampatel0313@estcgp.gg,India,2505,VP0313,Bronze,G01,Valorant,L004,Valorant World 2025,T063,Knights Pune,KNP63,M099,London,E0988,3,PO0519,25489.43,TX0519,Bank,Paid,PF0643,0.00,270,16.18,,
P0314,John,Patel,BlazeJohn13,johnpatel0314@estcgp.gg,India,3014,VP0314,Silver,G01,Valorant,L004,Valorant World 2025,T063,Knights Pune,KNP63,M099,London,E0989,4,,,,,,,,,,,
P0315,Alex,Singh,FrostAlex57,alexsingh0315@estcgp.gg,India,4127,VP0315,Bronze,G01,Valorant,L004,Valorant World 2025,T063,Knights Pune,KNP63,M099,London,E0990,5,PO0520,18020.07,TX0520,Bank,Pending,PF0644,5.22,636,23.80,,
P0311,Sam,Singh,NexusSam65,samsingh0311@estcgp.gg,India,4682,VP0311,Bronze,G02,CS2,L005,CS2 Open 2025,T063,Knights Pune,KNP63,M100,Mumbai,E0991,1,PO0521,34966.57,TX0521,Bank,Paid,PF0645,2.13,135,64.63,V0143,Aimbot
P0312,Riya,Patel,FrostRiya99,riyapatel0312@estcgp.gg,India,3173,VP0312,Silver,G02,CS2,L005,CS2 Open 2025,T063,Knights Pune,KNP63,M100,Mumbai,E0992,2,PO0522,49970.83,TX0522,Crypto,Paid,PF0646,7.01,236,3.77,,
P0313,Sam,Patel,DragonSam46,sampatel0313@estcgp.gg,India,2505,VP0313,Bronze,G02,CS2,L005,CS2 Open 2025,T063,Knights Pune,KNP63,M100,Mumbai,E0993,3,PO0523,20648.92,TX0523,Crypto,Cancelled,PF0647,2.33,297,64.38,,
P0314,John,Patel,BlazeJohn13,johnpatel0314@estcgp.gg,India,3014,VP0314,Silver,G02,CS2,L005,CS2 Open 2025,T063,Knights Pune,KNP63,M100,Mumbai,E0994,4,PO0524,6170.70,TX0524,Bank,Paid,PF0648,7.32,1,100.00,,
P0315,Alex,Singh,FrostAlex57,alexsingh0315@estcgp.gg,India,4127,VP0315,Bronze,G02,CS2,L005,CS2 Open 2025,T063,Knights Pune,KNP63,M100,Mumbai,E0995,5,PO0525,36479.80,TX0525,Crypto,Paid,PF0649,3.30,627,11.59,,
P0441,Sara,Thomas,PhoenixSara85,sarathomas0441@estcgp.gg,India,1701,VP0441,Gold,G02,CS2,L005,CS2 Open 2025,T089,Apex Frankfurt,AXF89,M100,Mumbai,E0996,1,PO0526,25566.19,TX0526,Bank,Paid,PF0650,8.03,30,51.72,V0144,TriggerBot
P0442,John,Mehta,ViperJohn24,johnmehta0442@estcgp.gg,India,3854,VP0442,Platinum,G02,CS2,L005,CS2 Open 2025,T089,Apex Frankfurt,AXF89,M100,Mumbai,E0997,2,PO0527,19056.82,TX0527,Bank,Pending,PF0651,8.13,558,85.27,,
P0443,Riya,Singh,NexusRiya97,riyasingh0443@estcgp.gg,India,3316,VP0443,Bronze,G02,CS2,L005,CS2 Open 2025,T089,Apex Frankfurt,AXF89,M100,Mumbai,E0998,3,PO0528,25141.37,TX0528,UPI,Paid,PF0652,0.00,66,100.00,V0145,TriggerBot
P0444,Sam,Khan,NitroSam60,samkhan0444@estcgp.gg,India,1296,VP0444,Silver,G02,CS2,L005,CS2 Open 2025,T089,Apex Frankfurt,AXF89,M100,Mumbai,E0999,4,PO0529,24049.33,TX0529,PayPal,Paid,PF0653,7.76,366,49.89,,
P0445,Alex,Malhotra,VortexAlex73,alexmalhotra0445@estcgp.gg,India,197,VP0445,Gold,G02,CS2,L005,CS2 Open 2025,T089,Apex Frankfurt,AXF89,M100,Mumbai,E1000,5,PO0530,7786.32,TX0530,Bank,SUCCESS,PF0654,7.38,627,100.00,,
P0441,Sara,Thomas,PhoenixSara85,sarathomas0441@estcgp.gg,India,1701,VP0441,Gold,G02,CS2,L006,CS2 Spring 2025,T089,Apex Frankfurt,AXF89,M101,Frankfurt,E1001,1,PO0531,2138.93,TX0531,Bank,SUCCESS,PF0655,8.62,330,100.00,,
P0442,John,Mehta,ViperJohn24,johnmehta0442@estcgp.gg,India,3854,VP0442,Platinum,G02,CS2,L006,CS2 Spring 2025,T089,Apex Frankfurt,AXF89,M101,Frankfurt,E1002,2,,,,,,,,,,,
P0443,Riya,Singh,NexusRiya97,riyasingh0443@estcgp.gg,India,3316,VP0443,Bronze,G02,CS2,L006,CS2 Spring 2025,T089,Apex Frankfurt,AXF89,M101,Frankfurt,E1003,3,PO0532,16420.76,TX0532,Crypto,SUCCESS,PF0656,3.20,442,16.45,,
P0444,Sam,Khan,NitroSam60,samkhan0444@estcgp.gg,India,1296,VP0444,Silver,G02,CS2,L006,CS2 Spring 2025,T089,Apex Frankfurt,AXF89,M101,Frankfurt,E1004,4,PO0533,17594.00,TX0533,UPI,SUCCESS,PF0657,3.86,382,27.91,,
P0445,Alex,Malhotra,VortexAlex73,alexmalhotra0445@estcgp.gg,India,197,VP0445,Gold,G02,CS2,L006,CS2 Spring 2025,T089,Apex Frankfurt,AXF89,M101,Frankfurt,E1005,5,PO0534,15841.21,TX0534,Crypto,Paid,PF0658,4.12,606,100.00,,
P0151,Sam,Brown,RogueSam20,sambrown0151@estcgp.gg,India,607,VP0151,Silver,G02,CS2,L006,CS2 Spring 2025,T031,Titans Mumbai,TTM31,M101,Frankfurt,E1006,1,PO0535,22016.82,TX0535,Bank,Failed,PF0659,8.59,566,0.95,V0146,Aimbot
P0152,Sam,Yadav,ApexSam63,samyadav0152@estcgp.gg,USA,2957,VP0152,Bronze,G02,CS2,L006,CS2 Spring 2025,T031,Titans Mumbai,TTM31,M101,Frankfurt,E1007,2,PO0536,26342.26,TX0536,UPI,SUCCESS,PF0660,2.99,362,29.26,,
P0153,Sara,Khan,PulseSara98,sarakhan0153@estcgp.gg,India,1941,VP0153,Platinum,G02,CS2,L006,CS2 Spring 2025,T031,Titans Mumbai,TTM31,M101,Frankfurt,E1008,3,PO0537,2296.61,TX0537,Crypto,Pending,PF0661,8.35,567,80.23,V0147,Wallhack
P0154,Aman,Patel,StormAman50,amanpatel0154@estcgp.gg,India,3771,VP0154,Bronze,G02,CS2,L006,CS2 Spring 2025,T031,Titans Mumbai,TTM31,M101,Frankfurt,E1009,4,PO0538,13141.50,TX0538,Wallet,Paid,PF0662,6.74,411,70.38,,
P0155,Riya,Patel,PrimeRiya65,riyapatel0155@estcgp.gg,USA,3450,VP0155,Bronze,G02,CS2,L006,CS2 Spring 2025,T031,Titans Mumbai,TTM31,M101,Frankfurt,E1010,5,,,,,,,,,,,
P0151,Sam,Brown,RogueSam20,sambrown0151@estcgp.gg,India,607,VP0151,Silver,G02,CS2,L007,CS2 Summer 2025,T031,Titans Mumbai,TTM31,M102,Singapore,E1011,1,PO0539,49324.68,TX0539,UPI,Paid,PF0663,2.92,146,86.14,,
P0152,Sam,Yadav,ApexSam63,samyadav0152@estcgp.gg,USA,2957,VP0152,Bronze,G02,CS2,L007,CS2 Summer 2025,T031,Titans Mumbai,TTM31,M102,Singapore,E1012,2,PO0540,38811.72,TX0540,UPI,Paid,PF0664,5.07,658,25.04,,
P0153,Sara,Khan,PulseSara98,sarakhan0153@estcgp.gg,India,1941,VP0153,Platinum,G02,CS2,L007,CS2 Summer 2025,T031,Titans Mumbai,TTM31,M102,Singapore,E1013,3,PO0541,43880.01,TX0541,Crypto,Paid,PF0665,7.05,360,74.09,,
P0154,Aman,Patel,StormAman50,amanpatel0154@estcgp.gg,India,3771,VP0154,Bronze,G02,CS2,L007,CS2 Summer 2025,T031,Titans Mumbai,TTM31,M102,Singapore,E1014,4,PO0542,15587.19,TX0542,Crypto,Paid,PF0666,8.02,599,100.00,V0148,TriggerBot
P0155,Riya,Patel,PrimeRiya65,riyapatel0155@estcgp.gg,USA,3450,VP0155,Bronze,G02,CS2,L007,CS2 Summer 2025,T031,Titans Mumbai,TTM31,M102,Singapore,E1015,5,PO0543,13253.72,TX0543,UPI,Paid,PF0667,8.06,252,74.17,,
P0541,Sam,Singh,VortexSam64,samsingh0541@estcgp.gg,India,63,VP0541,Gold,G02,CS2,L007,CS2 Summer 2025,T109,Nexus Frankfurt,NXF109,M102,Singapore,E1016,1,,,,,,PF0668,8.49,0,22.11,,
P0542,Sara,Patel,CyberSara84,sarapatel0542@estcgp.gg,India,0,VP0542,Silver,G02,CS2,L007,CS2 Summer 2025,T109,Nexus Frankfurt,NXF109,M102,Singapore,E1017,2,PO0544,31759.70,TX0544,UPI,Paid,PF0669,1.73,386,62.29,,
P0543,John,Singh,StormJohn66,johnsingh0543@estcgp.gg,USA,2417,VP0543,Bronze,G02,CS2,L007,CS2 Summer 2025,T109,Nexus Frankfurt,NXF109,M102,Singapore,E1018,3,PO0545,7361.05,TX0545,UPI,Paid,PF0670,0.76,332,90.67,,
P0544,John,Singh,OmegaJohn21,johnsingh0544@estcgp.gg,India,1340,VP0544,Platinum,G02,CS2,L007,CS2 Summer 2025,T109,Nexus Frankfurt,NXF109,M102,Singapore,E1019,4,PO0546,15155.39,TX0546,Crypto,SUCCESS,PF0671,1.78,403,93.14,,
P0545,Alex,Khan,CyberAlex87,alexkhan0545@estcgp.gg,India,1942,VP0545,Gold,G02,CS2,L007,CS2 Summer 2025,T109,Nexus Frankfurt,NXF109,M102,Singapore,E1020,5,PO0547,7943.62,TX0547,Crypto,Paid,PF0672,6.34,671,100.00,V0149,TriggerBot
P0541,Sam,Singh,VortexSam64,samsingh0541@estcgp.gg,India,63,VP0541,Gold,G02,CS2,L008,CS2 World 2025,T109,Nexus Frankfurt,NXF109,M103,Tokyo,E1021,1,PO0548,30547.78,TX0548,Crypto,Paid,PF0673,5.88,625,69.00,V0150,TriggerBot
P0542,Sara,Patel,CyberSara84,sarapatel0542@estcgp.gg,India,0,VP0542,Silver,G02,CS2,L008,CS2 World 2025,T109,Nexus Frankfurt,NXF109,M103,Tokyo,E1022,2,PO0549,9658.99,TX0549,Crypto,Paid,PF0674,2.10,481,3.25,,
P0543,John,Singh,StormJohn66,johnsingh0543@estcgp.gg,USA,2417,VP0543,Bronze,G02,CS2,L008,CS2 World 2025,T109,Nexus Frankfurt,NXF109,M103,Tokyo,E1023,3,PO0550,17722.76,TX0550,Wallet,Paid,PF0675,8.95,87,9.16,,
P0544,John,Singh,OmegaJohn21,johnsingh0544@estcgp.gg,India,1340,VP0544,Platinum,G02,CS2,L008,CS2 World 2025,T109,Nexus Frankfurt,NXF109,M103,Tokyo,E1024,4,PO0551,7214.47,TX0551,Bank,SUCCESS,PF0676,0.00,112,2.31,,
P0545,Alex,Khan,CyberAlex87,alexkhan0545@estcgp.gg,India,1942,VP0545,Gold,G02,CS2,L008,CS2 World 2025,T109,Nexus Frankfurt,NXF109,M103,Tokyo,E1025,5,PO0552,20836.61,TX0552,PayPal,Pending,PF0677,8.37,506,7.82,,
P0531,Sara,Khan,RogueSara5,sarakhan0531@estcgp.gg,India,2475,VP0531,Gold,G02,CS2,L008,CS2 World 2025,T107,Nexus Tokyo,NXT107,M103,Tokyo,E1026,1,PO0553,46143.58,TX0553,UPI,Paid,PF0678,0.00,133,64.18,,
P0532,Aman,Singh,HyperAman43,amansingh0532@estcgp.gg,India,3234,VP0532,Bronze,G02,CS2,L008,CS2 World 2025,T107,Nexus Tokyo,NXT107,M103,Tokyo,E1027,2,PO0554,24355.08,TX0554,Wallet,Paid,PF0679,0.00,0,19.07,,
P0533,John,Singh,PrimeJohn63,johnsingh0533@estcgp.gg,India,1718,VP0533,Gold,G02,CS2,L008,CS2 World 2025,T107,Nexus Tokyo,NXT107,M103,Tokyo,E1028,3,PO0555,2475.22,TX0555,Crypto,Failed,PF0680,0.91,105,20.16,V0151,TriggerBot
P0534,John,Khan,PixelJohn89,johnkhan0534@estcgp.gg,India,682,VP0534,Bronze,G02,CS2,L008,CS2 World 2025,T107,Nexus Tokyo,NXT107,M103,Tokyo,E1029,4,PO0556,15282.08,TX0556,Bank,Paid,PF0681,0.00,131,38.25,,
P0535,John,Singh,ApexJohn55,johnsingh0535@estcgp.gg,India,254,VP0535,Silver,G02,CS2,L008,CS2 World 2025,T107,Nexus Tokyo,NXT107,M103,Tokyo,E1030,5,PO0557,14266.38,TX0557,Bank,Paid,PF0682,5.40,281,100.00,,
P0531,Sara,Khan,RogueSara5,sarakhan0531@estcgp.gg,India,2475,VP0531,Gold,G03,Dota2,L009,Dota2 Open 2025,T107,Nexus Tokyo,NXT107,M104,London,E1031,1,,,,,,,,,,,
P0532,Aman,Singh,HyperAman43,amansingh0532@estcgp.gg,India,3234,VP0532,Bronze,G03,Dota2,L009,Dota2 Open 2025,T107,Nexus Tokyo,NXT107,M104,London,E1032,2,,,,,,,,,,,
P0533,John,Singh,PrimeJohn63,johnsingh0533@estcgp.gg,India,1718,VP0533,Gold,G03,Dota2,L009,Dota2 Open 2025,T107,Nexus Tokyo,NXT107,M104,London,E1033,3,,,,,,,,,,,
P0534,John,Khan,PixelJohn89,johnkhan0534@estcgp.gg,India,682,VP0534,Bronze,G03,Dota2,L009,Dota2 Open 2025,T107,Nexus Tokyo,NXT107,M104,London,E1034,4,,,,,,,,,,,
P0535,John,Singh,ApexJohn55,johnsingh0535@estcgp.gg,India,254,VP0535,Silver,G03,Dota2,L009,Dota2 Open 2025,T107,Nexus Tokyo,NXT107,M104,London,E1035,5,,,,,,,,,,,
P0171,John,Singh,NeonJohn87,johnsingh0171@estcgp.gg,USA,920,VP0171,Bronze,G03,Dota2,L009,Dota2 Open 2025,T035,Titans Bengaluru,TTB35,M104,London,E1036,1,,,,,,,,,,,
P0172,Sara,Patel,CrimsonSara87,sarapatel0172@estcgp.gg,India,3453,VP0172,Silver,G03,Dota2,L009,Dota2 Open 2025,T035,Titans Bengaluru,TTB35,M104,London,E1037,2,,,,,,,,,,,
P0173,John,Patel,NexusJohn61,johnpatel0173@estcgp.gg,India,3031,VP0173,Gold,G03,Dota2,L009,Dota2 Open 2025,T035,Titans Bengaluru,TTB35,M104,London,E1038,3,,,,,,,,,,,
P0174,Aman,Nair,GhostAman33,amannair0174@estcgp.gg,India,2420,VP0174,Diamond,G03,Dota2,L009,Dota2 Open 2025,T035,Titans Bengaluru,TTB35,M104,London,E1039,4,,,,,,,,,,,
P0175,Sam,Kulkarni,BlazeSam42,samkulkarni0175@estcgp.gg,India,670,VP0175,Silver,G03,Dota2,L009,Dota2 Open 2025,T035,Titans Bengaluru,TTB35,M104,London,E1040,5,,,,,,,,,,,
P0171,John,Singh,NeonJohn87,johnsingh0171@estcgp.gg,USA,920,VP0171,Bronze,G03,Dota2,L010,Dota2 Spring 2025,T035,Titans Bengaluru,TTB35,M105,Mumbai,E1041,1,,,,,,PF0683,1.35,534,35.91,V0152,SpeedHack
P0172,Sara,Patel,CrimsonSara87,sarapatel0172@estcgp.gg,India,3453,VP0172,Silver,G03,Dota2,L010,Dota2 Spring 2025,T035,Titans Bengaluru,TTB35,M105,Mumbai,E1042,2,,,,,,PF0684,7.23,0,86.63,,
P0173,John,Patel,NexusJohn61,johnpatel0173@estcgp.gg,India,3031,VP0173,Gold,G03,Dota2,L010,Dota2 Spring 2025,T035,Titans Bengaluru,TTB35,M105,Mumbai,E1043,3,,,,,,PF0685,4.19,0,18.98,,
P0174,Aman,Nair,GhostAman33,amannair0174@estcgp.gg,India,2420,VP0174,Diamond,G03,Dota2,L010,Dota2 Spring 2025,T035,Titans Bengaluru,TTB35,M105,Mumbai,E1044,4,,,,,,PF0686,5.40,79,79.12,,
P0175,Sam,Kulkarni,BlazeSam42,samkulkarni0175@estcgp.gg,India,670,VP0175,Silver,G03,Dota2,L010,Dota2 Spring 2025,T035,Titans Bengaluru,TTB35,M105,Mumbai,E1045,5,,,,,,PF0687,4.38,3,78.67,V0153,TriggerBot
P0331,Sara,Taylor,WolfSara40,sarataylor0331@estcgp.gg,India,4112,VP0331,Bronze,G03,Dota2,L010,Dota2 Spring 2025,T067,Knights Tokyo,KNT67,M105,Mumbai,E1046,1,,,,,,PF0688,5.18,495,30.42,,
P0332,Riya,Patel,VortexRiya15,riyapatel0332@estcgp.gg,USA,2558,VP0332,Silver,G03,Dota2,L010,Dota2 Spring 2025,T067,Knights Tokyo,KNT67,M105,Mumbai,E1047,2,,,,,,PF0689,0.00,149,15.96,,
P0333,John,Martin,BlazeJohn95,johnmartin0333@estcgp.gg,India,3270,VP0333,Gold,G03,Dota2,L010,Dota2 Spring 2025,T067,Knights Tokyo,KNT67,M105,Mumbai,E1048,3,,,,,,PF0690,1.19,410,9.52,,
P0334,Alex,Yadav,PulseAlex27,alexyadav0334@estcgp.gg,India,305,VP0334,Bronze,G03,Dota2,L010,Dota2 Spring 2025,T067,Knights Tokyo,KNT67,M105,Mumbai,E1049,4,,,,,,PF0691,5.91,104,100.00,,
P0335,Alex,Malhotra,PixelAlex20,alexmalhotra0335@estcgp.gg,India,4249,VP0335,Silver,G03,Dota2,L010,Dota2 Spring 2025,T067,Knights Tokyo,KNT67,M105,Mumbai,E1050,5,,,,,,PF0692,6.81,144,40.10,,
P0331,Sara,Taylor,WolfSara40,sarataylor0331@estcgp.gg,India,4112,VP0331,Bronze,G03,Dota2,L011,Dota2 Summer 2025,T067,Knights Tokyo,KNT67,M106,Frankfurt,E1051,1,,,,,,,,,,,
P0332,Riya,Patel,VortexRiya15,riyapatel0332@estcgp.gg,USA,2558,VP0332,Silver,G03,Dota2,L011,Dota2 Summer 2025,T067,Knights Tokyo,KNT67,M106,Frankfurt,E1052,2,,,,,,,,,,,
P0333,John,Martin,BlazeJohn95,johnmartin0333@estcgp.gg,India,3270,VP0333,Gold,G03,Dota2,L011,Dota2 Summer 2025,T067,Knights Tokyo,KNT67,M106,Frankfurt,E1053,3,,,,,,,,,,,
P0334,Alex,Yadav,PulseAlex27,alexyadav0334@estcgp.gg,India,305,VP0334,Bronze,G03,Dota2,L011,Dota2 Summer 2025,T067,Knights Tokyo,KNT67,M106,Frankfurt,E1054,4,,,,,,,,,,,
P0335,Alex,Malhotra,PixelAlex20,alexmalhotra0335@estcgp.gg,India,4249,VP0335,Silver,G03,Dota2,L011,Dota2 Summer 2025,T067,Knights Tokyo,KNT67,M106,Frankfurt,E1055,5,,,,,,,,,,,
P0561,Alex,Singh,DragonAlex7,alexsingh0561@estcgp.gg,India,639,VP0561,Platinum,G03,Dota2,L011,Dota2 Summer 2025,T113,Pulse Pune,PLP113,M106,Frankfurt,E1056,1,,,,,,,,,,,
P0562,John,Sharma,CrimsonJohn95,johnsharma0562@estcgp.gg,India,4368,VP0562,Bronze,G03,Dota2,L011,Dota2 Summer 2025,T113,Pulse Pune,PLP113,M106,Frankfurt,E1057,2,,,,,,,,,,,
P0563,Aman,Khan,NexusAman89,amankhan0563@estcgp.gg,USA,3499,VP0563,Bronze,G03,Dota2,L011,Dota2 Summer 2025,T113,Pulse Pune,PLP113,M106,Frankfurt,E1058,3,,,,,,,,,,,
P0564,John,Singh,BlazeJohn49,johnsingh0564@estcgp.gg,India,97,VP0564,Silver,G03,Dota2,L011,Dota2 Summer 2025,T113,Pulse Pune,PLP113,M106,Frankfurt,E1059,4,,,,,,,,,,,
P0565,Alex,Moore,StormAlex4,alexmoore0565@estcgp.gg,USA,3008,VP0565,Gold,G03,Dota2,L011,Dota2 Summer 2025,T113,Pulse Pune,PLP113,M106,Frankfurt,E1060,5,,,,,,,,,,,
P0561,Alex,Singh,DragonAlex7,alexsingh0561@estcgp.gg,India,639,VP0561,Platinum,G03,Dota2,L012,Dota2 World 2025,T113,Pulse Pune,PLP113,M107,Singapore,E1061,1,,,,,,,,,,,
P0562,John,Sharma,CrimsonJohn95,johnsharma0562@estcgp.gg,India,4368,VP0562,Bronze,G03,Dota2,L012,Dota2 World 2025,T113,Pulse Pune,PLP113,M107,Singapore,E1062,2,,,,,,,,,,,
P0563,Aman,Khan,NexusAman89,amankhan0563@estcgp.gg,USA,3499,VP0563,Bronze,G03,Dota2,L012,Dota2 World 2025,T113,Pulse Pune,PLP113,M107,Singapore,E1063,3,,,,,,,,,,,
P0564,John,Singh,BlazeJohn49,johnsingh0564@estcgp.gg,India,97,VP0564,Silver,G03,Dota2,L012,Dota2 World 2025,T113,Pulse Pune,PLP113,M107,Singapore,E1064,4,,,,,,,,,,,
P0565,Alex,Moore,StormAlex4,alexmoore0565@estcgp.gg,USA,3008,VP0565,Gold,G03,Dota2,L012,Dota2 World 2025,T113,Pulse Pune,PLP113,M107,Singapore,E1065,5,,,,,,,,,,,
P0326,John,Yadav,NeonJohn95,johnyadav0326@estcgp.gg,India,941,VP0326,Gold,G03,Dota2,L012,Dota2 World 2025,T066,Knights Chennai,KNC66,M107,Singapore,E1066,1,,,,,,,,,,,
P0327,Riya,Yadav,ShadowRiya99,riyayadav0327@estcgp.gg,India,4989,VP0327,Bronze,G03,Dota2,L012,Dota2 World 2025,T066,Knights Chennai,KNC66,M107,Singapore,E1067,2,,,,,,,,,,,
P0328,John,Patel,DragonJohn1,johnpatel0328@estcgp.gg,India,132,VP0328,Gold,G03,Dota2,L012,Dota2 World 2025,T066,Knights Chennai,KNC66,M107,Singapore,E1068,3,,,,,,,,,,,
P0329,Riya,Yadav,TitanRiya88,riyayadav0329@estcgp.gg,India,3212,VP0329,Bronze,G03,Dota2,L012,Dota2 World 2025,T066,Knights Chennai,KNC66,M107,Singapore,E1069,4,,,,,,,,,,,
P0330,Riya,Yadav,LunaRiya45,riyayadav0330@estcgp.gg,USA,1565,VP0330,Silver,G03,Dota2,L012,Dota2 World 2025,T066,Knights Chennai,KNC66,M107,Singapore,E1070,5,,,,,,,,,,,
P0326,John,Yadav,NeonJohn95,johnyadav0326@estcgp.gg,India,941,VP0326,Gold,G01,Valorant,L013,Valorant Open 2026,T066,Knights Chennai,KNC66,M108,Tokyo,E1071,1,PO0558,30779.99,TX0558,UPI,Paid,PF0693,6.32,15,100.00,,
P0327,Riya,Yadav,ShadowRiya99,riyayadav0327@estcgp.gg,India,4989,VP0327,Bronze,G01,Valorant,L013,Valorant Open 2026,T066,Knights Chennai,KNC66,M108,Tokyo,E1072,2,,,,,,PF0694,8.15,87,93.01,V0154,Wallhack
P0328,John,Patel,DragonJohn1,johnpatel0328@estcgp.gg,India,132,VP0328,Gold,G01,Valorant,L013,Valorant Open 2026,T066,Knights Chennai,KNC66,M108,Tokyo,E1073,3,PO0559,45419.00,TX0559,Wallet,SUCCESS,PF0695,0.00,0,34.69,,
P0329,Riya,Yadav,TitanRiya88,riyayadav0329@estcgp.gg,India,3212,VP0329,Bronze,G01,Valorant,L013,Valorant Open 2026,T066,Knights Chennai,KNC66,M108,Tokyo,E1074,4,PO0560,19385.10,TX0560,UPI,Paid,PF0696,0.00,0,100.00,,
P0330,Riya,Yadav,LunaRiya45,riyayadav0330@estcgp.gg,USA,1565,VP0330,Silver,G01,Valorant,L013,Valorant Open 2026,T066,Knights Chennai,KNC66,M108,Tokyo,E1075,5,PO0561,30785.00,TX0561,Crypto,Paid,PF0697,2.15,366,56.12,,
P0026,John,Khan,KnightJohn46,johnkhan0026@estcgp.gg,India,2623,VP0026,Bronze,G01,Valorant,L013,Valorant Open 2026,T006,Nova Chennai,NVC06,M108,Tokyo,E1076,1,PO0562,30719.19,TX0562,Crypto,Paid,PF0698,1.65,2,100.00,,
P0027,John,Mehta,LunaJohn37,johnmehta0027@estcgp.gg,India,3823,VP0027,Bronze,G01,Valorant,L013,Valorant Open 2026,T006,Nova Chennai,NVC06,M108,Tokyo,E1077,2,PO0563,30386.49,TX0563,Bank,Paid,PF0699,0.00,88,59.22,,
P0028,Aman,Singh,BlazeAman93,amansingh0028@estcgp.gg,India,4996,VP0028,Bronze,G01,Valorant,L013,Valorant Open 2026,T006,Nova Chennai,NVC06,M108,Tokyo,E1078,3,,,,,,PF0700,0.00,86,89.08,,
P0029,John,Khan,RapidJohn83,johnkhan0029@estcgp.gg,India,1945,VP0029,Diamond,G01,Valorant,L013,Valorant Open 2026,T006,Nova Chennai,NVC06,M108,Tokyo,E1079,4,PO0564,4610.96,TX0564,Bank,Paid,PF0701,2.85,655,9.10,V0155,Other
P0030,Riya,Singh,ShadowRiya60,riyasingh0030@estcgp.gg,India,0,VP0030,Gold,G01,Valorant,L013,Valorant Open 2026,T006,Nova Chennai,NVC06,M108,Tokyo,E1080,5,PO0565,20858.40,TX0565,Wallet,Paid,PF0702,3.17,681,52.04,,
P0026,John,Khan,KnightJohn46,johnkhan0026@estcgp.gg,India,2623,VP0026,Bronze,G01,Valorant,L014,Valorant Spring 2026,T006,Nova Chennai,NVC06,M109,London,E1081,1,PO0566,23089.57,TX0566,Wallet,Paid,PF0703,6.72,446,100.00,,
P0027,John,Mehta,LunaJohn37,johnmehta0027@estcgp.gg,India,3823,VP0027,Bronze,G01,Valorant,L014,Valorant Spring 2026,T006,Nova Chennai,NVC06,M109,London,E1082,2,PO0567,25344.00,TX0567,Crypto,Paid,PF0704,4.78,557,100.00,,
P0028,Aman,Singh,BlazeAman93,amansingh0028@estcgp.gg,India,4996,VP0028,Bronze,G01,Valorant,L014,Valorant Spring 2026,T006,Nova Chennai,NVC06,M109,London,E1083,3,PO0568,9059.69,TX0568,Bank,Paid,PF0705,0.00,12,99.13,V0156,Wallhack
P0029,John,Khan,RapidJohn83,johnkhan0029@estcgp.gg,India,1945,VP0029,Diamond,G01,Valorant,L014,Valorant Spring 2026,T006,Nova Chennai,NVC06,M109,London,E1084,4,PO0569,2422.56,TX0569,UPI,Paid,PF0706,8.43,233,80.81,,
P0030,Riya,Singh,ShadowRiya60,riyasingh0030@estcgp.gg,India,0,VP0030,Gold,G01,Valorant,L014,Valorant Spring 2026,T006,Nova Chennai,NVC06,M109,London,E1085,5,PO0570,12096.42,TX0570,UPI,Paid,PF0707,6.90,493,88.11,,
P0551,John,Nair,LunaJohn38,johnnair0551@estcgp.gg,India,2268,VP0551,Diamond,G01,Valorant,L014,Valorant Spring 2026,T111,Pulse Mumbai,PLM111,M109,London,E1086,1,PO0571,13756.83,TX0571,Crypto,Paid,PF0708,0.00,35,17.63,V0157,Wallhack
P0552,Riya,Khan,LunaRiya67,riyakhan0552@estcgp.gg,India,2894,VP0552,Bronze,G01,Valorant,L014,Valorant Spring 2026,T111,Pulse Mumbai,PLM111,M109,London,E1087,2,PO0572,24232.27,TX0572,UPI,Paid,PF0709,1.75,293,100.00,,
P0553,Sam,Williams,VortexSam83,samwilliams0553@estcgp.gg,USA,444,VP0553,Bronze,G01,Valorant,L014,Valorant Spring 2026,T111,Pulse Mumbai,PLM111,M109,London,E1088,3,PO0573,12828.91,TX0573,Wallet,SUCCESS,PF0710,7.13,282,63.17,,
P0554,Sam,Patel,RapidSam19,sampatel0554@estcgp.gg,India,4192,VP0554,Bronze,G01,Valorant,L014,Valorant Spring 2026,T111,Pulse Mumbai,PLM111,M109,London,E1089,4,PO0574,36916.13,TX0574,Bank,Paid,PF0711,3.23,228,15.75,,
P0555,Riya,Patel,NovaRiya84,riyapatel0555@estcgp.gg,India,683,VP0555,Silver,G01,Valorant,L014,Valorant Spring 2026,T111,Pulse Mumbai,PLM111,M109,London,E1090,5,PO0575,29954.93,TX0575,PayPal,Paid,PF0712,6.28,509,37.44,,
P0551,John,Nair,LunaJohn38,johnnair0551@estcgp.gg,India,2268,VP0551,Diamond,G01,Valorant,L015,Valorant Summer 2026,T111,Pulse Mumbai,PLM111,M110,Mumbai,E1091,1,PO0576,11208.42,TX0576,Crypto,Paid,PF0713,1.53,0,100.00,,
P0552,Riya,Khan,LunaRiya67,riyakhan0552@estcgp.gg,India,2894,VP0552,Bronze,G01,Valorant,L015,Valorant Summer 2026,T111,Pulse Mumbai,PLM111,M110,Mumbai,E1092,2,PO0577,52920.71,TX0577,Crypto,Paid,PF0714,5.88,600,71.17,,
P0553,Sam,Williams,VortexSam83,samwilliams0553@estcgp.gg,USA,444,VP0553,Bronze,G01,Valorant,L015,Valorant Summer 2026,T111,Pulse Mumbai,PLM111,M110,Mumbai,E1093,3,PO0578,28509.96,TX0578,Wallet,SUCCESS,PF0715,4.37,515,66.69,V0158,Aimbot
P0554,Sam,Patel,RapidSam19,sampatel0554@estcgp.gg,India,4192,VP0554,Bronze,G01,Valorant,L015,Valorant Summer 2026,T111,Pulse Mumbai,PLM111,M110,Mumbai,E1094,4,PO0579,41912.21,TX0579,Crypto,Paid,PF0716,8.36,430,87.75,V0159,TriggerBot
P0555,Riya,Patel,NovaRiya84,riyapatel0555@estcgp.gg,India,683,VP0555,Silver,G01,Valorant,L015,Valorant Summer 2026,T111,Pulse Mumbai,PLM111,M110,Mumbai,E1095,5,PO0580,34482.13,TX0580,UPI,Pending,PF0717,0.42,596,89.77,,
P0226,Sara,Patel,BlazeSara87,sarapatel0226@estcgp.gg,India,4038,VP0226,Silver,G01,Valorant,L015,Valorant Summer 2026,T046,Storm Chennai,STC46,M110,Mumbai,E1096,1,PO0581,12002.68,TX0581,Crypto,SUCCESS,PF0718,2.93,647,89.31,,
P0227,Sam,Patel,ViperSam36,sampatel0227@estcgp.gg,India,1043,VP0227,Gold,G01,Valorant,L015,Valorant Summer 2026,T046,Storm Chennai,STC46,M110,Mumbai,E1097,2,PO0582,22875.55,TX0582,UPI,Paid,PF0719,6.46,164,71.26,,
P0228,John,Singh,TitanJohn11,johnsingh0228@estcgp.gg,India,3017,VP0228,Gold,G01,Valorant,L015,Valorant Summer 2026,T046,Storm Chennai,STC46,M110,Mumbai,E1098,3,,,,,,,,,,,
P0229,Alex,Yadav,IronAlex39,alexyadav0229@estcgp.gg,India,2443,VP0229,Bronze,G01,Valorant,L015,Valorant Summer 2026,T046,Storm Chennai,STC46,M110,Mumbai,E1099,4,PO0583,20923.97,TX0583,UPI,Paid,PF0720,5.69,652,56.64,,
P0230,Alex,Singh,PhoenixAlex49,alexsingh0230@estcgp.gg,India,3005,VP0230,Gold,G01,Valorant,L015,Valorant Summer 2026,T046,Storm Chennai,STC46,M110,Mumbai,E1100,5,PO0584,20519.75,TX0584,UPI,Failed,PF0721,0.38,385,7.57,,
P0226,Sara,Patel,BlazeSara87,sarapatel0226@estcgp.gg,India,4038,VP0226,Silver,G01,Valorant,L016,Valorant World 2026,T046,Storm Chennai,STC46,M111,Frankfurt,E1101,1,PO0585,35359.42,TX0585,UPI,Paid,PF0722,0.00,339,73.76,V0160,Aimbot
P0227,Sam,Patel,ViperSam36,sampatel0227@estcgp.gg,India,1043,VP0227,Gold,G01,Valorant,L016,Valorant World 2026,T046,Storm Chennai,STC46,M111,Frankfurt,E1102,2,,,,,,,,,,,
P0228,John,Singh,TitanJohn11,johnsingh0228@estcgp.gg,India,3017,VP0228,Gold,G01,Valorant,L016,Valorant World 2026,T046,Storm Chennai,STC46,M111,Frankfurt,E1103,3,PO0586,8841.75,TX0586,Bank,Paid,PF0723,2.37,158,100.00,,
P0229,Alex,Yadav,IronAlex39,alexyadav0229@estcgp.gg,India,2443,VP0229,Bronze,G01,Valorant,L016,Valorant World 2026,T046,Storm Chennai,STC46,M111,Frankfurt,E1104,4,PO0587,13747.37,TX0587,Bank,Paid,PF0724,4.66,524,51.45,,
P0230,Alex,Singh,PhoenixAlex49,alexsingh0230@estcgp.gg,India,3005,VP0230,Gold,G01,Valorant,L016,Valorant World 2026,T046,Storm Chennai,STC46,M111,Frankfurt,E1105,5,PO0588,13012.63,TX0588,UPI,Paid,PF0725,5.66,12,75.53,,
P0096,Sam,Singh,VortexSam43,samsingh0096@estcgp.gg,India,3070,VP0096,Gold,G01,Valorant,L016,Valorant World 2026,T020,Phoenix London,PXL20,M111,Frankfurt,E1106,1,,,,,,PF0726,1.57,0,75.53,,
P0097,Sam,Patel,ViperSam47,sampatel0097@estcgp.gg,India,537,VP0097,Gold,G01,Valorant,L016,Valorant World 2026,T020,Phoenix London,PXL20,M111,Frankfurt,E1107,2,PO0589,32938.03,TX0589,Crypto,Paid,PF0727,0.33,510,52.18,V0161,Aimbot
P0098,Alex,Kapoor,DragonAlex23,alexkapoor0098@estcgp.gg,India,4420,VP0098,Gold,G01,Valorant,L016,Valorant World 2026,T020,Phoenix London,PXL20,M111,Frankfurt,E1108,3,PO0590,1599.49,TX0590,Crypto,Paid,PF0728,4.35,299,23.38,,
P0099,Riya,Khan,HyperRiya74,riyakhan0099@estcgp.gg,USA,1217,VP0099,Silver,G01,Valorant,L016,Valorant World 2026,T020,Phoenix London,PXL20,M111,Frankfurt,E1109,4,,,,,,,,,,,
P0100,Aman,Yadav,PhoenixAman3,amanyadav0100@estcgp.gg,USA,4945,VP0100,Gold,G01,Valorant,L016,Valorant World 2026,T020,Phoenix London,PXL20,M111,Frankfurt,E1110,5,PO0591,26188.62,TX0591,Bank,Paid,PF0729,7.85,232,81.50,V0162,TriggerBot
P0096,Sam,Singh,VortexSam43,samsingh0096@estcgp.gg,India,3070,VP0096,Gold,G02,CS2,L017,CS2 Open 2026,T020,Phoenix London,PXL20,M112,Singapore,E1111,1,PO0592,42461.06,TX0592,Crypto,Paid,PF0730,7.47,421,2.12,,
P0097,Sam,Patel,ViperSam47,sampatel0097@estcgp.gg,India,537,VP0097,Gold,G02,CS2,L017,CS2 Open 2026,T020,Phoenix London,PXL20,M112,Singapore,E1112,2,PO0593,19566.55,TX0593,Crypto,Paid,PF0731,6.02,696,34.71,,
P0098,Alex,Kapoor,DragonAlex23,alexkapoor0098@estcgp.gg,India,4420,VP0098,Gold,G02,CS2,L017,CS2 Open 2026,T020,Phoenix London,PXL20,M112,Singapore,E1113,3,PO0594,778.68,TX0594,Wallet,Paid,PF0732,5.96,542,100.00,,
P0099,Riya,Khan,HyperRiya74,riyakhan0099@estcgp.gg,USA,1217,VP0099,Silver,G02,CS2,L017,CS2 Open 2026,T020,Phoenix London,PXL20,M112,Singapore,E1114,4,PO0595,22380.16,TX0595,Crypto,Paid,PF0733,0.00,291,100.00,,
P0100,Aman,Yadav,PhoenixAman3,amanyadav0100@estcgp.gg,USA,4945,VP0100,Gold,G02,CS2,L017,CS2 Open 2026,T020,Phoenix London,PXL20,M112,Singapore,E1115,5,,,,,,,,,,,
P0556,John,Rao,BlazeJohn48,johnrao0556@estcgp.gg,India,3276,VP0556,Gold,G02,CS2,L017,CS2 Open 2026,T112,Pulse Delhi,PLD112,M112,Singapore,E1116,1,PO0596,23464.69,TX0596,Crypto,Paid,PF0734,0.00,500,100.00,,
P0557,Riya,Singh,ShadowRiya37,riyasingh0557@estcgp.gg,India,3256,VP0557,Silver,G02,CS2,L017,CS2 Open 2026,T112,Pulse Delhi,PLD112,M112,Singapore,E1117,2,PO0597,1392.43,TX0597,Bank,Paid,PF0735,3.45,343,86.55,,
P0558,Aman,Patel,CrimsonAman81,amanpatel0558@estcgp.gg,USA,4939,VP0558,Silver,G02,CS2,L017,CS2 Open 2026,T112,Pulse Delhi,PLD112,M112,Singapore,E1118,3,PO0598,16891.82,TX0598,PayPal,SUCCESS,PF0736,0.00,136,19.02,V0163,Wallhack
P0559,Alex,Patel,FrostAlex32,alexpatel0559@estcgp.gg,USA,369,VP0559,Silver,G02,CS2,L017,CS2 Open 2026,T112,Pulse Delhi,PLD112,M112,Singapore,E1119,4,PO0599,12650.92,TX0599,Crypto,SUCCESS,PF0737,3.70,694,10.74,,
P0560,Sam,Bansal,HyperSam80,sambansal0560@estcgp.gg,India,464,VP0560,Silver,G02,CS2,L017,CS2 Open 2026,T112,Pulse Delhi,PLD112,M112,Singapore,E1120,5,PO0600,18318.45,TX0600,UPI,Paid,PF0738,5.36,126,100.00,V0164,Wallhack
P0556,John,Rao,BlazeJohn48,johnrao0556@estcgp.gg,India,3276,VP0556,Gold,G02,CS2,L018,CS2 Spring 2026,T112,Pulse Delhi,PLD112,M113,Tokyo,E1121,1,,,,,,,,,,,
P0557,Riya,Singh,ShadowRiya37,riyasingh0557@estcgp.gg,India,3256,VP0557,Silver,G02,CS2,L018,CS2 Spring 2026,T112,Pulse Delhi,PLD112,M113,Tokyo,E1122,2,,,,,,,,,,,
P0558,Aman,Patel,CrimsonAman81,amanpatel0558@estcgp.gg,USA,4939,VP0558,Silver,G02,CS2,L018,CS2 Spring 2026,T112,Pulse Delhi,PLD112,M113,Tokyo,E1123,3,,,,,,,,,,,
P0559,Alex,Patel,FrostAlex32,alexpatel0559@estcgp.gg,USA,369,VP0559,Silver,G02,CS2,L018,CS2 Spring 2026,T112,Pulse Delhi,PLD112,M113,Tokyo,E1124,4,,,,,,,,,,,
P0560,Sam,Bansal,HyperSam80,sambansal0560@estcgp.gg,India,464,VP0560,Silver,G02,CS2,L018,CS2 Spring 2026,T112,Pulse Delhi,PLD112,M113,Tokyo,E1125,5,,,,,,,,,,,
P0456,John,Kulkarni,WolfJohn35,johnkulkarni0456@estcgp.gg,USA,1242,VP0456,Bronze,G02,CS2,L018,CS2 Spring 2026,T092,Vortex Delhi,VXD92,M113,Tokyo,E1126,1,,,,,,,,,,,
P0457,Sara,Khan,CyberSara98,sarakhan0457@estcgp.gg,USA,4221,VP0457,Silver,G02,CS2,L018,CS2 Spring 2026,T092,Vortex Delhi,VXD92,M113,Tokyo,E1127,2,,,,,,,,,,,
P0458,Alex,Singh,DragonAlex2,alexsingh0458@estcgp.gg,USA,2742,VP0458,Bronze,G02,CS2,L018,CS2 Spring 2026,T092,Vortex Delhi,VXD92,M113,Tokyo,E1128,3,,,,,,,,,,,
P0459,Sara,Pillai,PulseSara44,sarapillai0459@estcgp.gg,India,1266,VP0459,Platinum,G02,CS2,L018,CS2 Spring 2026,T092,Vortex Delhi,VXD92,M113,Tokyo,E1129,4,,,,,,,,,,,
P0460,Sam,Patel,CrimsonSam38,sampatel0460@estcgp.gg,India,1161,VP0460,Bronze,G02,CS2,L018,CS2 Spring 2026,T092,Vortex Delhi,VXD92,M113,Tokyo,E1130,5,,,,,,,,,,,
P0456,John,Kulkarni,WolfJohn35,johnkulkarni0456@estcgp.gg,USA,1242,VP0456,Bronze,G02,CS2,L019,CS2 Summer 2026,T092,Vortex Delhi,VXD92,M114,London,E1131,1,,,,,,PF0739,7.50,257,52.61,,
P0457,Sara,Khan,CyberSara98,sarakhan0457@estcgp.gg,USA,4221,VP0457,Silver,G02,CS2,L019,CS2 Summer 2026,T092,Vortex Delhi,VXD92,M114,London,E1132,2,,,,,,PF0740,5.35,56,18.45,,
P0458,Alex,Singh,DragonAlex2,alexsingh0458@estcgp.gg,USA,2742,VP0458,Bronze,G02,CS2,L019,CS2 Summer 2026,T092,Vortex Delhi,VXD92,M114,London,E1133,3,,,,,,PF0741,8.38,472,3.76,,
P0459,Sara,Pillai,PulseSara44,sarapillai0459@estcgp.gg,India,1266,VP0459,Platinum,G02,CS2,L019,CS2 Summer 2026,T092,Vortex Delhi,VXD92,M114,London,E1134,4,,,,,,PF0742,1.57,10,16.60,,
P0460,Sam,Patel,CrimsonSam38,sampatel0460@estcgp.gg,India,1161,VP0460,Bronze,G02,CS2,L019,CS2 Summer 2026,T092,Vortex Delhi,VXD92,M114,London,E1135,5,,,,,,PF0743,3.66,450,4.77,V0165,Wallhack
P0466,Aman,Yadav,PrimeAman3,amanyadav0466@estcgp.gg,India,4527,VP0466,Silver,G02,CS2,L019,CS2 Summer 2026,T094,Vortex Hyderabad,VXH94,M114,London,E1136,1,,,,,,PF0744,5.76,21,65.75,,
P0467,Aman,Khan,NitroAman35,amankhan0467@estcgp.gg,India,725,VP0467,Bronze,G02,CS2,L019,CS2 Summer 2026,T094,Vortex Hyderabad,VXH94,M114,London,E1137,2,,,,,,PF0745,4.62,373,58.98,,
P0468,Riya,Khan,CyberRiya23,riyakhan0468@estcgp.gg,India,3009,VP0468,Silver,G02,CS2,L019,CS2 Summer 2026,T094,Vortex Hyderabad,VXH94,M114,London,E1138,3,,,,,,PF0746,5.96,211,96.74,,
P0469,Sara,Yadav,PulseSara92,sarayadav0469@estcgp.gg,India,1519,VP0469,Gold,G02,CS2,L019,CS2 Summer 2026,T094,Vortex Hyderabad,VXH94,M114,London,E1139,4,,,,,,PF0747,1.13,70,15.87,,
P0470,Alex,Yadav,HyperAlex22,alexyadav0470@estcgp.gg,India,2001,VP0470,Gold,G02,CS2,L019,CS2 Summer 2026,T094,Vortex Hyderabad,VXH94,M114,London,E1140,5,,,,,,PF0748,7.05,638,39.99,,
P0466,Aman,Yadav,PrimeAman3,amanyadav0466@estcgp.gg,India,4527,VP0466,Silver,G02,CS2,L020,CS2 World 2026,T094,Vortex Hyderabad,VXH94,M115,Mumbai,E1141,1,,,,,,,,,,,
P0467,Aman,Khan,NitroAman35,amankhan0467@estcgp.gg,India,725,VP0467,Bronze,G02,CS2,L020,CS2 World 2026,T094,Vortex Hyderabad,VXH94,M115,Mumbai,E1142,2,,,,,,,,,,,
P0468,Riya,Khan,CyberRiya23,riyakhan0468@estcgp.gg,India,3009,VP0468,Silver,G02,CS2,L020,CS2 World 2026,T094,Vortex Hyderabad,VXH94,M115,Mumbai,E1143,3,,,,,,,,,,,
P0469,Sara,Yadav,PulseSara92,sarayadav0469@estcgp.gg,India,1519,VP0469,Gold,G02,CS2,L020,CS2 World 2026,T094,Vortex Hyderabad,VXH94,M115,Mumbai,E1144,4,,,,,,,,,,,
P0470,Alex,Yadav,HyperAlex22,alexyadav0470@estcgp.gg,India,2001,VP0470,Gold,G02,CS2,L020,CS2 World 2026,T094,Vortex Hyderabad,VXH94,M115,Mumbai,E1145,5,,,,,,,,,,,
P0111,John,Patel,TitanJohn96,johnpatel0111@estcgp.gg,India,2620,VP0111,Gold,G02,CS2,L020,CS2 World 2026,T023,Dragons Pune,DGP23,M115,Mumbai,E1146,1,,,,,,,,,,,
P0112,Riya,Singh,LunaRiya55,riyasingh0112@estcgp.gg,India,400,VP0112,Gold,G02,CS2,L020,CS2 World 2026,T023,Dragons Pune,DGP23,M115,Mumbai,E1147,2,,,,,,,,,,,
P0113,John,Patel,DragonJohn47,johnpatel0113@estcgp.gg,India,2286,VP0113,Bronze,G02,CS2,L020,CS2 World 2026,T023,Dragons Pune,DGP23,M115,Mumbai,E1148,3,,,,,,,,,,,
P0114,Riya,Yadav,PulseRiya93,riyayadav0114@estcgp.gg,India,1872,VP0114,Gold,G02,CS2,L020,CS2 World 2026,T023,Dragons Pune,DGP23,M115,Mumbai,E1149,4,,,,,,,,,,,
P0115,Sam,Khan,ViperSam41,samkhan0115@estcgp.gg,India,4574,VP0115,Gold,G02,CS2,L020,CS2 World 2026,T023,Dragons Pune,DGP23,M115,Mumbai,E1150,5,,,,,,,,,,,
P0111,John,Patel,TitanJohn96,johnpatel0111@estcgp.gg,India,2620,VP0111,Gold,G03,Dota2,L021,Dota2 Open 2026,T023,Dragons Pune,DGP23,M116,Frankfurt,E1151,1,,,,,,,,,,,
P0112,Riya,Singh,LunaRiya55,riyasingh0112@estcgp.gg,India,400,VP0112,Gold,G03,Dota2,L021,Dota2 Open 2026,T023,Dragons Pune,DGP23,M116,Frankfurt,E1152,2,,,,,,,,,,,
P0113,John,Patel,DragonJohn47,johnpatel0113@estcgp.gg,India,2286,VP0113,Bronze,G03,Dota2,L021,Dota2 Open 2026,T023,Dragons Pune,DGP23,M116,Frankfurt,E1153,3,,,,,,,,,,,
P0114,Riya,Yadav,PulseRiya93,riyayadav0114@estcgp.gg,India,1872,VP0114,Gold,G03,Dota2,L021,Dota2 Open 2026,T023,Dragons Pune,DGP23,M116,Frankfurt,E1154,4,,,,,,,,,,,
P0115,Sam,Khan,ViperSam41,samkhan0115@estcgp.gg,India,4574,VP0115,Gold,G03,Dota2,L021,Dota2 Open 2026,T023,Dragons Pune,DGP23,M116,Frankfurt,E1155,5,,,,,,,,,,,
P0431,John,Jain,CyberJohn75,johnjain0431@estcgp.gg,India,3222,VP0431,Gold,G03,Dota2,L021,Dota2 Open 2026,T087,Apex Tokyo,AXT87,M116,Frankfurt,E1156,1,,,,,,,,,,,
P0432,Aman,Singh,FrostAman56,amansingh0432@estcgp.gg,USA,1315,VP0432,Bronze,G03,Dota2,L021,Dota2 Open 2026,T087,Apex Tokyo,AXT87,M116,Frankfurt,E1157,2,,,,,,,,,,,
P0433,Alex,Patel,NexusAlex65,alexpatel0433@estcgp.gg,USA,811,VP0433,Silver,G03,Dota2,L021,Dota2 Open 2026,T087,Apex Tokyo,AXT87,M116,Frankfurt,E1158,3,,,,,,,,,,,
P0434,John,Patel,CyberJohn32,johnpatel0434@estcgp.gg,USA,2606,VP0434,Silver,G03,Dota2,L021,Dota2 Open 2026,T087,Apex Tokyo,AXT87,M116,Frankfurt,E1159,4,,,,,,,,,,,
P0435,Alex,Singh,GhostAlex59,alexsingh0435@estcgp.gg,India,4714,VP0435,Diamond,G03,Dota2,L021,Dota2 Open 2026,T087,Apex Tokyo,AXT87,M116,Frankfurt,E1160,5,,,,,,,,,,,
P0431,John,Jain,CyberJohn75,johnjain0431@estcgp.gg,India,3222,VP0431,Gold,G03,Dota2,L022,Dota2 Spring 2026,T087,Apex Tokyo,AXT87,M117,Singapore,E1161,1,PO0601,21670.41,TX0601,Crypto,Cancelled,PF0749,8.92,687,47.78,V0166,Aimbot
P0432,Aman,Singh,FrostAman56,amansingh0432@estcgp.gg,USA,1315,VP0432,Bronze,G03,Dota2,L022,Dota2 Spring 2026,T087,Apex Tokyo,AXT87,M117,Singapore,E1162,2,PO0602,31767.39,TX0602,UPI,Paid,PF0750,0.79,517,100.00,V0167,Wallhack
P0433,Alex,Patel,NexusAlex65,alexpatel0433@estcgp.gg,USA,811,VP0433,Silver,G03,Dota2,L022,Dota2 Spring 2026,T087,Apex Tokyo,AXT87,M117,Singapore,E1163,3,PO0603,19010.51,TX0603,Wallet,Paid,PF0751,7.46,545,100.00,,
P0434,John,Patel,CyberJohn32,johnpatel0434@estcgp.gg,USA,2606,VP0434,Silver,G03,Dota2,L022,Dota2 Spring 2026,T087,Apex Tokyo,AXT87,M117,Singapore,E1164,4,PO0604,24172.09,TX0604,Bank,Paid,PF0752,0.55,366,17.21,,
P0435,Alex,Singh,GhostAlex59,alexsingh0435@estcgp.gg,India,4714,VP0435,Diamond,G03,Dota2,L022,Dota2 Spring 2026,T087,Apex Tokyo,AXT87,M117,Singapore,E1165,5,PO0605,4421.98,TX0605,Wallet,Paid,PF0753,1.82,592,54.26,,
P0316,Sam,Khan,PhoenixSam46,samkhan0316@estcgp.gg,India,4947,VP0316,Silver,G03,Dota2,L022,Dota2 Spring 2026,T064,Knights Hyderabad,KNH64,M117,Singapore,E1166,1,PO0606,27787.58,TX0606,UPI,Paid,PF0754,0.79,124,22.97,,
P0317,Sam,Khan,CyberSam22,samkhan0317@estcgp.gg,India,603,VP0317,Bronze,G03,Dota2,L022,Dota2 Spring 2026,T064,Knights Hyderabad,KNH64,M117,Singapore,E1167,2,PO0607,4418.53,TX0607,Bank,SUCCESS,PF0755,0.00,80,19.46,,
P0318,Aman,Patel,GhostAman31,amanpatel0318@estcgp.gg,USA,713,VP0318,Bronze,G03,Dota2,L022,Dota2 Spring 2026,T064,Knights Hyderabad,KNH64,M117,Singapore,E1168,3,PO0608,44373.56,TX0608,Bank,Paid,PF0756,5.20,426,3.87,,
P0319,Aman,Yadav,NitroAman15,amanyadav0319@estcgp.gg,India,1076,VP0319,Diamond,G03,Dota2,L022,Dota2 Spring 2026,T064,Knights Hyderabad,KNH64,M117,Singapore,E1169,4,,,,,,,,,,,
P0320,Sam,Patel,PixelSam25,sampatel0320@estcgp.gg,USA,657,VP0320,Bronze,G03,Dota2,L022,Dota2 Spring 2026,T064,Knights Hyderabad,KNH64,M117,Singapore,E1170,5,PO0609,30117.88,TX0609,Crypto,Paid,PF0757,0.00,459,63.39,V0168,TriggerBot
P0316,Sam,Khan,PhoenixSam46,samkhan0316@estcgp.gg,India,4947,VP0316,Silver,G03,Dota2,L023,Dota2 Summer 2026,T064,Knights Hyderabad,KNH64,M118,Tokyo,E1171,1,PO0610,37417.30,TX0610,Crypto,Paid,PF0758,7.82,172,63.28,,
P0317,Sam,Khan,CyberSam22,samkhan0317@estcgp.gg,India,603,VP0317,Bronze,G03,Dota2,L023,Dota2 Summer 2026,T064,Knights Hyderabad,KNH64,M118,Tokyo,E1172,2,,,,,,,,,,,
P0318,Aman,Patel,GhostAman31,amanpatel0318@estcgp.gg,USA,713,VP0318,Bronze,G03,Dota2,L023,Dota2 Summer 2026,T064,Knights Hyderabad,KNH64,M118,Tokyo,E1173,3,PO0611,39264.58,TX0611,Wallet,Paid,PF0759,4.77,421,93.40,,
P0319,Aman,Yadav,NitroAman15,amanyadav0319@estcgp.gg,India,1076,VP0319,Diamond,G03,Dota2,L023,Dota2 Summer 2026,T064,Knights Hyderabad,KNH64,M118,Tokyo,E1174,4,PO0612,28443.71,TX0612,Crypto,SUCCESS,PF0760,0.73,0,65.81,V0169,Aimbot
P0320,Sam,Patel,PixelSam25,sampatel0320@estcgp.gg,USA,657,VP0320,Bronze,G03,Dota2,L023,Dota2 Summer 2026,T064,Knights Hyderabad,KNH64,M118,Tokyo,E1175,5,PO0613,33066.48,TX0613,Wallet,Paid,PF0761,0.12,176,99.85,,
P0161,Alex,Khan,PulseAlex39,alexkhan0161@estcgp.gg,USA,3053,VP0161,Gold,G03,Dota2,L023,Dota2 Summer 2026,T033,Titans Pune,TTP33,M118,Tokyo,E1176,1,PO0614,17806.93,TX0614,Wallet,Paid,PF0762,1.56,312,46.29,,
P0162,Alex,Das,LunaAlex58,alexdas0162@estcgp.gg,India,3187,VP0162,Gold,G03,Dota2,L023,Dota2 Summer 2026,T033,Titans Pune,TTP33,M118,Tokyo,E1177,2,PO0615,11062.09,TX0615,UPI,Paid,PF0763,4.27,389,27.30,,
P0163,Sam,Patel,RogueSam30,sampatel0163@estcgp.gg,India,4579,VP0163,Gold,G03,Dota2,L023,Dota2 Summer 2026,T033,Titans Pune,TTP33,M118,Tokyo,E1178,3,PO0616,29374.25,TX0616,Bank,Paid,PF0764,0.00,612,96.55,V0170,TriggerBot
P0164,Sam,Yadav,WolfSam82,samyadav0164@estcgp.gg,USA,3451,VP0164,Silver,G03,Dota2,L023,Dota2 Summer 2026,T033,Titans Pune,TTP33,M118,Tokyo,E1179,4,PO0617,4215.33,TX0617,Wallet,SUCCESS,PF0765,0.16,112,50.97,,
P0165,Sam,Patel,FrostSam14,sampatel0165@estcgp.gg,USA,1139,VP0165,Gold,G03,Dota2,L023,Dota2 Summer 2026,T033,Titans Pune,TTP33,M118,Tokyo,E1180,5,PO0618,5004.21,TX0618,Crypto,Paid,PF0766,0.00,320,56.49,,
P0161,Alex,Khan,PulseAlex39,alexkhan0161@estcgp.gg,USA,3053,VP0161,Gold,G03,Dota2,L024,Dota2 World 2026,T033,Titans Pune,TTP33,M119,London,E1181,1,PO0619,21120.63,TX0619,Wallet,Paid,PF0767,0.73,482,60.21,,
P0162,Alex,Das,LunaAlex58,alexdas0162@estcgp.gg,India,3187,VP0162,Gold,G03,Dota2,L024,Dota2 World 2026,T033,Titans Pune,TTP33,M119,London,E1182,2,,,,,,PF0768,0.83,152,45.03,,
P0163,Sam,Patel,RogueSam30,sampatel0163@estcgp.gg,India,4579,VP0163,Gold,G03,Dota2,L024,Dota2 World 2026,T033,Titans Pune,TTP33,M119,London,E1183,3,PO0620,12625.54,TX0620,Bank,Paid,PF0769,7.81,25,26.40,,
P0164,Sam,Yadav,WolfSam82,samyadav0164@estcgp.gg,USA,3451,VP0164,Silver,G03,Dota2,L024,Dota2 World 2026,T033,Titans Pune,TTP33,M119,London,E1184,4,,,,,,PF0770,4.96,202,61.78,,
P0165,Sam,Patel,FrostSam14,sampatel0165@estcgp.gg,USA,1139,VP0165,Gold,G03,Dota2,L024,Dota2 World 2026,T033,Titans Pune,TTP33,M119,London,E1185,5,PO0621,4726.95,TX0621,PayPal,Paid,PF0771,5.01,651,17.79,V0171,SpeedHack
P0461,Riya,Khan,SilentRiya85,riyakhan0461@estcgp.gg,India,4653,VP0461,Bronze,G03,Dota2,L024,Dota2 World 2026,T093,Vortex Pune,VXP93,M119,London,E1186,1,PO0622,15892.30,TX0622,Crypto,Paid,PF0772,5.76,395,12.88,,
P0462,Alex,Joshi,RogueAlex94,alexjoshi0462@estcgp.gg,India,4848,VP0462,Gold,G03,Dota2,L024,Dota2 World 2026,T093,Vortex Pune,VXP93,M119,London,E1187,2,PO0623,4014.55,TX0623,UPI,SUCCESS,PF0773,2.39,73,19.40,,
P0463,Aman,Khan,ViperAman91,amankhan0463@estcgp.gg,India,1306,VP0463,Bronze,G03,Dota2,L024,Dota2 World 2026,T093,Vortex Pune,VXP93,M119,London,E1188,3,PO0624,27129.68,TX0624,UPI,Paid,PF0774,6.79,677,100.00,,
P0464,Sara,Shah,ShadowSara9,sarashah0464@estcgp.gg,India,1576,VP0464,Diamond,G03,Dota2,L024,Dota2 World 2026,T093,Vortex Pune,VXP93,M119,London,E1189,4,PO0625,41126.51,TX0625,Bank,Failed,PF0775,0.00,277,100.00,,
P0465,Sam,Khan,CrimsonSam83,samkhan0465@estcgp.gg,India,3409,VP0465,Gold,G03,Dota2,L024,Dota2 World 2026,T093,Vortex Pune,VXP93,M119,London,E1190,5,PO0626,4334.24,TX0626,Crypto,Paid,PF0776,3.59,45,56.84,,
P0461,Riya,Khan,SilentRiya85,riyakhan0461@estcgp.gg,India,4653,VP0461,Bronze,G01,Valorant,L001,Valorant Open 2025,T093,Vortex Pune,VXP93,M120,Mumbai,E1191,1,PO0627,24149.31,TX0627,Crypto,Paid,PF0777,0.00,76,26.03,,
P0462,Alex,Joshi,RogueAlex94,alexjoshi0462@estcgp.gg,India,4848,VP0462,Gold,G01,Valorant,L001,Valorant Open 2025,T093,Vortex Pune,VXP93,M120,Mumbai,E1192,2,PO0628,7766.30,TX0628,UPI,Paid,PF0778,0.17,104,100.00,V0172,TriggerBot
P0463,Aman,Khan,ViperAman91,amankhan0463@estcgp.gg,India,1306,VP0463,Bronze,G01,Valorant,L001,Valorant Open 2025,T093,Vortex Pune,VXP93,M120,Mumbai,E1193,3,PO0629,8071.56,TX0629,Wallet,SUCCESS,PF0779,6.88,0,57.86,,
P0464,Sara,Shah,ShadowSara9,sarashah0464@estcgp.gg,India,1576,VP0464,Diamond,G01,Valorant,L001,Valorant Open 2025,T093,Vortex Pune,VXP93,M120,Mumbai,E1194,4,PO0630,7901.15,TX0630,Wallet,Paid,PF0780,4.19,573,3.98,,
P0465,Sam,Khan,CrimsonSam83,samkhan0465@estcgp.gg,India,3409,VP0465,Gold,G01,Valorant,L001,Valorant Open 2025,T093,Vortex Pune,VXP93,M120,Mumbai,E1195,5,PO0631,35799.41,TX0631,Crypto,SUCCESS,PF0781,5.10,44,100.00,,
P0476,Alex,Singh,CrimsonAlex14,alexsingh0476@estcgp.gg,India,1809,VP0476,Platinum,G01,Valorant,L001,Valorant Open 2025,T096,Vortex Chennai,VXC96,M120,Mumbai,E1196,1,PO0632,11924.09,TX0632,Bank,Paid,PF0782,2.76,4,39.82,V0173,TriggerBot
P0477,Riya,Singh,NexusRiya73,riyasingh0477@estcgp.gg,USA,4944,VP0477,Silver,G01,Valorant,L001,Valorant Open 2025,T096,Vortex Chennai,VXC96,M120,Mumbai,E1197,2,PO0633,9611.95,TX0633,UPI,Pending,PF0783,0.89,296,56.30,,
P0478,Riya,Khan,VortexRiya19,riyakhan0478@estcgp.gg,India,1791,VP0478,Bronze,G01,Valorant,L001,Valorant Open 2025,T096,Vortex Chennai,VXC96,M120,Mumbai,E1198,3,PO0634,4468.58,TX0634,Crypto,Paid,PF0784,7.91,265,82.02,,
P0479,John,Nair,NeonJohn28,johnnair0479@estcgp.gg,India,336,VP0479,Bronze,G01,Valorant,L001,Valorant Open 2025,T096,Vortex Chennai,VXC96,M120,Mumbai,E1199,4,PO0635,22527.81,TX0635,Bank,Paid,PF0785,2.65,81,50.43,V0174,Wallhack
P0480,Aman,Patel,SilentAman55,amanpatel0480@estcgp.gg,India,1204,VP0480,Silver,G01,Valorant,L001,Valorant Open 2025,T096,Vortex Chennai,VXC96,M120,Mumbai,E1200,5,PO0636,20408.81,TX0636,Wallet,Paid,PF0786,4.46,653,83.53,,
P0476,Alex,Singh,CrimsonAlex14,alexsingh0476@estcgp.gg,India,1809,VP0476,Platinum,G01,Valorant,L002,Valorant Spring 2025,T096,Vortex Chennai,VXC96,M121,Frankfurt,E1201,1,,,,,,PF0787,4.55,310,0.63,,
P0477,Riya,Singh,NexusRiya73,riyasingh0477@estcgp.gg,USA,4944,VP0477,Silver,G01,Valorant,L002,Valorant Spring 2025,T096,Vortex Chennai,VXC96,M121,Frankfurt,E1202,2,PO0637,25108.26,TX0637,Crypto,Paid,PF0788,4.74,151,76.21,,
P0478,Riya,Khan,VortexRiya19,riyakhan0478@estcgp.gg,India,1791,VP0478,Bronze,G01,Valorant,L002,Valorant Spring 2025,T096,Vortex Chennai,VXC96,M121,Frankfurt,E1203,3,PO0638,24812.51,TX0638,Wallet,Paid,PF0789,2.91,644,58.99,,
P0479,John,Nair,NeonJohn28,johnnair0479@estcgp.gg,India,336,VP0479,Bronze,G01,Valorant,L002,Valorant Spring 2025,T096,Vortex Chennai,VXC96,M121,Frankfurt,E1204,4,PO0639,14809.58,TX0639,Wallet,Cancelled,PF0790,3.43,396,100.00,,
P0480,Aman,Patel,SilentAman55,amanpatel0480@estcgp.gg,India,1204,VP0480,Silver,G01,Valorant,L002,Valorant Spring 2025,T096,Vortex Chennai,VXC96,M121,Frankfurt,E1205,5,PO0640,18919.69,TX0640,Crypto,Paid,PF0791,5.50,395,71.86,,
P0406,Aman,Singh,QuantumAman64,amansingh0406@estcgp.gg,India,2306,VP0406,Diamond,G01,Valorant,L002,Valorant Spring 2025,T082,Apex Delhi,AXD82,M121,Frankfurt,E1206,1,PO0641,15680.16,TX0641,Crypto,SUCCESS,PF0792,0.00,678,39.45,V0175,TriggerBot
P0407,Riya,Yadav,StormRiya13,riyayadav0407@estcgp.gg,India,913,VP0407,Gold,G01,Valorant,L002,Valorant Spring 2025,T082,Apex Delhi,AXD82,M121,Frankfurt,E1207,2,PO0642,17121.16,TX0642,Bank,Paid,PF0793,0.00,492,67.71,V0176,Aimbot
P0408,Sara,Singh,ApexSara34,sarasingh0408@estcgp.gg,India,2016,VP0408,Platinum,G01,Valorant,L002,Valorant Spring 2025,T082,Apex Delhi,AXD82,M121,Frankfurt,E1208,3,PO0643,40590.09,TX0643,Wallet,Paid,PF0794,3.23,40,62.62,,
P0409,John,Khan,StormJohn59,johnkhan0409@estcgp.gg,India,3934,VP0409,Bronze,G01,Valorant,L002,Valorant Spring 2025,T082,Apex Delhi,AXD82,M121,Frankfurt,E1209,4,PO0644,22797.67,TX0644,PayPal,Paid,PF0795,3.55,127,76.78,,
P0410,Sara,Kapoor,PrimeSara31,sarakapoor0410@estcgp.gg,India,2962,VP0410,Silver,G01,Valorant,L002,Valorant Spring 2025,T082,Apex Delhi,AXD82,M121,Frankfurt,E1210,5,PO0645,28090.94,TX0645,UPI,Paid,PF0796,2.60,333,47.56,,
P0566,Alex,Yadav,PhoenixAlex43,alexyadav0566@estcgp.gg,India,3880,VP0566,Silver,G01,Valorant,L003,Valorant Summer 2025,T114,Pulse Hyderabad,PLH114,M122,Singapore,E1211,1,,,,,,,,,,,
P0567,Aman,Khan,NeonAman31,amankhan0567@estcgp.gg,India,1723,VP0567,Silver,G01,Valorant,L003,Valorant Summer 2025,T114,Pulse Hyderabad,PLH114,M122,Singapore,E1212,2,,,,,,,,,,,
P0568,Aman,Singh,QuantumAman80,amansingh0568@estcgp.gg,USA,1014,VP0568,Bronze,G01,Valorant,L003,Valorant Summer 2025,T114,Pulse Hyderabad,PLH114,M122,Singapore,E1213,3,,,,,,,,,,,
P0569,John,Thomas,NeonJohn11,johnthomas0569@estcgp.gg,India,2920,VP0569,Gold,G01,Valorant,L003,Valorant Summer 2025,T114,Pulse Hyderabad,PLH114,M122,Singapore,E1214,4,,,,,,,,,,,
P0570,Sara,Yadav,PrimeSara73,sarayadav0570@estcgp.gg,USA,1048,VP0570,Bronze,G01,Valorant,L003,Valorant Summer 2025,T114,Pulse Hyderabad,PLH114,M122,Singapore,E1215,5,,,,,,,,,,,
P0346,Aman,Khan,HyperAman46,amankhan0346@estcgp.gg,India,2899,VP0346,Silver,G01,Valorant,L003,Valorant Summer 2025,T070,Knights London,KNL70,M122,Singapore,E1216,1,,,,,,,,,,,
P0347,John,Patel,DragonJohn61,johnpatel0347@estcgp.gg,India,1203,VP0347,Silver,G01,Valorant,L003,Valorant Summer 2025,T070,Knights London,KNL70,M122,Singapore,E1217,2,,,,,,,,,,,
P0348,Riya,Singh,CyberRiya28,riyasingh0348@estcgp.gg,USA,2726,VP0348,Diamond,G01,Valorant,L003,Valorant Summer 2025,T070,Knights London,KNL70,M122,Singapore,E1218,3,,,,,,,,,,,
P0349,Aman,Khan,ApexAman77,amankhan0349@estcgp.gg,India,2604,VP0349,Gold,G01,Valorant,L003,Valorant Summer 2025,T070,Knights London,KNL70,M122,Singapore,E1219,4,,,,,,,,,,,
P0350,Sam,Yadav,GhostSam41,samyadav0350@estcgp.gg,India,3326,VP0350,Bronze,G01,Valorant,L003,Valorant Summer 2025,T070,Knights London,KNL70,M122,Singapore,E1220,5,,,,,,,,,,,
P0406,Aman,Singh,QuantumAman64,amansingh0406@estcgp.gg,India,2306,VP0406,Diamond,G01,Valorant,L004,Valorant World 2025,T082,Apex Delhi,AXD82,M123,Tokyo,E1221,1,,,,,,PF0797,6.69,542,44.06,,
P0407,Riya,Yadav,StormRiya13,riyayadav0407@estcgp.gg,India,913,VP0407,Gold,G01,Valorant,L004,Valorant World 2025,T082,Apex Delhi,AXD82,M123,Tokyo,E1222,2,,,,,,PF0798,7.25,196,65.07,,
P0408,Sara,Singh,ApexSara34,sarasingh0408@estcgp.gg,India,2016,VP0408,Platinum,G01,Valorant,L004,Valorant World 2025,T082,Apex Delhi,AXD82,M123,Tokyo,E1223,3,,,,,,PF0799,8.00,519,47.56,V0177,TriggerBot
P0409,John,Khan,StormJohn59,johnkhan0409@estcgp.gg,India,3934,VP0409,Bronze,G01,Valorant,L004,Valorant World 2025,T082,Apex Delhi,AXD82,M123,Tokyo,E1224,4,,,,,,PF0800,0.00,615,14.58,,
P0410,Sara,Kapoor,PrimeSara31,sarakapoor0410@estcgp.gg,India,2962,VP0410,Silver,G01,Valorant,L004,Valorant World 2025,T082,Apex Delhi,AXD82,M123,Tokyo,E1225,5,,,,,,PF0801,8.64,0,78.67,,
P0471,Alex,Desai,HyperAlex5,alexdesai0471@estcgp.gg,India,1940,VP0471,Silver,G01,Valorant,L004,Valorant World 2025,T095,Vortex Bengaluru,VXB95,M123,Tokyo,E1226,1,,,,,,PF0802,7.80,314,87.35,,
P0472,Sam,Yadav,ViperSam25,samyadav0472@estcgp.gg,India,1168,VP0472,Bronze,G01,Valorant,L004,Valorant World 2025,T095,Vortex Bengaluru,VXB95,M123,Tokyo,E1227,2,,,,,,PF0803,6.18,605,100.00,,
P0473,Riya,Iyer,RogueRiya37,riyaiyer0473@estcgp.gg,India,1273,VP0473,Silver,G01,Valorant,L004,Valorant World 2025,T095,Vortex Bengaluru,VXB95,M123,Tokyo,E1228,3,,,,,,PF0804,0.00,687,86.57,V0178,Wallhack
P0474,Sam,Martin,TitanSam28,sammartin0474@estcgp.gg,India,210,VP0474,Bronze,G01,Valorant,L004,Valorant World 2025,T095,Vortex Bengaluru,VXB95,M123,Tokyo,E1229,4,,,,,,PF0805,8.25,18,83.22,,
P0475,Riya,Singh,FrostRiya63,riyasingh0475@estcgp.gg,India,2428,VP0475,Silver,G01,Valorant,L004,Valorant World 2025,T095,Vortex Bengaluru,VXB95,M123,Tokyo,E1230,5,,,,,,PF0806,6.73,466,53.82,V0179,TriggerBot
P0346,Aman,Khan,HyperAman46,amankhan0346@estcgp.gg,India,2899,VP0346,Silver,G02,CS2,L005,CS2 Open 2025,T070,Knights London,KNL70,M124,London,E1231,1,,,,,,,,,,,
P0347,John,Patel,DragonJohn61,johnpatel0347@estcgp.gg,India,1203,VP0347,Silver,G02,CS2,L005,CS2 Open 2025,T070,Knights London,KNL70,M124,London,E1232,2,,,,,,,,,,,
P0348,Riya,Singh,CyberRiya28,riyasingh0348@estcgp.gg,USA,2726,VP0348,Diamond,G02,CS2,L005,CS2 Open 2025,T070,Knights London,KNL70,M124,London,E1233,3,,,,,,,,,,,
P0349,Aman,Khan,ApexAman77,amankhan0349@estcgp.gg,India,2604,VP0349,Gold,G02,CS2,L005,CS2 Open 2025,T070,Knights London,KNL70,M124,London,E1234,4,,,,,,,,,,,
P0350,Sam,Yadav,GhostSam41,samyadav0350@estcgp.gg,India,3326,VP0350,Bronze,G02,CS2,L005,CS2 Open 2025,T070,Knights London,KNL70,M124,London,E1235,5,,,,,,,,,,,
P0036,Aman,Khan,VortexAman96,amankhan0036@estcgp.gg,USA,4290,VP0036,Silver,G02,CS2,L005,CS2 Open 2025,T008,Nova Singapore,NVS08,M124,London,E1236,1,,,,,,,,,,,
P0037,John,Yadav,ShadowJohn19,johnyadav0037@estcgp.gg,USA,2957,VP0037,Bronze,G02,CS2,L005,CS2 Open 2025,T008,Nova Singapore,NVS08,M124,London,E1237,2,,,,,,,,,,,
P0038,Riya,Jackson,StormRiya56,riyajackson0038@estcgp.gg,India,4002,VP0038,Silver,G02,CS2,L005,CS2 Open 2025,T008,Nova Singapore,NVS08,M124,London,E1238,3,,,,,,,,,,,
P0039,Sam,Patel,OmegaSam12,sampatel0039@estcgp.gg,India,2909,VP0039,Silver,G02,CS2,L005,CS2 Open 2025,T008,Nova Singapore,NVS08,M124,London,E1239,4,,,,,,,,,,,
P0040,Riya,Khan,ApexRiya71,riyakhan0040@estcgp.gg,India,4252,VP0040,Bronze,G02,CS2,L005,CS2 Open 2025,T008,Nova Singapore,NVS08,M124,London,E1240,5,,,,,,,,,,,
P0471,Alex,Desai,HyperAlex5,alexdesai0471@estcgp.gg,India,1940,VP0471,Silver,G02,CS2,L006,CS2 Spring 2025,T095,Vortex Bengaluru,VXB95,M125,Mumbai,E1241,1,,,,,,,,,,,
P0472,Sam,Yadav,ViperSam25,samyadav0472@estcgp.gg,India,1168,VP0472,Bronze,G02,CS2,L006,CS2 Spring 2025,T095,Vortex Bengaluru,VXB95,M125,Mumbai,E1242,2,,,,,,,,,,,
P0473,Riya,Iyer,RogueRiya37,riyaiyer0473@estcgp.gg,India,1273,VP0473,Silver,G02,CS2,L006,CS2 Spring 2025,T095,Vortex Bengaluru,VXB95,M125,Mumbai,E1243,3,,,,,,,,,,,
P0474,Sam,Martin,TitanSam28,sammartin0474@estcgp.gg,India,210,VP0474,Bronze,G02,CS2,L006,CS2 Spring 2025,T095,Vortex Bengaluru,VXB95,M125,Mumbai,E1244,4,,,,,,,,,,,
P0475,Riya,Singh,FrostRiya63,riyasingh0475@estcgp.gg,India,2428,VP0475,Silver,G02,CS2,L006,CS2 Spring 2025,T095,Vortex Bengaluru,VXB95,M125,Mumbai,E1245,5,,,,,,,,,,,
P0076,Sara,Patel,OmegaSara23,sarapatel0076@estcgp.gg,India,3149,VP0076,Bronze,G02,CS2,L006,CS2 Spring 2025,T016,Phoenix Chennai,PXC16,M125,Mumbai,E1246,1,,,,,,,,,,,
P0077,Sara,Yadav,PrimeSara90,sarayadav0077@estcgp.gg,India,0,VP0077,Bronze,G02,CS2,L006,CS2 Spring 2025,T016,Phoenix Chennai,PXC16,M125,Mumbai,E1247,2,,,,,,,,,,,
P0078,Riya,Kapoor,NovaRiya54,riyakapoor0078@estcgp.gg,India,1004,VP0078,Gold,G02,CS2,L006,CS2 Spring 2025,T016,Phoenix Chennai,PXC16,M125,Mumbai,E1248,3,,,,,,,,,,,
P0079,Alex,Davis,SilentAlex20,alexdavis0079@estcgp.gg,India,3049,VP0079,Gold,G02,CS2,L006,CS2 Spring 2025,T016,Phoenix Chennai,PXC16,M125,Mumbai,E1249,4,,,,,,,,,,,
P0080,Sara,Patel,FrostSara73,sarapatel0080@estcgp.gg,USA,1122,VP0080,Silver,G02,CS2,L006,CS2 Spring 2025,T016,Phoenix Chennai,PXC16,M125,Mumbai,E1250,5,,,,,,,,,,,
P0036,Aman,Khan,VortexAman96,amankhan0036@estcgp.gg,USA,4290,VP0036,Silver,G02,CS2,L007,CS2 Summer 2025,T008,Nova Singapore,NVS08,M126,Frankfurt,E1251,1,PO0646,12937.02,TX0646,Wallet,Paid,PF0807,0.00,342,45.96,,
P0037,John,Yadav,ShadowJohn19,johnyadav0037@estcgp.gg,USA,2957,VP0037,Bronze,G02,CS2,L007,CS2 Summer 2025,T008,Nova Singapore,NVS08,M126,Frankfurt,E1252,2,PO0647,37705.05,TX0647,Bank,Paid,PF0808,5.54,0,44.13,,
P0038,Riya,Jackson,StormRiya56,riyajackson0038@estcgp.gg,India,4002,VP0038,Silver,G02,CS2,L007,CS2 Summer 2025,T008,Nova Singapore,NVS08,M126,Frankfurt,E1253,3,PO0648,21632.88,TX0648,Wallet,Paid,PF0809,7.62,567,41.79,,
P0039,Sam,Patel,OmegaSam12,sampatel0039@estcgp.gg,India,2909,VP0039,Silver,G02,CS2,L007,CS2 Summer 2025,T008,Nova Singapore,NVS08,M126,Frankfurt,E1254,4,PO0649,44796.75,TX0649,Bank,Paid,PF0810,1.63,568,10.16,,
P0040,Riya,Khan,ApexRiya71,riyakhan0040@estcgp.gg,India,4252,VP0040,Bronze,G02,CS2,L007,CS2 Summer 2025,T008,Nova Singapore,NVS08,M126,Frankfurt,E1255,5,PO0650,9360.12,TX0650,Crypto,Paid,PF0811,0.00,591,58.91,,
P0126,Sam,Singh,GhostSam73,samsingh0126@estcgp.gg,USA,1969,VP0126,Bronze,G02,CS2,L007,CS2 Summer 2025,T026,Dragons Chennai,DGC26,M126,Frankfurt,E1256,1,PO0651,6866.15,TX0651,Bank,Paid,PF0812,4.79,421,100.00,,
P0127,Riya,Yadav,NitroRiya89,riyayadav0127@estcgp.gg,USA,2103,VP0127,Bronze,G02,CS2,L007,CS2 Summer 2025,T026,Dragons Chennai,DGC26,M126,Frankfurt,E1257,2,PO0652,21715.18,TX0652,Crypto,Pending,PF0813,0.87,250,23.14,V0180,Aimbot
P0128,Aman,Yadav,RapidAman19,amanyadav0128@estcgp.gg,India,224,VP0128,Gold,G02,CS2,L007,CS2 Summer 2025,T026,Dragons Chennai,DGC26,M126,Frankfurt,E1258,3,,,,,,PF0814,8.69,519,95.79,,
P0129,Aman,Khan,ShadowAman81,amankhan0129@estcgp.gg,India,4440,VP0129,Gold,G02,CS2,L007,CS2 Summer 2025,T026,Dragons Chennai,DGC26,M126,Frankfurt,E1259,4,PO0653,24338.10,TX0653,Crypto,SUCCESS,PF0815,5.73,241,32.27,V0181,Wallhack
P0130,Alex,Singh,RogueAlex21,alexsingh0130@estcgp.gg,India,261,VP0130,Bronze,G02,CS2,L007,CS2 Summer 2025,T026,Dragons Chennai,DGC26,M126,Frankfurt,E1260,5,PO0654,19392.88,TX0654,Bank,Paid,PF0816,8.13,196,7.25,,
P0076,Sara,Patel,OmegaSara23,sarapatel0076@estcgp.gg,India,3149,VP0076,Bronze,G02,CS2,L008,CS2 World 2025,T016,Phoenix Chennai,PXC16,M127,Singapore,E1261,1,PO0655,5414.96,TX0655,Wallet,Paid,PF0817,6.71,280,53.90,,
P0077,Sara,Yadav,PrimeSara90,sarayadav0077@estcgp.gg,India,0,VP0077,Bronze,G02,CS2,L008,CS2 World 2025,T016,Phoenix Chennai,PXC16,M127,Singapore,E1262,2,PO0656,12319.54,TX0656,Bank,Paid,PF0818,1.21,0,62.85,,
P0078,Riya,Kapoor,NovaRiya54,riyakapoor0078@estcgp.gg,India,1004,VP0078,Gold,G02,CS2,L008,CS2 World 2025,T016,Phoenix Chennai,PXC16,M127,Singapore,E1263,3,PO0657,2796.51,TX0657,Bank,Pending,PF0819,8.23,430,1.19,,
P0079,Alex,Davis,SilentAlex20,alexdavis0079@estcgp.gg,India,3049,VP0079,Gold,G02,CS2,L008,CS2 World 2025,T016,Phoenix Chennai,PXC16,M127,Singapore,E1264,4,PO0658,3115.99,TX0658,UPI,SUCCESS,PF0820,7.56,51,56.73,V0182,TriggerBot
P0080,Sara,Patel,FrostSara73,sarapatel0080@estcgp.gg,USA,1122,VP0080,Silver,G02,CS2,L008,CS2 World 2025,T016,Phoenix Chennai,PXC16,M127,Singapore,E1265,5,PO0659,6357.26,TX0659,Wallet,Paid,PF0821,8.20,484,66.50,,
P0001,Riya,Kapoor,NovaRiya92,riyakapoor0001@estcgp.gg,USA,2462,VP0001,Silver,G02,CS2,L008,CS2 World 2025,T001,Nova Mumbai,NVM01,M127,Singapore,E1266,1,,,,,,,,,,,
P0002,John,Patel,SilentJohn98,johnpatel0002@estcgp.gg,India,616,VP0002,Gold,G02,CS2,L008,CS2 World 2025,T001,Nova Mumbai,NVM01,M127,Singapore,E1267,2,PO0660,24669.87,TX0660,Bank,Paid,PF0822,7.47,271,98.72,,
P0003,John,Khan,CrimsonJohn7,johnkhan0003@estcgp.gg,India,0,VP0003,Silver,G02,CS2,L008,CS2 World 2025,T001,Nova Mumbai,NVM01,M127,Singapore,E1268,3,PO0661,28049.50,TX0661,Crypto,Failed,PF0823,0.00,454,100.00,,
P0004,Alex,Khan,RapidAlex98,alexkhan0004@estcgp.gg,USA,2464,VP0004,Gold,G02,CS2,L008,CS2 World 2025,T001,Nova Mumbai,NVM01,M127,Singapore,E1269,4,PO0662,42884.91,TX0662,Bank,Paid,PF0824,3.69,351,99.22,,
P0005,John,Yadav,BlazeJohn70,johnyadav0005@estcgp.gg,USA,3654,VP0005,Bronze,G02,CS2,L008,CS2 World 2025,T001,Nova Mumbai,NVM01,M127,Singapore,E1270,5,PO0663,11302.43,TX0663,Bank,Paid,PF0825,0.06,457,87.36,,
P0126,Sam,Singh,GhostSam73,samsingh0126@estcgp.gg,USA,1969,VP0126,Bronze,G03,Dota2,L009,Dota2 Open 2025,T026,Dragons Chennai,DGC26,M128,Tokyo,E1271,1,PO0664,52877.46,TX0664,UPI,Paid,PF0826,2.50,286,79.97,V0183,Wallhack
P0127,Riya,Yadav,NitroRiya89,riyayadav0127@estcgp.gg,USA,2103,VP0127,Bronze,G03,Dota2,L009,Dota2 Open 2025,T026,Dragons Chennai,DGC26,M128,Tokyo,E1272,2,PO0665,9682.00,TX0665,UPI,Paid,PF0827,0.28,305,90.34,V0184,Wallhack
P0128,Aman,Yadav,RapidAman19,amanyadav0128@estcgp.gg,India,224,VP0128,Gold,G03,Dota2,L009,Dota2 Open 2025,T026,Dragons Chennai,DGC26,M128,Tokyo,E1273,3,PO0666,37019.81,TX0666,Wallet,Paid,PF0828,4.29,576,11.99,,
P0129,Aman,Khan,ShadowAman81,amankhan0129@estcgp.gg,India,4440,VP0129,Gold,G03,Dota2,L009,Dota2 Open 2025,T026,Dragons Chennai,DGC26,M128,Tokyo,E1274,4,PO0667,32048.70,TX0667,PayPal,Paid,PF0829,0.32,411,34.81,,
P0130,Alex,Singh,RogueAlex21,alexsingh0130@estcgp.gg,India,261,VP0130,Bronze,G03,Dota2,L009,Dota2 Open 2025,T026,Dragons Chennai,DGC26,M128,Tokyo,E1275,5,PO0668,38354.36,TX0668,Bank,Paid,PF0830,1.09,2,100.00,,
P0216,Alex,Singh,ApexAlex33,alexsingh0216@estcgp.gg,India,3055,VP0216,Bronze,G03,Dota2,L009,Dota2 Open 2025,T044,Storm Hyderabad,STH44,M128,Tokyo,E1276,1,PO0669,24743.75,TX0669,Wallet,SUCCESS,PF0831,3.52,35,71.05,,
P0217,Sam,Singh,NeonSam39,samsingh0217@estcgp.gg,India,3654,VP0217,Silver,G03,Dota2,L009,Dota2 Open 2025,T044,Storm Hyderabad,STH44,M128,Tokyo,E1277,2,PO0670,6350.41,TX0670,Crypto,Paid,PF0832,1.19,0,97.66,,
P0218,Sara,Patel,WolfSara17,sarapatel0218@estcgp.gg,USA,4502,VP0218,Bronze,G03,Dota2,L009,Dota2 Open 2025,T044,Storm Hyderabad,STH44,M128,Tokyo,E1278,3,PO0671,8409.12,TX0671,Crypto,Paid,PF0833,4.05,0,92.11,,
P0219,Alex,Singh,PulseAlex13,alexsingh0219@estcgp.gg,USA,1347,VP0219,Silver,G03,Dota2,L009,Dota2 Open 2025,T044,Storm Hyderabad,STH44,M128,Tokyo,E1279,4,PO0672,25256.38,TX0672,UPI,SUCCESS,PF0834,6.41,523,24.36,V0185,Wallhack
P0220,John,Patel,OmegaJohn15,johnpatel0220@estcgp.gg,India,4150,VP0220,Gold,G03,Dota2,L009,Dota2 Open 2025,T044,Storm Hyderabad,STH44,M128,Tokyo,E1280,5,PO0673,15175.36,TX0673,UPI,Paid,PF0835,0.27,292,52.99,,
P0001,Riya,Kapoor,NovaRiya92,riyakapoor0001@estcgp.gg,USA,2462,VP0001,Silver,G03,Dota2,L010,Dota2 Spring 2025,T001,Nova Mumbai,NVM01,M129,London,E1281,1,PO0674,5217.73,TX0674,UPI,Paid,PF0836,1.59,201,100.00,,
P0002,John,Patel,SilentJohn98,johnpatel0002@estcgp.gg,India,616,VP0002,Gold,G03,Dota2,L010,Dota2 Spring 2025,T001,Nova Mumbai,NVM01,M129,London,E1282,2,PO0675,18431.26,TX0675,Bank,Paid,PF0837,5.71,50,23.76,V0186,Other
P0003,John,Khan,CrimsonJohn7,johnkhan0003@estcgp.gg,India,0,VP0003,Silver,G03,Dota2,L010,Dota2 Spring 2025,T001,Nova Mumbai,NVM01,M129,London,E1283,3,PO0676,15417.23,TX0676,Bank,Paid,PF0838,2.68,285,27.00,,
P0004,Alex,Khan,RapidAlex98,alexkhan0004@estcgp.gg,USA,2464,VP0004,Gold,G03,Dota2,L010,Dota2 Spring 2025,T001,Nova Mumbai,NVM01,M129,London,E1284,4,PO0677,2567.39,TX0677,Bank,SUCCESS,PF0839,6.28,208,61.48,,
P0005,John,Yadav,BlazeJohn70,johnyadav0005@estcgp.gg,USA,3654,VP0005,Bronze,G03,Dota2,L010,Dota2 Spring 2025,T001,Nova Mumbai,NVM01,M129,London,E1285,5,PO0678,2200.66,TX0678,UPI,SUCCESS,PF0840,4.89,217,93.28,,
P0571,Aman,Singh,NexusAman12,amansingh0571@estcgp.gg,India,4782,VP0571,Silver,G03,Dota2,L010,Dota2 Spring 2025,T115,Pulse Bengaluru,PLB115,M129,London,E1286,1,PO0679,34823.08,TX0679,UPI,Paid,PF0841,3.87,651,71.72,V0187,Aimbot
P0572,Riya,Singh,StormRiya9,riyasingh0572@estcgp.gg,India,3773,VP0572,Bronze,G03,Dota2,L010,Dota2 Spring 2025,T115,Pulse Bengaluru,PLB115,M129,London,E1287,2,PO0680,2229.21,TX0680,Bank,Paid,PF0842,0.00,0,47.30,,
P0573,John,Singh,NovaJohn52,johnsingh0573@estcgp.gg,India,1576,VP0573,Silver,G03,Dota2,L010,Dota2 Spring 2025,T115,Pulse Bengaluru,PLB115,M129,London,E1288,3,PO0681,4247.17,TX0681,Wallet,Paid,PF0843,6.78,613,90.87,,
P0574,John,Jain,TitanJohn65,johnjain0574@estcgp.gg,India,3211,VP0574,Gold,G03,Dota2,L010,Dota2 Spring 2025,T115,Pulse Bengaluru,PLB115,M129,London,E1289,4,PO0682,1320.15,TX0682,Crypto,Paid,PF0844,1.52,649,22.59,,
P0575,Sam,Singh,CrimsonSam86,samsingh0575@estcgp.gg,India,181,VP0575,Gold,G03,Dota2,L010,Dota2 Spring 2025,T115,Pulse Bengaluru,PLB115,M129,London,E1290,5,PO0683,18919.48,TX0683,Bank,SUCCESS,PF0845,0.00,417,90.27,,
P0216,Alex,Singh,ApexAlex33,alexsingh0216@estcgp.gg,India,3055,VP0216,Bronze,G03,Dota2,L011,Dota2 Summer 2025,T044,Storm Hyderabad,STH44,M130,Mumbai,E1291,1,PO0684,16251.73,TX0684,Bank,Paid,PF0846,3.53,533,100.00,,
P0217,Sam,Singh,NeonSam39,samsingh0217@estcgp.gg,India,3654,VP0217,Silver,G03,Dota2,L011,Dota2 Summer 2025,T044,Storm Hyderabad,STH44,M130,Mumbai,E1292,2,PO0685,50431.15,TX0685,Crypto,SUCCESS,PF0847,4.60,515,36.64,,
P0218,Sara,Patel,WolfSara17,sarapatel0218@estcgp.gg,USA,4502,VP0218,Bronze,G03,Dota2,L011,Dota2 Summer 2025,T044,Storm Hyderabad,STH44,M130,Mumbai,E1293,3,PO0686,34990.26,TX0686,Bank,Paid,PF0848,0.00,268,67.85,V0188,Aimbot
P0219,Alex,Singh,PulseAlex13,alexsingh0219@estcgp.gg,USA,1347,VP0219,Silver,G03,Dota2,L011,Dota2 Summer 2025,T044,Storm Hyderabad,STH44,M130,Mumbai,E1294,4,PO0687,1810.56,TX0687,UPI,Pending,PF0849,6.40,528,43.00,,
P0220,John,Patel,OmegaJohn15,johnpatel0220@estcgp.gg,India,4150,VP0220,Gold,G03,Dota2,L011,Dota2 Summer 2025,T044,Storm Hyderabad,STH44,M130,Mumbai,E1295,5,PO0688,39815.55,TX0688,UPI,Paid,PF0850,8.43,473,36.07,,
P0296,John,Yadav,SilentJohn96,johnyadav0296@estcgp.gg,USA,4064,VP0296,Bronze,G03,Dota2,L011,Dota2 Summer 2025,T060,Wolves London,WVL60,M130,Mumbai,E1296,1,PO0689,8662.61,TX0689,Crypto,Paid,PF0851,0.00,308,100.00,,
P0297,Riya,Khan,FrostRiya71,riyakhan0297@estcgp.gg,India,4792,VP0297,Silver,G03,Dota2,L011,Dota2 Summer 2025,T060,Wolves London,WVL60,M130,Mumbai,E1297,2,PO0690,25367.65,TX0690,PayPal,Paid,PF0852,4.39,665,52.18,,
P0298,Aman,Khan,ViperAman14,amankhan0298@estcgp.gg,India,1406,VP0298,Bronze,G03,Dota2,L011,Dota2 Summer 2025,T060,Wolves London,WVL60,M130,Mumbai,E1298,3,,,,,,,,,,,
P0299,John,Singh,ViperJohn22,johnsingh0299@estcgp.gg,India,4447,VP0299,Bronze,G03,Dota2,L011,Dota2 Summer 2025,T060,Wolves London,WVL60,M130,Mumbai,E1299,4,PO0691,17506.48,TX0691,Bank,Paid,PF0853,7.46,0,100.00,,
P0300,Sara,Patel,RogueSara94,sarapatel0300@estcgp.gg,USA,4065,VP0300,Bronze,G03,Dota2,L011,Dota2 Summer 2025,T060,Wolves London,WVL60,M130,Mumbai,E1300,5,PO0692,10867.49,TX0692,Wallet,Paid,PF0854,0.00,627,57.82,,
P0571,Aman,Singh,NexusAman12,amansingh0571@estcgp.gg,India,4782,VP0571,Silver,G03,Dota2,L012,Dota2 World 2025,T115,Pulse Bengaluru,PLB115,M131,Frankfurt,E1301,1,,,,,,,,,,,
P0572,Riya,Singh,StormRiya9,riyasingh0572@estcgp.gg,India,3773,VP0572,Bronze,G03,Dota2,L012,Dota2 World 2025,T115,Pulse Bengaluru,PLB115,M131,Frankfurt,E1302,2,,,,,,,,,,,
P0573,John,Singh,NovaJohn52,johnsingh0573@estcgp.gg,India,1576,VP0573,Silver,G03,Dota2,L012,Dota2 World 2025,T115,Pulse Bengaluru,PLB115,M131,Frankfurt,E1303,3,,,,,,,,,,,
P0574,John,Jain,TitanJohn65,johnjain0574@estcgp.gg,India,3211,VP0574,Gold,G03,Dota2,L012,Dota2 World 2025,T115,Pulse Bengaluru,PLB115,M131,Frankfurt,E1304,4,,,,,,,,,,,
P0575,Sam,Singh,CrimsonSam86,samsingh0575@estcgp.gg,India,181,VP0575,Gold,G03,Dota2,L012,Dota2 World 2025,T115,Pulse Bengaluru,PLB115,M131,Frankfurt,E1305,5,,,,,,,,,,,
P0006,Sara,Shah,NovaSara4,sarashah0006@estcgp.gg,USA,3400,VP0006,Bronze,G03,Dota2,L012,Dota2 World 2025,T002,Nova Delhi,NVD02,M131,Frankfurt,E1306,1,,,,,,,,,,,
P0007,Sam,Patel,SilentSam92,sampatel0007@estcgp.gg,India,3299,VP0007,Silver,G03,Dota2,L012,Dota2 World 2025,T002,Nova Delhi,NVD02,M131,Frankfurt,E1307,2,,,,,,,,,,,
P0008,John,Patel,PrimeJohn21,johnpatel0008@estcgp.gg,India,2731,VP0008,Silver,G03,Dota2,L012,Dota2 World 2025,T002,Nova Delhi,NVD02,M131,Frankfurt,E1308,3,,,,,,,,,,,
P0009,Aman,Khan,NexusAman98,amankhan0009@estcgp.gg,India,3249,VP0009,Bronze,G03,Dota2,L012,Dota2 World 2025,T002,Nova Delhi,NVD02,M131,Frankfurt,E1309,4,,,,,,,,,,,
P0010,Aman,Khan,RogueAman50,amankhan0010@estcgp.gg,India,3197,VP0010,Gold,G03,Dota2,L012,Dota2 World 2025,T002,Nova Delhi,NVD02,M131,Frankfurt,E1310,5,,,,,,,,,,,
P0296,John,Yadav,SilentJohn96,johnyadav0296@estcgp.gg,USA,4064,VP0296,Bronze,G01,Valorant,L013,Valorant Open 2026,T060,Wolves London,WVL60,M132,Singapore,E1311,1,,,,,,PF0855,2.55,22,36.04,V0189,TriggerBot
P0297,Riya,Khan,FrostRiya71,riyakhan0297@estcgp.gg,India,4792,VP0297,Silver,G01,Valorant,L013,Valorant Open 2026,T060,Wolves London,WVL60,M132,Singapore,E1312,2,,,,,,PF0856,0.00,259,93.55,,
P0298,Aman,Khan,ViperAman14,amankhan0298@estcgp.gg,India,1406,VP0298,Bronze,G01,Valorant,L013,Valorant Open 2026,T060,Wolves London,WVL60,M132,Singapore,E1313,3,,,,,,PF0857,4.90,404,100.00,,
P0299,John,Singh,ViperJohn22,johnsingh0299@estcgp.gg,India,4447,VP0299,Bronze,G01,Valorant,L013,Valorant Open 2026,T060,Wolves London,WVL60,M132,Singapore,E1314,4,,,,,,PF0858,4.84,170,99.19,,
P0300,Sara,Patel,RogueSara94,sarapatel0300@estcgp.gg,USA,4065,VP0300,Bronze,G01,Valorant,L013,Valorant Open 2026,T060,Wolves London,WVL60,M132,Singapore,E1315,5,,,,,,PF0859,3.46,483,63.53,V0190,SpeedHack
P0416,Riya,Singh,NovaRiya31,riyasingh0416@estcgp.gg,USA,3411,VP0416,Bronze,G01,Valorant,L013,Valorant Open 2026,T084,Apex Hyderabad,AXH84,M132,Singapore,E1316,1,,,,,,PF0860,7.05,212,65.05,,
P0417,Sara,Yadav,KnightSara49,sarayadav0417@estcgp.gg,India,2892,VP0417,Bronze,G01,Valorant,L013,Valorant Open 2026,T084,Apex Hyderabad,AXH84,M132,Singapore,E1317,2,,,,,,PF0861,5.63,226,58.96,,
P0418,Sam,Khan,GhostSam53,samkhan0418@estcgp.gg,USA,2015,VP0418,Gold,G01,Valorant,L013,Valorant Open 2026,T084,Apex Hyderabad,AXH84,M132,Singapore,E1318,3,,,,,,PF0862,2.96,678,100.00,V0191,TriggerBot
P0419,Riya,Singh,RapidRiya35,riyasingh0419@estcgp.gg,India,3274,VP0419,Gold,G01,Valorant,L013,Valorant Open 2026,T084,Apex Hyderabad,AXH84,M132,Singapore,E1319,4,,,,,,PF0863,3.91,660,58.30,,
P0420,John,Khan,WolfJohn66,johnkhan0420@estcgp.gg,USA,2786,VP0420,Gold,G01,Valorant,L013,Valorant Open 2026,T084,Apex Hyderabad,AXH84,M132,Singapore,E1320,5,,,,,,PF0864,2.19,105,80.87,,
P0006,Sara,Shah,NovaSara4,sarashah0006@estcgp.gg,USA,3400,VP0006,Bronze,G01,Valorant,L014,Valorant Spring 2026,T002,Nova Delhi,NVD02,M133,Tokyo,E1321,1,,,,,,,,,,,
P0007,Sam,Patel,SilentSam92,sampatel0007@estcgp.gg,India,3299,VP0007,Silver,G01,Valorant,L014,Valorant Spring 2026,T002,Nova Delhi,NVD02,M133,Tokyo,E1322,2,,,,,,,,,,,
P0008,John,Patel,PrimeJohn21,johnpatel0008@estcgp.gg,India,2731,VP0008,Silver,G01,Valorant,L014,Valorant Spring 2026,T002,Nova Delhi,NVD02,M133,Tokyo,E1323,3,,,,,,,,,,,
P0009,Aman,Khan,NexusAman98,amankhan0009@estcgp.gg,India,3249,VP0009,Bronze,G01,Valorant,L014,Valorant Spring 2026,T002,Nova Delhi,NVD02,M133,Tokyo,E1324,4,,,,,,,,,,,
P0010,Aman,Khan,RogueAman50,amankhan0010@estcgp.gg,India,3197,VP0010,Gold,G01,Valorant,L014,Valorant Spring 2026,T002,Nova Delhi,NVD02,M133,Tokyo,E1325,5,,,,,,,,,,,
P0521,Sara,Yadav,ApexSara66,sarayadav0521@estcgp.gg,India,4915,VP0521,Silver,G01,Valorant,L014,Valorant Spring 2026,T105,Nexus Bengaluru,NXB105,M133,Tokyo,E1326,1,,,,,,,,,,,
P0522,Riya,Thomas,NitroRiya31,riyathomas0522@estcgp.gg,India,3815,VP0522,Diamond,G01,Valorant,L014,Valorant Spring 2026,T105,Nexus Bengaluru,NXB105,M133,Tokyo,E1327,2,,,,,,,,,,,
P0523,Alex,Singh,CyberAlex7,alexsingh0523@estcgp.gg,India,3058,VP0523,Gold,G01,Valorant,L014,Valorant Spring 2026,T105,Nexus Bengaluru,NXB105,M133,Tokyo,E1328,3,,,,,,,,,,,
P0524,John,Patel,ShadowJohn28,johnpatel0524@estcgp.gg,India,4473,VP0524,Bronze,G01,Valorant,L014,Valorant Spring 2026,T105,Nexus Bengaluru,NXB105,M133,Tokyo,E1329,4,,,,,,,,,,,
P0525,Sam,Yadav,VortexSam93,samyadav0525@estcgp.gg,India,804,VP0525,Silver,G01,Valorant,L014,Valorant Spring 2026,T105,Nexus Bengaluru,NXB105,M133,Tokyo,E1330,5,,,,,,,,,,,
P0416,Riya,Singh,NovaRiya31,riyasingh0416@estcgp.gg,USA,3411,VP0416,Bronze,G01,Valorant,L015,Valorant Summer 2026,T084,Apex Hyderabad,AXH84,M134,London,E1331,1,,,,,,,,,,,
P0417,Sara,Yadav,KnightSara49,sarayadav0417@estcgp.gg,India,2892,VP0417,Bronze,G01,Valorant,L015,Valorant Summer 2026,T084,Apex Hyderabad,AXH84,M134,London,E1332,2,,,,,,,,,,,
P0418,Sam,Khan,GhostSam53,samkhan0418@estcgp.gg,USA,2015,VP0418,Gold,G01,Valorant,L015,Valorant Summer 2026,T084,Apex Hyderabad,AXH84,M134,London,E1333,3,,,,,,,,,,,
P0419,Riya,Singh,RapidRiya35,riyasingh0419@estcgp.gg,India,3274,VP0419,Gold,G01,Valorant,L015,Valorant Summer 2026,T084,Apex Hyderabad,AXH84,M134,London,E1334,4,,,,,,,,,,,
P0420,John,Khan,WolfJohn66,johnkhan0420@estcgp.gg,USA,2786,VP0420,Gold,G01,Valorant,L015,Valorant Summer 2026,T084,Apex Hyderabad,AXH84,M134,London,E1335,5,,,,,,,,,,,
P0061,Aman,Khan,StormAman20,amankhan0061@estcgp.gg,India,3425,VP0061,Silver,G01,Valorant,L015,Valorant Summer 2026,T013,Phoenix Pune,PXP13,M134,London,E1336,1,,,,,,,,,,,
P0062,Sam,Khan,CyberSam55,samkhan0062@estcgp.gg,India,4448,VP0062,Bronze,G01,Valorant,L015,Valorant Summer 2026,T013,Phoenix Pune,PXP13,M134,London,E1337,2,,,,,,,,,,,
P0063,John,Singh,FrostJohn77,johnsingh0063@estcgp.gg,India,4183,VP0063,Silver,G01,Valorant,L015,Valorant Summer 2026,T013,Phoenix Pune,PXP13,M134,London,E1338,3,,,,,,,,,,,
P0064,Aman,Mehta,HyperAman14,amanmehta0064@estcgp.gg,India,1146,VP0064,Bronze,G01,Valorant,L015,Valorant Summer 2026,T013,Phoenix Pune,PXP13,M134,London,E1339,4,,,,,,,,,,,
P0065,Sara,Patel,TitanSara19,sarapatel0065@estcgp.gg,India,4989,VP0065,Silver,G01,Valorant,L015,Valorant Summer 2026,T013,Phoenix Pune,PXP13,M134,London,E1340,5,,,,,,,,,,,
P0521,Sara,Yadav,ApexSara66,sarayadav0521@estcgp.gg,India,4915,VP0521,Silver,G01,Valorant,L016,Valorant World 2026,T105,Nexus Bengaluru,NXB105,M135,Mumbai,E1341,1,PO0693,100.00,TX0693,Wallet,Paid,PF0865,8.47,542,89.76,,
P0522,Riya,Thomas,NitroRiya31,riyathomas0522@estcgp.gg,India,3815,VP0522,Diamond,G01,Valorant,L016,Valorant World 2026,T105,Nexus Bengaluru,NXB105,M135,Mumbai,E1342,2,PO0694,1477.96,TX0694,Wallet,Paid,PF0866,0.00,469,97.38,,
P0523,Alex,Singh,CyberAlex7,alexsingh0523@estcgp.gg,India,3058,VP0523,Gold,G01,Valorant,L016,Valorant World 2026,T105,Nexus Bengaluru,NXB105,M135,Mumbai,E1343,3,PO0695,9290.55,TX0695,UPI,Paid,PF0867,7.93,123,20.43,,
P0524,John,Patel,ShadowJohn28,johnpatel0524@estcgp.gg,India,4473,VP0524,Bronze,G01,Valorant,L016,Valorant World 2026,T105,Nexus Bengaluru,NXB105,M135,Mumbai,E1344,4,PO0696,14655.64,TX0696,Wallet,Paid,PF0868,2.40,534,49.88,,
P0525,Sam,Yadav,VortexSam93,samyadav0525@estcgp.gg,India,804,VP0525,Silver,G01,Valorant,L016,Valorant World 2026,T105,Nexus Bengaluru,NXB105,M135,Mumbai,E1345,5,PO0697,11107.02,TX0697,Bank,Paid,PF0869,7.75,467,77.78,V0192,Wallhack
P0051,Sara,Khan,NeonSara57,sarakhan0051@estcgp.gg,India,3268,VP0051,Platinum,G01,Valorant,L016,Valorant World 2026,T011,Phoenix Mumbai,PXM11,M135,Mumbai,E1346,1,PO0698,45126.24,TX0698,Crypto,SUCCESS,PF0870,0.00,387,100.00,V0193,Aimbot
P0052,Sam,Patel,RapidSam54,sampatel0052@estcgp.gg,USA,4571,VP0052,Silver,G01,Valorant,L016,Valorant World 2026,T011,Phoenix Mumbai,PXM11,M135,Mumbai,E1347,2,PO0699,50931.83,TX0699,Wallet,Paid,PF0871,0.00,187,89.87,,
P0053,Alex,Shah,NeonAlex43,alexshah0053@estcgp.gg,India,123,VP0053,Gold,G01,Valorant,L016,Valorant World 2026,T011,Phoenix Mumbai,PXM11,M135,Mumbai,E1348,3,PO0700,16014.14,TX0700,UPI,SUCCESS,PF0872,1.90,249,98.69,,
P0054,Aman,Singh,ApexAman90,amansingh0054@estcgp.gg,India,4558,VP0054,Bronze,G01,Valorant,L016,Valorant World 2026,T011,Phoenix Mumbai,PXM11,M135,Mumbai,E1349,4,PO0701,27622.27,TX0701,Crypto,Paid,PF0873,6.93,616,17.51,,
P0055,Alex,Patel,PrimeAlex18,alexpatel0055@estcgp.gg,India,1167,VP0055,Silver,G01,Valorant,L016,Valorant World 2026,T011,Phoenix Mumbai,PXM11,M135,Mumbai,E1350,5,PO0702,10309.12,TX0702,Wallet,Paid,PF0874,7.08,661,49.23,,
P0061,Aman,Khan,StormAman20,amankhan0061@estcgp.gg,India,3425,VP0061,Silver,G02,CS2,L017,CS2 Open 2026,T013,Phoenix Pune,PXP13,M136,Frankfurt,E1351,1,PO0703,42698.49,TX0703,UPI,Pending,PF0875,0.00,216,41.61,,
P0062,Sam,Khan,CyberSam55,samkhan0062@estcgp.gg,India,4448,VP0062,Bronze,G02,CS2,L017,CS2 Open 2026,T013,Phoenix Pune,PXP13,M136,Frankfurt,E1352,2,PO0704,43263.50,TX0704,Crypto,Paid,PF0876,5.70,353,100.00,V0194,Wallhack
P0063,John,Singh,FrostJohn77,johnsingh0063@estcgp.gg,India,4183,VP0063,Silver,G02,CS2,L017,CS2 Open 2026,T013,Phoenix Pune,PXP13,M136,Frankfurt,E1353,3,PO0705,46824.43,TX0705,Bank,Paid,PF0877,3.58,134,13.64,,
P0064,Aman,Mehta,HyperAman14,amanmehta0064@estcgp.gg,India,1146,VP0064,Bronze,G02,CS2,L017,CS2 Open 2026,T013,Phoenix Pune,PXP13,M136,Frankfurt,E1354,4,PO0706,33678.34,TX0706,Wallet,Paid,PF0878,0.00,280,60.19,,
P0065,Sara,Patel,TitanSara19,sarapatel0065@estcgp.gg,India,4989,VP0065,Silver,G02,CS2,L017,CS2 Open 2026,T013,Phoenix Pune,PXP13,M136,Frankfurt,E1355,5,PO0707,1149.90,TX0707,Bank,Pending,PF0879,0.00,550,10.32,,
P0236,Aman,Patel,QuantumAman66,amanpatel0236@estcgp.gg,India,3677,VP0236,Gold,G02,CS2,L017,CS2 Open 2026,T048,Storm Singapore,STS48,M136,Frankfurt,E1356,1,PO0708,29424.55,TX0708,Bank,Paid,PF0880,8.98,265,74.55,,
P0237,Sara,Patel,BlazeSara50,sarapatel0237@estcgp.gg,India,1758,VP0237,Silver,G02,CS2,L017,CS2 Open 2026,T048,Storm Singapore,STS48,M136,Frankfurt,E1357,2,PO0709,8591.85,TX0709,Crypto,Paid,PF0881,1.20,74,82.71,V0195,Wallhack
P0238,Aman,Shah,HyperAman67,amanshah0238@estcgp.gg,India,3352,VP0238,Platinum,G02,CS2,L017,CS2 Open 2026,T048,Storm Singapore,STS48,M136,Frankfurt,E1358,3,PO0710,23964.54,TX0710,Bank,Paid,PF0882,1.26,45,15.70,,
P0239,Riya,Patel,HyperRiya33,riyapatel0239@estcgp.gg,USA,1713,VP0239,Silver,G02,CS2,L017,CS2 Open 2026,T048,Storm Singapore,STS48,M136,Frankfurt,E1359,4,PO0711,2516.87,TX0711,Wallet,Paid,PF0883,0.00,0,44.32,V0196,Wallhack
P0240,Alex,Yadav,NitroAlex73,alexyadav0240@estcgp.gg,USA,1277,VP0240,Bronze,G02,CS2,L017,CS2 Open 2026,T048,Storm Singapore,STS48,M136,Frankfurt,E1360,5,PO0712,4914.72,TX0712,Crypto,Paid,PF0884,0.00,675,100.00,,
P0051,Sara,Khan,NeonSara57,sarakhan0051@estcgp.gg,India,3268,VP0051,Platinum,G02,CS2,L018,CS2 Spring 2026,T011,Phoenix Mumbai,PXM11,M137,Singapore,E1361,1,PO0713,20977.60,TX0713,PayPal,Paid,PF0885,5.04,438,32.83,,
P0052,Sam,Patel,RapidSam54,sampatel0052@estcgp.gg,USA,4571,VP0052,Silver,G02,CS2,L018,CS2 Spring 2026,T011,Phoenix Mumbai,PXM11,M137,Singapore,E1362,2,PO0714,27836.03,TX0714,Crypto,Paid,PF0886,7.22,145,79.67,,
P0053,Alex,Shah,NeonAlex43,alexshah0053@estcgp.gg,India,123,VP0053,Gold,G02,CS2,L018,CS2 Spring 2026,T011,Phoenix Mumbai,PXM11,M137,Singapore,E1363,3,PO0715,12218.58,TX0715,Crypto,Paid,PF0887,1.53,84,8.80,,
P0054,Aman,Singh,ApexAman90,amansingh0054@estcgp.gg,India,4558,VP0054,Bronze,G02,CS2,L018,CS2 Spring 2026,T011,Phoenix Mumbai,PXM11,M137,Singapore,E1364,4,PO0716,21993.93,TX0716,Wallet,Paid,PF0888,5.95,331,17.21,,
P0055,Alex,Patel,PrimeAlex18,alexpatel0055@estcgp.gg,India,1167,VP0055,Silver,G02,CS2,L018,CS2 Spring 2026,T011,Phoenix Mumbai,PXM11,M137,Singapore,E1365,5,PO0717,6449.36,TX0717,Bank,SUCCESS,PF0889,5.01,462,55.30,,
P0506,Alex,Khan,RapidAlex3,alexkhan0506@estcgp.gg,USA,4155,VP0506,Gold,G02,CS2,L018,CS2 Spring 2026,T102,Nexus Delhi,NXD102,M137,Singapore,E1366,1,PO0718,18556.10,TX0718,Wallet,Paid,PF0890,4.85,268,55.53,V0197,Wallhack
P0507,Aman,Patel,KnightAman78,amanpatel0507@estcgp.gg,India,3094,VP0507,Bronze,G02,CS2,L018,CS2 Spring 2026,T102,Nexus Delhi,NXD102,M137,Singapore,E1367,2,PO0719,42217.43,TX0719,Crypto,Paid,PF0891,4.84,670,10.36,,
P0508,Sam,Khan,ShadowSam47,samkhan0508@estcgp.gg,India,2902,VP0508,Bronze,G02,CS2,L018,CS2 Spring 2026,T102,Nexus Delhi,NXD102,M137,Singapore,E1368,3,PO0720,35360.79,TX0720,UPI,SUCCESS,PF0892,2.24,519,63.85,V0198,TriggerBot
P0509,Sara,Patel,VortexSara41,sarapatel0509@estcgp.gg,India,1817,VP0509,Bronze,G02,CS2,L018,CS2 Spring 2026,T102,Nexus Delhi,NXD102,M137,Singapore,E1369,4,PO0721,8282.71,TX0721,Crypto,Paid,PF0893,4.81,28,59.56,,
P0510,Sara,Khan,StormSara84,sarakhan0510@estcgp.gg,India,4174,VP0510,Platinum,G02,CS2,L018,CS2 Spring 2026,T102,Nexus Delhi,NXD102,M137,Singapore,E1370,5,PO0722,22826.11,TX0722,UPI,Paid,PF0894,6.94,303,34.03,,
P0236,Aman,Patel,QuantumAman66,amanpatel0236@estcgp.gg,India,3677,VP0236,Gold,G02,CS2,L019,CS2 Summer 2026,T048,Storm Singapore,STS48,M138,Tokyo,E1371,1,PO0723,31362.63,TX0723,UPI,SUCCESS,PF0895,2.94,125,20.21,,
P0237,Sara,Patel,BlazeSara50,sarapatel0237@estcgp.gg,India,1758,VP0237,Silver,G02,CS2,L019,CS2 Summer 2026,T048,Storm Singapore,STS48,M138,Tokyo,E1372,2,PO0724,20538.21,TX0724,Wallet,Paid,PF0896,4.26,293,86.48,,
P0238,Aman,Shah,HyperAman67,amanshah0238@estcgp.gg,India,3352,VP0238,Platinum,G02,CS2,L019,CS2 Summer 2026,T048,Storm Singapore,STS48,M138,Tokyo,E1373,3,PO0725,8089.78,TX0725,Wallet,Paid,PF0897,0.06,552,41.52,V0199,Aimbot
P0239,Riya,Patel,HyperRiya33,riyapatel0239@estcgp.gg,USA,1713,VP0239,Silver,G02,CS2,L019,CS2 Summer 2026,T048,Storm Singapore,STS48,M138,Tokyo,E1374,4,PO0726,38411.03,TX0726,Wallet,Paid,PF0898,5.85,598,43.40,,
P0240,Alex,Yadav,NitroAlex73,alexyadav0240@estcgp.gg,USA,1277,VP0240,Bronze,G02,CS2,L019,CS2 Summer 2026,T048,Storm Singapore,STS48,M138,Tokyo,E1375,5,PO0727,26454.11,TX0727,Crypto,Paid,PF0899,3.03,0,1.01,,
P0101,John,Yadav,ApexJohn53,johnyadav0101@estcgp.gg,India,1178,VP0101,Gold,G02,CS2,L019,CS2 Summer 2026,T021,Dragons Mumbai,DGM21,M138,Tokyo,E1376,1,PO0728,23970.72,TX0728,Bank,Pending,PF0900,0.00,224,3.48,,
P0102,Alex,Kulkarni,CyberAlex20,alexkulkarni0102@estcgp.gg,USA,3006,VP0102,Platinum,G02,CS2,L019,CS2 Summer 2026,T021,Dragons Mumbai,DGM21,M138,Tokyo,E1377,2,PO0729,5961.90,TX0729,Crypto,Paid,PF0901,7.99,534,35.39,,
P0103,Aman,Singh,RogueAman75,amansingh0103@estcgp.gg,India,704,VP0103,Bronze,G02,CS2,L019,CS2 Summer 2026,T021,Dragons Mumbai,DGM21,M138,Tokyo,E1378,3,PO0730,23146.00,TX0730,Crypto,Paid,PF0902,0.00,558,60.46,,
P0104,Riya,Singh,TitanRiya86,riyasingh0104@estcgp.gg,India,338,VP0104,Silver,G02,CS2,L019,CS2 Summer 2026,T021,Dragons Mumbai,DGM21,M138,Tokyo,E1379,4,PO0731,4235.97,TX0731,Crypto,Failed,PF0903,0.46,434,3.43,V0200,TriggerBot
P0105,Sara,Khan,ViperSara74,sarakhan0105@estcgp.gg,India,4436,VP0105,Silver,G02,CS2,L019,CS2 Summer 2026,T021,Dragons Mumbai,DGM21,M138,Tokyo,E1380,5,PO0732,15180.09,TX0732,Bank,Paid,PF0904,1.11,493,58.69,V0201,Wallhack
P0506,Alex,Khan,RapidAlex3,alexkhan0506@estcgp.gg,USA,4155,VP0506,Gold,G02,CS2,L020,CS2 World 2026,T102,Nexus Delhi,NXD102,M139,London,E1381,1,,,,,,PF0905,4.83,61,94.27,,
P0507,Aman,Patel,KnightAman78,amanpatel0507@estcgp.gg,India,3094,VP0507,Bronze,G02,CS2,L020,CS2 World 2026,T102,Nexus Delhi,NXD102,M139,London,E1382,2,PO0733,6771.61,TX0733,Crypto,Paid,PF0906,6.21,536,28.70,,
P0508,Sam,Khan,ShadowSam47,samkhan0508@estcgp.gg,India,2902,VP0508,Bronze,G02,CS2,L020,CS2 World 2026,T102,Nexus Delhi,NXD102,M139,London,E1383,3,PO0734,25659.73,TX0734,Bank,Paid,PF0907,7.31,558,82.38,,
P0509,Sara,Patel,VortexSara41,sarapatel0509@estcgp.gg,India,1817,VP0509,Bronze,G02,CS2,L020,CS2 World 2026,T102,Nexus Delhi,NXD102,M139,London,E1384,4,PO0735,16616.11,TX0735,Bank,Paid,PF0908,7.35,220,100.00,,
P0510,Sara,Khan,StormSara84,sarakhan0510@estcgp.gg,India,4174,VP0510,Platinum,G02,CS2,L020,CS2 World 2026,T102,Nexus Delhi,NXD102,M139,London,E1385,5,PO0736,8751.76,TX0736,PayPal,Paid,PF0909,7.46,379,59.11,,
P0066,Alex,Yadav,ShadowAlex31,alexyadav0066@estcgp.gg,India,3522,VP0066,Silver,G02,CS2,L020,CS2 World 2026,T014,Phoenix Hyderabad,PXH14,M139,London,E1386,1,PO0737,40941.16,TX0737,Wallet,Paid,PF0910,0.30,620,100.00,,
P0067,Aman,Singh,VortexAman55,amansingh0067@estcgp.gg,India,710,VP0067,Gold,G02,CS2,L020,CS2 World 2026,T014,Phoenix Hyderabad,PXH14,M139,London,E1387,2,PO0738,11463.12,TX0738,Crypto,SUCCESS,PF0911,6.49,642,5.75,V0202,Wallhack
P0068,John,Yadav,RogueJohn79,johnyadav0068@estcgp.gg,USA,4612,VP0068,Platinum,G02,CS2,L020,CS2 World 2026,T014,Phoenix Hyderabad,PXH14,M139,London,E1388,3,PO0739,27750.03,TX0739,Crypto,Paid,PF0912,1.86,123,52.36,,
P0069,Sara,Yadav,PrimeSara97,sarayadav0069@estcgp.gg,India,4123,VP0069,Silver,G02,CS2,L020,CS2 World 2026,T014,Phoenix Hyderabad,PXH14,M139,London,E1389,4,PO0740,18842.58,TX0740,UPI,Paid,PF0913,7.38,0,40.54,,
P0070,Aman,Singh,RogueAman29,amansingh0070@estcgp.gg,India,4461,VP0070,Silver,G02,CS2,L020,CS2 World 2026,T014,Phoenix Hyderabad,PXH14,M139,London,E1390,5,PO0741,34946.00,TX0741,Bank,Paid,PF0914,0.00,594,73.48,V0203,Aimbot
P0101,John,Yadav,ApexJohn53,johnyadav0101@estcgp.gg,India,1178,VP0101,Gold,G03,Dota2,L021,Dota2 Open 2026,T021,Dragons Mumbai,DGM21,M140,Mumbai,E1391,1,,,,,,,,,,,
P0102,Alex,Kulkarni,CyberAlex20,alexkulkarni0102@estcgp.gg,USA,3006,VP0102,Platinum,G03,Dota2,L021,Dota2 Open 2026,T021,Dragons Mumbai,DGM21,M140,Mumbai,E1392,2,,,,,,,,,,,
P0103,Aman,Singh,RogueAman75,amansingh0103@estcgp.gg,India,704,VP0103,Bronze,G03,Dota2,L021,Dota2 Open 2026,T021,Dragons Mumbai,DGM21,M140,Mumbai,E1393,3,,,,,,,,,,,
P0104,Riya,Singh,TitanRiya86,riyasingh0104@estcgp.gg,India,338,VP0104,Silver,G03,Dota2,L021,Dota2 Open 2026,T021,Dragons Mumbai,DGM21,M140,Mumbai,E1394,4,,,,,,,,,,,
P0105,Sara,Khan,ViperSara74,sarakhan0105@estcgp.gg,India,4436,VP0105,Silver,G03,Dota2,L021,Dota2 Open 2026,T021,Dragons Mumbai,DGM21,M140,Mumbai,E1395,5,,,,,,,,,,,
P0306,Sam,Yadav,NovaSam58,samyadav0306@estcgp.gg,India,810,VP0306,Platinum,G03,Dota2,L021,Dota2 Open 2026,T062,Knights Delhi,KND62,M140,Mumbai,E1396,1,,,,,,,,,,,
P0307,Alex,Bansal,ShadowAlex41,alexbansal0307@estcgp.gg,India,3074,VP0307,Silver,G03,Dota2,L021,Dota2 Open 2026,T062,Knights Delhi,KND62,M140,Mumbai,E1397,2,,,,,,,,,,,
P0308,Alex,Johnson,OmegaAlex96,alexjohnson0308@estcgp.gg,USA,3765,VP0308,Silver,G03,Dota2,L021,Dota2 Open 2026,T062,Knights Delhi,KND62,M140,Mumbai,E1398,3,,,,,,,,,,,
P0309,John,Patel,PixelJohn2,johnpatel0309@estcgp.gg,India,1397,VP0309,Silver,G03,Dota2,L021,Dota2 Open 2026,T062,Knights Delhi,KND62,M140,Mumbai,E1399,4,,,,,,,,,,,
P0310,Sam,Yadav,ShadowSam99,samyadav0310@estcgp.gg,India,1849,VP0310,Gold,G03,Dota2,L021,Dota2 Open 2026,T062,Knights Delhi,KND62,M140,Mumbai,E1400,5,,,,,,,,,,,
P0066,Alex,Yadav,ShadowAlex31,alexyadav0066@estcgp.gg,India,3522,VP0066,Silver,G03,Dota2,L022,Dota2 Spring 2026,T014,Phoenix Hyderabad,PXH14,M141,Frankfurt,E1401,1,,,,,,PF0915,0.00,688,87.21,,
P0067,Aman,Singh,VortexAman55,amansingh0067@estcgp.gg,India,710,VP0067,Gold,G03,Dota2,L022,Dota2 Spring 2026,T014,Phoenix Hyderabad,PXH14,M141,Frankfurt,E1402,2,,,,,,PF0916,1.15,57,62.39,,
P0068,John,Yadav,RogueJohn79,johnyadav0068@estcgp.gg,USA,4612,VP0068,Platinum,G03,Dota2,L022,Dota2 Spring 2026,T014,Phoenix Hyderabad,PXH14,M141,Frankfurt,E1403,3,,,,,,PF0917,4.03,29,27.16,,
P0069,Sara,Yadav,PrimeSara97,sarayadav0069@estcgp.gg,India,4123,VP0069,Silver,G03,Dota2,L022,Dota2 Spring 2026,T014,Phoenix Hyderabad,PXH14,M141,Frankfurt,E1404,4,,,,,,PF0918,6.60,0,39.99,V0204,Wallhack
P0070,Aman,Singh,RogueAman29,amansingh0070@estcgp.gg,India,4461,VP0070,Silver,G03,Dota2,L022,Dota2 Spring 2026,T014,Phoenix Hyderabad,PXH14,M141,Frankfurt,E1405,5,,,,,,PF0919,7.20,522,86.78,,
P0221,Riya,Yadav,IronRiya63,riyayadav0221@estcgp.gg,India,3340,VP0221,Platinum,G03,Dota2,L022,Dota2 Spring 2026,T045,Storm Bengaluru,STB45,M141,Frankfurt,E1406,1,,,,,,PF0920,0.00,257,100.00,,
P0222,John,Jackson,ShadowJohn32,johnjackson0222@estcgp.gg,India,4029,VP0222,Gold,G03,Dota2,L022,Dota2 Spring 2026,T045,Storm Bengaluru,STB45,M141,Frankfurt,E1407,2,,,,,,PF0921,2.62,171,1.38,,
P0223,Sara,Singh,PhoenixSara39,sarasingh0223@estcgp.gg,India,9,VP0223,Bronze,G03,Dota2,L022,Dota2 Spring 2026,T045,Storm Bengaluru,STB45,M141,Frankfurt,E1408,3,,,,,,PF0922,2.31,28,25.79,,
P0224,Sara,Khan,NitroSara59,sarakhan0224@estcgp.gg,India,387,VP0224,Bronze,G03,Dota2,L022,Dota2 Spring 2026,T045,Storm Bengaluru,STB45,M141,Frankfurt,E1409,4,,,,,,PF0923,1.65,146,12.23,,
P0225,Riya,Patel,IronRiya30,riyapatel0225@estcgp.gg,India,2588,VP0225,Bronze,G03,Dota2,L022,Dota2 Spring 2026,T045,Storm Bengaluru,STB45,M141,Frankfurt,E1410,5,,,,,,PF0924,6.01,592,94.59,,
P0306,Sam,Yadav,NovaSam58,samyadav0306@estcgp.gg,India,810,VP0306,Platinum,G03,Dota2,L023,Dota2 Summer 2026,T062,Knights Delhi,KND62,M142,Singapore,E1411,1,,,,,,,,,,,
P0307,Alex,Bansal,ShadowAlex41,alexbansal0307@estcgp.gg,India,3074,VP0307,Silver,G03,Dota2,L023,Dota2 Summer 2026,T062,Knights Delhi,KND62,M142,Singapore,E1412,2,,,,,,,,,,,
P0308,Alex,Johnson,OmegaAlex96,alexjohnson0308@estcgp.gg,USA,3765,VP0308,Silver,G03,Dota2,L023,Dota2 Summer 2026,T062,Knights Delhi,KND62,M142,Singapore,E1413,3,,,,,,,,,,,
P0309,John,Patel,PixelJohn2,johnpatel0309@estcgp.gg,India,1397,VP0309,Silver,G03,Dota2,L023,Dota2 Summer 2026,T062,Knights Delhi,KND62,M142,Singapore,E1414,4,,,,,,,,,,,
P0310,Sam,Yadav,ShadowSam99,samyadav0310@estcgp.gg,India,1849,VP0310,Gold,G03,Dota2,L023,Dota2 Summer 2026,T062,Knights Delhi,KND62,M142,Singapore,E1415,5,,,,,,,,,,,
P0131,Riya,Patel,KnightRiya81,riyapatel0131@estcgp.gg,India,1435,VP0131,Silver,G03,Dota2,L023,Dota2 Summer 2026,T027,Dragons Tokyo,DGT27,M142,Singapore,E1416,1,,,,,,,,,,,
P0132,Aman,Singh,ViperAman86,amansingh0132@estcgp.gg,USA,2289,VP0132,Gold,G03,Dota2,L023,Dota2 Summer 2026,T027,Dragons Tokyo,DGT27,M142,Singapore,E1417,2,,,,,,,,,,,
P0133,John,Khan,LunaJohn67,johnkhan0133@estcgp.gg,India,4315,VP0133,Gold,G03,Dota2,L023,Dota2 Summer 2026,T027,Dragons Tokyo,DGT27,M142,Singapore,E1418,3,,,,,,,,,,,
P0134,Alex,Brown,PulseAlex35,alexbrown0134@estcgp.gg,India,2374,VP0134,Gold,G03,Dota2,L023,Dota2 Summer 2026,T027,Dragons Tokyo,DGT27,M142,Singapore,E1419,4,,,,,,,,,,,
P0135,Sara,Singh,GhostSara25,sarasingh0135@estcgp.gg,India,4713,VP0135,Bronze,G03,Dota2,L023,Dota2 Summer 2026,T027,Dragons Tokyo,DGT27,M142,Singapore,E1420,5,,,,,,,,,,,
P0221,Riya,Yadav,IronRiya63,riyayadav0221@estcgp.gg,India,3340,VP0221,Platinum,G03,Dota2,L024,Dota2 World 2026,T045,Storm Bengaluru,STB45,M143,Tokyo,E1421,1,,,,,,,,,,,
P0222,John,Jackson,ShadowJohn32,johnjackson0222@estcgp.gg,India,4029,VP0222,Gold,G03,Dota2,L024,Dota2 World 2026,T045,Storm Bengaluru,STB45,M143,Tokyo,E1422,2,,,,,,,,,,,
P0223,Sara,Singh,PhoenixSara39,sarasingh0223@estcgp.gg,India,9,VP0223,Bronze,G03,Dota2,L024,Dota2 World 2026,T045,Storm Bengaluru,STB45,M143,Tokyo,E1423,3,,,,,,,,,,,
P0224,Sara,Khan,NitroSara59,sarakhan0224@estcgp.gg,India,387,VP0224,Bronze,G03,Dota2,L024,Dota2 World 2026,T045,Storm Bengaluru,STB45,M143,Tokyo,E1424,4,,,,,,,,,,,
P0225,Riya,Patel,IronRiya30,riyapatel0225@estcgp.gg,India,2588,VP0225,Bronze,G03,Dota2,L024,Dota2 World 2026,T045,Storm Bengaluru,STB45,M143,Tokyo,E1425,5,,,,,,,,,,,
P0196,Sam,Yadav,NovaSam60,samyadav0196@estcgp.gg,India,4924,VP0196,Bronze,G03,Dota2,L024,Dota2 World 2026,T040,Titans London,TTL40,M143,Tokyo,E1426,1,,,,,,,,,,,
P0197,Aman,Singh,IronAman16,amansingh0197@estcgp.gg,India,3613,VP0197,Gold,G03,Dota2,L024,Dota2 World 2026,T040,Titans London,TTL40,M143,Tokyo,E1427,2,,,,,,,,,,,
P0198,Sara,Patel,ViperSara68,sarapatel0198@estcgp.gg,USA,4434,VP0198,Gold,G03,Dota2,L024,Dota2 World 2026,T040,Titans London,TTL40,M143,Tokyo,E1428,3,,,,,,,,,,,
P0199,John,Patel,ApexJohn81,johnpatel0199@estcgp.gg,India,4389,VP0199,Bronze,G03,Dota2,L024,Dota2 World 2026,T040,Titans London,TTL40,M143,Tokyo,E1429,4,,,,,,,,,,,
P0200,John,Patel,ViperJohn4,johnpatel0200@estcgp.gg,India,4735,VP0200,Gold,G03,Dota2,L024,Dota2 World 2026,T040,Titans London,TTL40,M143,Tokyo,E1430,5,,,,,,,,,,,
P0131,Riya,Patel,KnightRiya81,riyapatel0131@estcgp.gg,India,1435,VP0131,Silver,G01,Valorant,L001,Valorant Open 2025,T027,Dragons Tokyo,DGT27,M144,London,E1431,1,PO0742,5239.85,TX0742,Crypto,Pending,PF0925,0.00,44,60.70,V0205,Aimbot
P0132,Aman,Singh,ViperAman86,amansingh0132@estcgp.gg,USA,2289,VP0132,Gold,G01,Valorant,L001,Valorant Open 2025,T027,Dragons Tokyo,DGT27,M144,London,E1432,2,PO0743,4060.86,TX0743,UPI,Paid,PF0926,1.13,544,91.28,,
P0133,John,Khan,LunaJohn67,johnkhan0133@estcgp.gg,India,4315,VP0133,Gold,G01,Valorant,L001,Valorant Open 2025,T027,Dragons Tokyo,DGT27,M144,London,E1433,3,PO0744,44638.95,TX0744,Wallet,Cancelled,PF0927,7.98,610,98.41,,
P0134,Alex,Brown,PulseAlex35,alexbrown0134@estcgp.gg,India,2374,VP0134,Gold,G01,Valorant,L001,Valorant Open 2025,T027,Dragons Tokyo,DGT27,M144,London,E1434,4,,,,,,PF0928,1.64,433,86.47,,
P0135,Sara,Singh,GhostSara25,sarasingh0135@estcgp.gg,India,4713,VP0135,Bronze,G01,Valorant,L001,Valorant Open 2025,T027,Dragons Tokyo,DGT27,M144,London,E1435,5,PO0745,20604.31,TX0745,Bank,Failed,PF0929,1.22,58,71.43,,
P0536,Sara,Singh,NexusSara55,sarasingh0536@estcgp.gg,India,2550,VP0536,Bronze,G01,Valorant,L001,Valorant Open 2025,T108,Nexus Singapore,NXS108,M144,London,E1436,1,,,,,,,,,,,
P0537,John,Patel,PixelJohn44,johnpatel0537@estcgp.gg,India,3238,VP0537,Gold,G01,Valorant,L001,Valorant Open 2025,T108,Nexus Singapore,NXS108,M144,London,E1437,2,PO0746,22728.78,TX0746,Crypto,Paid,PF0930,1.09,408,100.00,,
P0538,Aman,Khan,FrostAman68,amankhan0538@estcgp.gg,USA,2605,VP0538,Silver,G01,Valorant,L001,Valorant Open 2025,T108,Nexus Singapore,NXS108,M144,London,E1438,3,PO0747,20833.23,TX0747,Wallet,Paid,PF0931,0.00,586,5.94,,
P0539,Alex,Rao,PulseAlex64,alexrao0539@estcgp.gg,USA,3498,VP0539,Silver,G01,Valorant,L001,Valorant Open 2025,T108,Nexus Singapore,NXS108,M144,London,E1439,4,PO0748,24130.97,TX0748,UPI,Paid,PF0932,8.55,111,2.84,V0206,Aimbot
P0540,Aman,Singh,DragonAman95,amansingh0540@estcgp.gg,India,4300,VP0540,Silver,G01,Valorant,L001,Valorant Open 2025,T108,Nexus Singapore,NXS108,M144,London,E1440,5,PO0749,6618.17,TX0749,UPI,Paid,PF0933,2.45,211,90.53,,
P0196,Sam,Yadav,NovaSam60,samyadav0196@estcgp.gg,India,4924,VP0196,Bronze,G01,Valorant,L002,Valorant Spring 2025,T040,Titans London,TTL40,M145,Mumbai,E1441,1,,,,,,,,,,,
P0197,Aman,Singh,IronAman16,amansingh0197@estcgp.gg,India,3613,VP0197,Gold,G01,Valorant,L002,Valorant Spring 2025,T040,Titans London,TTL40,M145,Mumbai,E1442,2,PO0750,17955.30,TX0750,Crypto,Paid,PF0934,4.83,89,68.79,,
P0198,Sara,Patel,ViperSara68,sarapatel0198@estcgp.gg,USA,4434,VP0198,Gold,G01,Valorant,L002,Valorant Spring 2025,T040,Titans London,TTL40,M145,Mumbai,E1443,3,PO0751,25056.34,TX0751,Wallet,Paid,PF0935,1.51,541,15.90,,
P0199,John,Patel,ApexJohn81,johnpatel0199@estcgp.gg,India,4389,VP0199,Bronze,G01,Valorant,L002,Valorant Spring 2025,T040,Titans London,TTL40,M145,Mumbai,E1444,4,PO0752,19231.62,TX0752,UPI,Paid,PF0936,0.00,655,100.00,V0207,TriggerBot
P0200,John,Patel,ViperJohn4,johnpatel0200@estcgp.gg,India,4735,VP0200,Gold,G01,Valorant,L002,Valorant Spring 2025,T040,Titans London,TTL40,M145,Mumbai,E1445,5,,,,,,PF0937,3.54,642,96.02,,
P0136,John,Khan,FrostJohn48,johnkhan0136@estcgp.gg,USA,0,VP0136,Platinum,G01,Valorant,L002,Valorant Spring 2025,T028,Dragons Singapore,DGS28,M145,Mumbai,E1446,1,PO0753,34276.45,TX0753,UPI,Paid,PF0938,0.50,130,49.32,,
P0137,Sara,Yadav,PulseSara99,sarayadav0137@estcgp.gg,India,1012,VP0137,Gold,G01,Valorant,L002,Valorant Spring 2025,T028,Dragons Singapore,DGS28,M145,Mumbai,E1447,2,PO0754,1300.79,TX0754,Wallet,Paid,PF0939,2.23,10,8.64,V0208,TriggerBot
P0138,John,Patel,NexusJohn12,johnpatel0138@estcgp.gg,India,487,VP0138,Gold,G01,Valorant,L002,Valorant Spring 2025,T028,Dragons Singapore,DGS28,M145,Mumbai,E1448,3,PO0755,2125.06,TX0755,Wallet,Paid,PF0940,4.57,334,100.00,,
P0139,Sam,Singh,PulseSam34,samsingh0139@estcgp.gg,USA,4890,VP0139,Gold,G01,Valorant,L002,Valorant Spring 2025,T028,Dragons Singapore,DGS28,M145,Mumbai,E1449,4,PO0756,1020.92,TX0756,Wallet,SUCCESS,PF0941,5.40,383,69.21,,
P0140,Sam,Patel,ApexSam23,sampatel0140@estcgp.gg,USA,2052,VP0140,Gold,G01,Valorant,L002,Valorant Spring 2025,T028,Dragons Singapore,DGS28,M145,Mumbai,E1450,5,PO0757,32095.01,TX0757,Bank,Paid,PF0942,0.00,558,65.80,,
P0536,Sara,Singh,NexusSara55,sarasingh0536@estcgp.gg,India,2550,VP0536,Bronze,G01,Valorant,L003,Valorant Summer 2025,T108,Nexus Singapore,NXS108,M146,Frankfurt,E1451,1,PO0758,51528.68,TX0758,Bank,Paid,PF0943,2.89,607,19.87,,
P0537,John,Patel,PixelJohn44,johnpatel0537@estcgp.gg,India,3238,VP0537,Gold,G01,Valorant,L003,Valorant Summer 2025,T108,Nexus Singapore,NXS108,M146,Frankfurt,E1452,2,PO0759,12502.09,TX0759,PayPal,Paid,PF0944,0.49,390,81.21,,
P0538,Aman,Khan,FrostAman68,amankhan0538@estcgp.gg,USA,2605,VP0538,Silver,G01,Valorant,L003,Valorant Summer 2025,T108,Nexus Singapore,NXS108,M146,Frankfurt,E1453,3,PO0760,11433.31,TX0760,Crypto,Pending,PF0945,5.55,0,81.24,,
P0539,Alex,Rao,PulseAlex64,alexrao0539@estcgp.gg,USA,3498,VP0539,Silver,G01,Valorant,L003,Valorant Summer 2025,T108,Nexus Singapore,NXS108,M146,Frankfurt,E1454,4,PO0761,100.00,TX0761,UPI,Paid,PF0946,0.00,431,100.00,V0209,SpeedHack
P0540,Aman,Singh,DragonAman95,amansingh0540@estcgp.gg,India,4300,VP0540,Silver,G01,Valorant,L003,Valorant Summer 2025,T108,Nexus Singapore,NXS108,M146,Frankfurt,E1455,5,PO0762,38848.99,TX0762,Wallet,Pending,PF0947,0.19,182,100.00,V0210,TriggerBot
P0321,Sara,Patel,ApexSara35,sarapatel0321@estcgp.gg,USA,1490,VP0321,Bronze,G01,Valorant,L003,Valorant Summer 2025,T065,Knights Bengaluru,KNB65,M146,Frankfurt,E1456,1,PO0763,6297.58,TX0763,Crypto,Failed,PF0948,7.13,378,72.48,,
P0322,Riya,Khan,VortexRiya17,riyakhan0322@estcgp.gg,India,1825,VP0322,Gold,G01,Valorant,L003,Valorant Summer 2025,T065,Knights Bengaluru,KNB65,M146,Frankfurt,E1457,2,PO0764,7799.05,TX0764,UPI,Paid,PF0949,0.28,39,22.45,,
P0323,Aman,Mehta,ViperAman27,amanmehta0323@estcgp.gg,India,4138,VP0323,Platinum,G01,Valorant,L003,Valorant Summer 2025,T065,Knights Bengaluru,KNB65,M146,Frankfurt,E1458,3,,,,,,PF0950,5.58,123,63.47,,
P0324,Aman,Patel,ApexAman25,amanpatel0324@estcgp.gg,India,3546,VP0324,Silver,G01,Valorant,L003,Valorant Summer 2025,T065,Knights Bengaluru,KNB65,M146,Frankfurt,E1459,4,PO0765,13207.87,TX0765,Crypto,Paid,PF0951,0.00,137,13.23,,
P0325,John,Yadav,OmegaJohn90,johnyadav0325@estcgp.gg,India,421,VP0325,Gold,G01,Valorant,L003,Valorant Summer 2025,T065,Knights Bengaluru,KNB65,M146,Frankfurt,E1460,5,,,,,,PF0952,0.08,191,86.58,,
P0136,John,Khan,FrostJohn48,johnkhan0136@estcgp.gg,USA,0,VP0136,Platinum,G01,Valorant,L004,Valorant World 2025,T028,Dragons Singapore,DGS28,M147,Singapore,E1461,1,PO0766,13360.90,TX0766,Crypto,Paid,PF0953,0.00,532,28.99,V0211,Wallhack
P0137,Sara,Yadav,PulseSara99,sarayadav0137@estcgp.gg,India,1012,VP0137,Gold,G01,Valorant,L004,Valorant World 2025,T028,Dragons Singapore,DGS28,M147,Singapore,E1462,2,PO0767,13183.23,TX0767,UPI,Paid,PF0954,6.34,94,29.03,,
P0138,John,Patel,NexusJohn12,johnpatel0138@estcgp.gg,India,487,VP0138,Gold,G01,Valorant,L004,Valorant World 2025,T028,Dragons Singapore,DGS28,M147,Singapore,E1463,3,PO0768,4638.41,TX0768,Bank,Paid,PF0955,8.64,575,1.23,,
P0139,Sam,Singh,PulseSam34,samsingh0139@estcgp.gg,USA,4890,VP0139,Gold,G01,Valorant,L004,Valorant World 2025,T028,Dragons Singapore,DGS28,M147,Singapore,E1464,4,PO0769,14962.80,TX0769,UPI,Paid,PF0956,5.18,665,52.97,,
P0140,Sam,Patel,ApexSam23,sampatel0140@estcgp.gg,USA,2052,VP0140,Gold,G01,Valorant,L004,Valorant World 2025,T028,Dragons Singapore,DGS28,M147,Singapore,E1465,5,PO0770,909.77,TX0770,Crypto,Paid,PF0957,0.00,691,30.26,,
P0376,Sam,Yadav,LunaSam39,samyadav0376@estcgp.gg,USA,3,VP0376,Silver,G01,Valorant,L004,Valorant World 2025,T076,Raiders Chennai,RDC76,M147,Singapore,E1466,1,PO0771,3606.12,TX0771,UPI,Failed,PF0958,0.30,165,59.89,V0212,Wallhack
P0377,Riya,Singh,VortexRiya95,riyasingh0377@estcgp.gg,USA,4624,VP0377,Diamond,G01,Valorant,L004,Valorant World 2025,T076,Raiders Chennai,RDC76,M147,Singapore,E1467,2,PO0772,18739.94,TX0772,UPI,Paid,PF0959,0.00,328,34.15,,
P0378,Alex,Khan,ApexAlex58,alexkhan0378@estcgp.gg,India,2199,VP0378,Silver,G01,Valorant,L004,Valorant World 2025,T076,Raiders Chennai,RDC76,M147,Singapore,E1468,3,,,,,,PF0960,0.00,520,100.00,V0213,Aimbot
P0379,John,Singh,KnightJohn20,johnsingh0379@estcgp.gg,India,2335,VP0379,Gold,G01,Valorant,L004,Valorant World 2025,T076,Raiders Chennai,RDC76,M147,Singapore,E1469,4,PO0773,947.88,TX0773,Crypto,Paid,PF0961,6.96,437,7.47,,
P0380,Riya,Patel,IronRiya99,riyapatel0380@estcgp.gg,India,4910,VP0380,Gold,G01,Valorant,L004,Valorant World 2025,T076,Raiders Chennai,RDC76,M147,Singapore,E1470,5,,,,,,,,,,,
P0321,Sara,Patel,ApexSara35,sarapatel0321@estcgp.gg,USA,1490,VP0321,Bronze,G02,CS2,L005,CS2 Open 2025,T065,Knights Bengaluru,KNB65,M148,Tokyo,E1471,1,PO0774,10102.62,TX0774,UPI,SUCCESS,PF0962,5.29,593,63.60,,
P0322,Riya,Khan,VortexRiya17,riyakhan0322@estcgp.gg,India,1825,VP0322,Gold,G02,CS2,L005,CS2 Open 2025,T065,Knights Bengaluru,KNB65,M148,Tokyo,E1472,2,PO0775,1107.00,TX0775,UPI,Paid,PF0963,4.31,489,14.80,,
P0323,Aman,Mehta,ViperAman27,amanmehta0323@estcgp.gg,India,4138,VP0323,Platinum,G02,CS2,L005,CS2 Open 2025,T065,Knights Bengaluru,KNB65,M148,Tokyo,E1473,3,PO0776,25927.46,TX0776,Crypto,Paid,PF0964,0.00,197,10.34,,
P0324,Aman,Patel,ApexAman25,amanpatel0324@estcgp.gg,India,3546,VP0324,Silver,G02,CS2,L005,CS2 Open 2025,T065,Knights Bengaluru,KNB65,M148,Tokyo,E1474,4,PO0777,12718.42,TX0777,UPI,SUCCESS,PF0965,0.00,477,100.00,,
P0325,John,Yadav,OmegaJohn90,johnyadav0325@estcgp.gg,India,421,VP0325,Gold,G02,CS2,L005,CS2 Open 2025,T065,Knights Bengaluru,KNB65,M148,Tokyo,E1475,5,PO0778,31848.49,TX0778,Bank,Paid,PF0966,8.87,193,34.43,,
P0546,John,Patel,TitanJohn57,johnpatel0546@estcgp.gg,India,2675,VP0546,Gold,G02,CS2,L005,CS2 Open 2025,T110,Nexus London,NXL110,M148,Tokyo,E1476,1,PO0779,7119.46,TX0779,UPI,Paid,PF0967,0.00,651,53.25,V0214,TriggerBot
P0547,Sara,Singh,SilentSara79,sarasingh0547@estcgp.gg,India,1406,VP0547,Bronze,G02,CS2,L005,CS2 Open 2025,T110,Nexus London,NXL110,M148,Tokyo,E1477,2,PO0780,16536.84,TX0780,UPI,SUCCESS,PF0968,4.65,488,98.31,,
P0548,Riya,Khan,VortexRiya60,riyakhan0548@estcgp.gg,India,3691,VP0548,Silver,G02,CS2,L005,CS2 Open 2025,T110,Nexus London,NXL110,M148,Tokyo,E1478,3,PO0781,26035.18,TX0781,Crypto,Paid,PF0969,5.90,115,100.00,V0215,Aimbot
P0549,Alex,Yadav,NitroAlex48,alexyadav0549@estcgp.gg,India,2409,VP0549,Gold,G02,CS2,L005,CS2 Open 2025,T110,Nexus London,NXL110,M148,Tokyo,E1479,4,PO0782,25453.68,TX0782,PayPal,Paid,PF0970,7.25,314,16.91,,
P0550,Sara,Singh,RapidSara58,sarasingh0550@estcgp.gg,India,808,VP0550,Silver,G02,CS2,L005,CS2 Open 2025,T110,Nexus London,NXL110,M148,Tokyo,E1480,5,PO0783,19963.88,TX0783,Wallet,Paid,PF0971,4.18,373,99.65,,
P0376,Sam,Yadav,LunaSam39,samyadav0376@estcgp.gg,USA,3,VP0376,Silver,G02,CS2,L006,CS2 Spring 2025,T076,Raiders Chennai,RDC76,M149,London,E1481,1,,,,,,,,,,,
P0377,Riya,Singh,VortexRiya95,riyasingh0377@estcgp.gg,USA,4624,VP0377,Diamond,G02,CS2,L006,CS2 Spring 2025,T076,Raiders Chennai,RDC76,M149,London,E1482,2,,,,,,,,,,,
P0378,Alex,Khan,ApexAlex58,alexkhan0378@estcgp.gg,India,2199,VP0378,Silver,G02,CS2,L006,CS2 Spring 2025,T076,Raiders Chennai,RDC76,M149,London,E1483,3,,,,,,,,,,,
P0379,John,Singh,KnightJohn20,johnsingh0379@estcgp.gg,India,2335,VP0379,Gold,G02,CS2,L006,CS2 Spring 2025,T076,Raiders Chennai,RDC76,M149,London,E1484,4,,,,,,,,,,,
P0380,Riya,Patel,IronRiya99,riyapatel0380@estcgp.gg,India,4910,VP0380,Gold,G02,CS2,L006,CS2 Spring 2025,T076,Raiders Chennai,RDC76,M149,London,E1485,5,,,,,,,,,,,
P0436,Sam,Yadav,CyberSam50,samyadav0436@estcgp.gg,India,2252,VP0436,Gold,G02,CS2,L006,CS2 Spring 2025,T088,Apex Singapore,AXS88,M149,London,E1486,1,,,,,,,,,,,
P0437,John,Patel,OmegaJohn70,johnpatel0437@estcgp.gg,India,2541,VP0437,Bronze,G02,CS2,L006,CS2 Spring 2025,T088,Apex Singapore,AXS88,M149,London,E1487,2,,,,,,,,,,,
P0438,Aman,Singh,DragonAman87,amansingh0438@estcgp.gg,India,272,VP0438,Silver,G02,CS2,L006,CS2 Spring 2025,T088,Apex Singapore,AXS88,M149,London,E1488,3,,,,,,,,,,,
P0439,Aman,Singh,CyberAman61,amansingh0439@estcgp.gg,India,2984,VP0439,Bronze,G02,CS2,L006,CS2 Spring 2025,T088,Apex Singapore,AXS88,M149,London,E1489,4,,,,,,,,,,,
P0440,Riya,Yadav,DragonRiya59,riyayadav0440@estcgp.gg,India,3621,VP0440,Gold,G02,CS2,L006,CS2 Spring 2025,T088,Apex Singapore,AXS88,M149,London,E1490,5,,,,,,,,,,,
P0546,John,Patel,TitanJohn57,johnpatel0546@estcgp.gg,India,2675,VP0546,Gold,G02,CS2,L007,CS2 Summer 2025,T110,Nexus London,NXL110,M150,Mumbai,E1491,1,,,,,,PF0972,5.88,43,54.36,,
P0547,Sara,Singh,SilentSara79,sarasingh0547@estcgp.gg,India,1406,VP0547,Bronze,G02,CS2,L007,CS2 Summer 2025,T110,Nexus London,NXL110,M150,Mumbai,E1492,2,,,,,,PF0973,8.16,14,65.85,,
P0548,Riya,Khan,VortexRiya60,riyakhan0548@estcgp.gg,India,3691,VP0548,Silver,G02,CS2,L007,CS2 Summer 2025,T110,Nexus London,NXL110,M150,Mumbai,E1493,3,,,,,,PF0974,2.00,378,60.12,V0216,Wallhack
P0549,Alex,Yadav,NitroAlex48,alexyadav0549@estcgp.gg,India,2409,VP0549,Gold,G02,CS2,L007,CS2 Summer 2025,T110,Nexus London,NXL110,M150,Mumbai,E1494,4,,,,,,PF0975,7.93,467,100.00,,
P0550,Sara,Singh,RapidSara58,sarasingh0550@estcgp.gg,India,808,VP0550,Silver,G02,CS2,L007,CS2 Summer 2025,T110,Nexus London,NXL110,M150,Mumbai,E1495,5,,,,,,PF0976,7.19,127,17.91,,
P0156,Alex,Singh,QuantumAlex40,alexsingh0156@estcgp.gg,India,3594,VP0156,Gold,G02,CS2,L007,CS2 Summer 2025,T032,Titans Delhi,TTD32,M150,Mumbai,E1496,1,,,,,,PF0977,0.00,181,10.10,,
P0157,Aman,Singh,RapidAman7,amansingh0157@estcgp.gg,India,4879,VP0157,Gold,G02,CS2,L007,CS2 Summer 2025,T032,Titans Delhi,TTD32,M150,Mumbai,E1497,2,,,,,,PF0978,9.00,614,71.35,,
P0158,Sara,Singh,StormSara10,sarasingh0158@estcgp.gg,India,4430,VP0158,Gold,G02,CS2,L007,CS2 Summer 2025,T032,Titans Delhi,TTD32,M150,Mumbai,E1498,3,,,,,,PF0979,8.96,227,81.45,,
P0159,Riya,Yadav,HyperRiya63,riyayadav0159@estcgp.gg,USA,2293,VP0159,Silver,G02,CS2,L007,CS2 Summer 2025,T032,Titans Delhi,TTD32,M150,Mumbai,E1499,4,,,,,,PF0980,7.81,666,0.39,V0217,Other
P0160,Sara,Khan,VortexSara24,sarakhan0160@estcgp.gg,USA,822,VP0160,Silver,G02,CS2,L007,CS2 Summer 2025,T032,Titans Delhi,TTD32,M150,Mumbai,E1500,5,,,,,,PF0981,2.03,264,23.27,V0218,Aimbot
P0436,Sam,Yadav,CyberSam50,samyadav0436@estcgp.gg,India,2252,VP0436,Gold,G02,CS2,L008,CS2 World 2025,T088,Apex Singapore,AXS88,M151,Frankfurt,E1501,1,,,,,,,,,,,
P0437,John,Patel,OmegaJohn70,johnpatel0437@estcgp.gg,India,2541,VP0437,Bronze,G02,CS2,L008,CS2 World 2025,T088,Apex Singapore,AXS88,M151,Frankfurt,E1502,2,,,,,,,,,,,
P0438,Aman,Singh,DragonAman87,amansingh0438@estcgp.gg,India,272,VP0438,Silver,G02,CS2,L008,CS2 World 2025,T088,Apex Singapore,AXS88,M151,Frankfurt,E1503,3,,,,,,,,,,,
P0439,Aman,Singh,CyberAman61,amansingh0439@estcgp.gg,India,2984,VP0439,Bronze,G02,CS2,L008,CS2 World 2025,T088,Apex Singapore,AXS88,M151,Frankfurt,E1504,4,,,,,,,,,,,
P0440,Riya,Yadav,DragonRiya59,riyayadav0440@estcgp.gg,India,3621,VP0440,Gold,G02,CS2,L008,CS2 World 2025,T088,Apex Singapore,AXS88,M151,Frankfurt,E1505,5,,,,,,,,,,,
P0301,Aman,Khan,NexusAman48,amankhan0301@estcgp.gg,India,1404,VP0301,Bronze,G02,CS2,L008,CS2 World 2025,T061,Knights Mumbai,KNM61,M151,Frankfurt,E1506,1,,,,,,,,,,,
P0302,Riya,Singh,NeonRiya85,riyasingh0302@estcgp.gg,India,2850,VP0302,Silver,G02,CS2,L008,CS2 World 2025,T061,Knights Mumbai,KNM61,M151,Frankfurt,E1507,2,,,,,,,,,,,
P0303,Alex,Khan,KnightAlex56,alexkhan0303@estcgp.gg,India,2742,VP0303,Silver,G02,CS2,L008,CS2 World 2025,T061,Knights Mumbai,KNM61,M151,Frankfurt,E1508,3,,,,,,,,,,,
P0304,Aman,Patel,GhostAman56,amanpatel0304@estcgp.gg,USA,2510,VP0304,Gold,G02,CS2,L008,CS2 World 2025,T061,Knights Mumbai,KNM61,M151,Frankfurt,E1509,4,,,,,,,,,,,
P0305,Sam,Patel,LunaSam18,sampatel0305@estcgp.gg,India,12,VP0305,Silver,G02,CS2,L008,CS2 World 2025,T061,Knights Mumbai,KNM61,M151,Frankfurt,E1510,5,,,,,,,,,,,
P0156,Alex,Singh,QuantumAlex40,alexsingh0156@estcgp.gg,India,3594,VP0156,Gold,G03,Dota2,L009,Dota2 Open 2025,T032,Titans Delhi,TTD32,M152,Singapore,E1511,1,,,,,,,,,,,
P0157,Aman,Singh,RapidAman7,amansingh0157@estcgp.gg,India,4879,VP0157,Gold,G03,Dota2,L009,Dota2 Open 2025,T032,Titans Delhi,TTD32,M152,Singapore,E1512,2,,,,,,,,,,,
P0158,Sara,Singh,StormSara10,sarasingh0158@estcgp.gg,India,4430,VP0158,Gold,G03,Dota2,L009,Dota2 Open 2025,T032,Titans Delhi,TTD32,M152,Singapore,E1513,3,,,,,,,,,,,
P0159,Riya,Yadav,HyperRiya63,riyayadav0159@estcgp.gg,USA,2293,VP0159,Silver,G03,Dota2,L009,Dota2 Open 2025,T032,Titans Delhi,TTD32,M152,Singapore,E1514,4,,,,,,,,,,,
P0160,Sara,Khan,VortexSara24,sarakhan0160@estcgp.gg,USA,822,VP0160,Silver,G03,Dota2,L009,Dota2 Open 2025,T032,Titans Delhi,TTD32,M152,Singapore,E1515,5,,,,,,,,,,,
P0391,Aman,Taylor,NitroAman43,amantaylor0391@estcgp.gg,India,911,VP0391,Platinum,G03,Dota2,L009,Dota2 Open 2025,T079,Raiders Frankfurt,RDF79,M152,Singapore,E1516,1,,,,,,,,,,,
P0392,Sara,Patel,CrimsonSara64,sarapatel0392@estcgp.gg,India,1271,VP0392,Silver,G03,Dota2,L009,Dota2 Open 2025,T079,Raiders Frankfurt,RDF79,M152,Singapore,E1517,2,,,,,,,,,,,
P0393,Sam,Singh,NitroSam46,samsingh0393@estcgp.gg,India,2714,VP0393,Gold,G03,Dota2,L009,Dota2 Open 2025,T079,Raiders Frankfurt,RDF79,M152,Singapore,E1518,3,,,,,,,,,,,
P0394,Sam,Davis,VortexSam35,samdavis0394@estcgp.gg,India,2528,VP0394,Bronze,G03,Dota2,L009,Dota2 Open 2025,T079,Raiders Frankfurt,RDF79,M152,Singapore,E1519,4,,,,,,,,,,,
P0395,Riya,Patel,LunaRiya42,riyapatel0395@estcgp.gg,India,3714,VP0395,Gold,G03,Dota2,L009,Dota2 Open 2025,T079,Raiders Frankfurt,RDF79,M152,Singapore,E1520,5,,,,,,,,,,,
P0301,Aman,Khan,NexusAman48,amankhan0301@estcgp.gg,India,1404,VP0301,Bronze,G03,Dota2,L010,Dota2 Spring 2025,T061,Knights Mumbai,KNM61,M153,Tokyo,E1521,1,PO0784,26822.11,TX0784,Wallet,Paid,PF0982,7.45,670,22.47,,
P0302,Riya,Singh,NeonRiya85,riyasingh0302@estcgp.gg,India,2850,VP0302,Silver,G03,Dota2,L010,Dota2 Spring 2025,T061,Knights Mumbai,KNM61,M153,Tokyo,E1522,2,PO0785,20723.35,TX0785,Wallet,Paid,PF0983,0.00,130,97.26,,
P0303,Alex,Khan,KnightAlex56,alexkhan0303@estcgp.gg,India,2742,VP0303,Silver,G03,Dota2,L010,Dota2 Spring 2025,T061,Knights Mumbai,KNM61,M153,Tokyo,E1523,3,PO0786,27252.55,TX0786,Bank,Paid,PF0984,0.55,675,76.12,,
P0304,Aman,Patel,GhostAman56,amanpatel0304@estcgp.gg,USA,2510,VP0304,Gold,G03,Dota2,L010,Dota2 Spring 2025,T061,Knights Mumbai,KNM61,M153,Tokyo,E1524,4,PO0787,5517.94,TX0787,Wallet,Failed,PF0985,6.81,327,16.16,,
P0305,Sam,Patel,LunaSam18,sampatel0305@estcgp.gg,India,12,VP0305,Silver,G03,Dota2,L010,Dota2 Spring 2025,T061,Knights Mumbai,KNM61,M153,Tokyo,E1525,5,PO0788,12347.13,TX0788,Bank,Paid,PF0986,8.37,178,91.22,,
P0121,John,Khan,PixelJohn56,johnkhan0121@estcgp.gg,India,4476,VP0121,Gold,G03,Dota2,L010,Dota2 Spring 2025,T025,Dragons Bengaluru,DGB25,M153,Tokyo,E1526,1,PO0789,47431.03,TX0789,UPI,Paid,PF0987,4.90,607,70.00,,
P0122,Sara,Khan,ApexSara27,sarakhan0122@estcgp.gg,India,2372,VP0122,Gold,G03,Dota2,L010,Dota2 Spring 2025,T025,Dragons Bengaluru,DGB25,M153,Tokyo,E1527,2,PO0790,652.18,TX0790,Crypto,Paid,PF0988,4.61,254,69.07,V0219,Aimbot
P0123,Sara,Taylor,LunaSara12,sarataylor0123@estcgp.gg,India,267,VP0123,Bronze,G03,Dota2,L010,Dota2 Spring 2025,T025,Dragons Bengaluru,DGB25,M153,Tokyo,E1528,3,PO0791,36412.67,TX0791,Bank,Paid,PF0989,1.58,634,100.00,,
P0124,Sara,Martin,IronSara66,saramartin0124@estcgp.gg,USA,1871,VP0124,Silver,G03,Dota2,L010,Dota2 Spring 2025,T025,Dragons Bengaluru,DGB25,M153,Tokyo,E1529,4,PO0792,36476.27,TX0792,Bank,Paid,PF0990,4.95,89,100.00,,
P0125,Riya,Yadav,HyperRiya89,riyayadav0125@estcgp.gg,India,2388,VP0125,Bronze,G03,Dota2,L010,Dota2 Spring 2025,T025,Dragons Bengaluru,DGB25,M153,Tokyo,E1530,5,PO0793,7265.14,TX0793,Wallet,SUCCESS,PF0991,1.63,184,40.27,V0220,Wallhack
P0391,Aman,Taylor,NitroAman43,amantaylor0391@estcgp.gg,India,911,VP0391,Platinum,G03,Dota2,L011,Dota2 Summer 2025,T079,Raiders Frankfurt,RDF79,M154,London,E1531,1,PO0794,28628.50,TX0794,UPI,SUCCESS,PF0992,5.63,17,75.40,,
P0392,Sara,Patel,CrimsonSara64,sarapatel0392@estcgp.gg,India,1271,VP0392,Silver,G03,Dota2,L011,Dota2 Summer 2025,T079,Raiders Frankfurt,RDF79,M154,London,E1532,2,PO0795,36240.22,TX0795,Bank,Paid,PF0993,0.00,370,51.88,,
P0393,Sam,Singh,NitroSam46,samsingh0393@estcgp.gg,India,2714,VP0393,Gold,G03,Dota2,L011,Dota2 Summer 2025,T079,Raiders Frankfurt,RDF79,M154,London,E1533,3,PO0796,23436.54,TX0796,Wallet,Paid,PF0994,0.00,634,50.88,,
P0394,Sam,Davis,VortexSam35,samdavis0394@estcgp.gg,India,2528,VP0394,Bronze,G03,Dota2,L011,Dota2 Summer 2025,T079,Raiders Frankfurt,RDF79,M154,London,E1534,4,PO0797,34595.49,TX0797,Crypto,Paid,PF0995,0.00,477,70.11,V0221,Wallhack
P0395,Riya,Patel,LunaRiya42,riyapatel0395@estcgp.gg,India,3714,VP0395,Gold,G03,Dota2,L011,Dota2 Summer 2025,T079,Raiders Frankfurt,RDF79,M154,London,E1535,5,PO0798,33585.62,TX0798,Wallet,Paid,PF0996,0.00,417,86.84,,
P0581,Aman,Khan,GhostAman3,amankhan0581@estcgp.gg,India,3353,VP0581,Bronze,G03,Dota2,L011,Dota2 Summer 2025,T117,Pulse Tokyo,PLT117,M154,London,E1536,1,PO0799,3644.38,TX0799,Crypto,Paid,PF0997,2.78,37,86.14,,
P0582,Riya,Yadav,NeonRiya25,riyayadav0582@estcgp.gg,India,2020,VP0582,Gold,G03,Dota2,L011,Dota2 Summer 2025,T117,Pulse Tokyo,PLT117,M154,London,E1537,2,PO0800,27370.51,TX0800,Wallet,SUCCESS,PF0998,6.98,575,47.63,,
P0583,Alex,Patel,PhoenixAlex18,alexpatel0583@estcgp.gg,India,3786,VP0583,Gold,G03,Dota2,L011,Dota2 Summer 2025,T117,Pulse Tokyo,PLT117,M154,London,E1538,3,PO0801,633.28,TX0801,UPI,SUCCESS,PF0999,1.25,627,100.00,,
P0584,Sara,Singh,StormSara55,sarasingh0584@estcgp.gg,India,3231,VP0584,Silver,G03,Dota2,L011,Dota2 Summer 2025,T117,Pulse Tokyo,PLT117,M154,London,E1539,4,PO0802,215.88,TX0802,UPI,Paid,PF1000,0.00,537,100.00,,
P0585,Riya,Khan,HyperRiya61,riyakhan0585@estcgp.gg,USA,311,VP0585,Bronze,G03,Dota2,L011,Dota2 Summer 2025,T117,Pulse Tokyo,PLT117,M154,London,E1540,5,PO0803,11523.71,TX0803,UPI,Paid,PF1001,1.30,22,38.21,,
P0121,John,Khan,PixelJohn56,johnkhan0121@estcgp.gg,India,4476,VP0121,Gold,G03,Dota2,L012,Dota2 World 2025,T025,Dragons Bengaluru,DGB25,M155,Mumbai,E1541,1,PO0804,29018.44,TX0804,Crypto,Paid,PF1002,1.47,616,68.90,V0222,Wallhack
P0122,Sara,Khan,ApexSara27,sarakhan0122@estcgp.gg,India,2372,VP0122,Gold,G03,Dota2,L012,Dota2 World 2025,T025,Dragons Bengaluru,DGB25,M155,Mumbai,E1542,2,PO0805,29702.33,TX0805,PayPal,SUCCESS,PF1003,0.81,503,85.18,,
P0123,Sara,Taylor,LunaSara12,sarataylor0123@estcgp.gg,India,267,VP0123,Bronze,G03,Dota2,L012,Dota2 World 2025,T025,Dragons Bengaluru,DGB25,M155,Mumbai,E1543,3,PO0806,2155.81,TX0806,Bank,Paid,PF1004,8.11,546,15.64,,
P0124,Sara,Martin,IronSara66,saramartin0124@estcgp.gg,USA,1871,VP0124,Silver,G03,Dota2,L012,Dota2 World 2025,T025,Dragons Bengaluru,DGB25,M155,Mumbai,E1544,4,PO0807,13550.38,TX0807,UPI,Paid,PF1005,4.93,582,100.00,,
P0125,Riya,Yadav,HyperRiya89,riyayadav0125@estcgp.gg,India,2388,VP0125,Bronze,G03,Dota2,L012,Dota2 World 2025,T025,Dragons Bengaluru,DGB25,M155,Mumbai,E1545,5,PO0808,10272.69,TX0808,Bank,Paid,PF1006,3.77,541,71.93,,
P0381,Riya,Singh,ViperRiya67,riyasingh0381@estcgp.gg,India,2954,VP0381,Gold,G03,Dota2,L012,Dota2 World 2025,T077,Raiders Tokyo,RDT77,M155,Mumbai,E1546,1,PO0809,1646.34,TX0809,Bank,Paid,PF1007,8.04,157,44.98,,
P0382,Aman,Brown,NeonAman81,amanbrown0382@estcgp.gg,India,2923,VP0382,Bronze,G03,Dota2,L012,Dota2 World 2025,T077,Raiders Tokyo,RDT77,M155,Mumbai,E1547,2,PO0810,13794.30,TX0810,Wallet,Paid,PF1008,9.00,105,100.00,,
P0383,Sam,Khan,CrimsonSam69,samkhan0383@estcgp.gg,India,2091,VP0383,Silver,G03,Dota2,L012,Dota2 World 2025,T077,Raiders Tokyo,RDT77,M155,Mumbai,E1548,3,PO0811,45266.04,TX0811,UPI,Paid,PF1009,7.41,2,100.00,V0223,Wallhack
P0384,Aman,Yadav,CrimsonAman60,amanyadav0384@estcgp.gg,India,2572,VP0384,Silver,G03,Dota2,L012,Dota2 World 2025,T077,Raiders Tokyo,RDT77,M155,Mumbai,E1549,4,PO0812,26436.37,TX0812,Crypto,Paid,PF1010,0.65,150,32.56,,
P0385,John,Khan,NeonJohn27,johnkhan0385@estcgp.gg,India,2864,VP0385,Bronze,G03,Dota2,L012,Dota2 World 2025,T077,Raiders Tokyo,RDT77,M155,Mumbai,E1550,5,PO0813,22877.85,TX0813,Crypto,Paid,PF1011,6.55,208,41.39,,
P0581,Aman,Khan,GhostAman3,amankhan0581@estcgp.gg,India,3353,VP0581,Bronze,G01,Valorant,L013,Valorant Open 2026,T117,Pulse Tokyo,PLT117,M156,Frankfurt,E1551,1,PO0814,47503.44,TX0814,Wallet,Paid,PF1012,0.00,242,88.94,,
P0582,Riya,Yadav,NeonRiya25,riyayadav0582@estcgp.gg,India,2020,VP0582,Gold,G01,Valorant,L013,Valorant Open 2026,T117,Pulse Tokyo,PLT117,M156,Frankfurt,E1552,2,PO0815,29697.72,TX0815,Wallet,Paid,PF1013,7.77,420,19.27,V0224,TriggerBot
P0583,Alex,Patel,PhoenixAlex18,alexpatel0583@estcgp.gg,India,3786,VP0583,Gold,G01,Valorant,L013,Valorant Open 2026,T117,Pulse Tokyo,PLT117,M156,Frankfurt,E1553,3,PO0816,42599.21,TX0816,Bank,Paid,PF1014,0.00,567,41.62,,
P0584,Sara,Singh,StormSara55,sarasingh0584@estcgp.gg,India,3231,VP0584,Silver,G01,Valorant,L013,Valorant Open 2026,T117,Pulse Tokyo,PLT117,M156,Frankfurt,E1554,4,PO0817,43963.16,TX0817,Crypto,Paid,PF1015,4.73,202,64.42,,
P0585,Riya,Khan,HyperRiya61,riyakhan0585@estcgp.gg,USA,311,VP0585,Bronze,G01,Valorant,L013,Valorant Open 2026,T117,Pulse Tokyo,PLT117,M156,Frankfurt,E1555,5,PO0818,3860.39,TX0818,Bank,Paid,PF1016,1.50,402,100.00,V0225,Aimbot
P0211,John,Yadav,ApexJohn69,johnyadav0211@estcgp.gg,India,431,VP0211,Gold,G01,Valorant,L013,Valorant Open 2026,T043,Storm Pune,STP43,M156,Frankfurt,E1556,1,,,,,,PF1017,5.32,331,98.93,,
P0212,Alex,Davis,WolfAlex50,alexdavis0212@estcgp.gg,India,1993,VP0212,Bronze,G01,Valorant,L013,Valorant Open 2026,T043,Storm Pune,STP43,M156,Frankfurt,E1557,2,PO0819,23891.72,TX0819,Wallet,Paid,PF1018,5.46,289,4.10,,
P0213,Riya,Singh,CyberRiya54,riyasingh0213@estcgp.gg,USA,2868,VP0213,Silver,G01,Valorant,L013,Valorant Open 2026,T043,Storm Pune,STP43,M156,Frankfurt,E1558,3,PO0820,12517.63,TX0820,Wallet,Paid,PF1019,0.00,415,67.42,,
P0214,Aman,Patel,GhostAman90,amanpatel0214@estcgp.gg,USA,4783,VP0214,Silver,G01,Valorant,L013,Valorant Open 2026,T043,Storm Pune,STP43,M156,Frankfurt,E1559,4,PO0821,19615.69,TX0821,UPI,Paid,PF1020,2.93,557,86.68,,
P0215,Sam,Yadav,NovaSam17,samyadav0215@estcgp.gg,India,1676,VP0215,Gold,G01,Valorant,L013,Valorant Open 2026,T043,Storm Pune,STP43,M156,Frankfurt,E1560,5,PO0822,21012.04,TX0822,Wallet,Paid,PF1021,0.93,89,1.95,,
P0381,Riya,Singh,ViperRiya67,riyasingh0381@estcgp.gg,India,2954,VP0381,Gold,G01,Valorant,L014,Valorant Spring 2026,T077,Raiders Tokyo,RDT77,M157,Singapore,E1561,1,PO0823,4858.45,TX0823,Crypto,Paid,PF1022,8.75,123,67.57,,
P0382,Aman,Brown,NeonAman81,amanbrown0382@estcgp.gg,India,2923,VP0382,Bronze,G01,Valorant,L014,Valorant Spring 2026,T077,Raiders Tokyo,RDT77,M157,Singapore,E1562,2,,,,,,,,,,,
P0383,Sam,Khan,CrimsonSam69,samkhan0383@estcgp.gg,India,2091,VP0383,Silver,G01,Valorant,L014,Valorant Spring 2026,T077,Raiders Tokyo,RDT77,M157,Singapore,E1563,3,PO0824,10894.07,TX0824,Wallet,Paid,PF1023,7.61,658,12.70,V0226,Wallhack
P0384,Aman,Yadav,CrimsonAman60,amanyadav0384@estcgp.gg,India,2572,VP0384,Silver,G01,Valorant,L014,Valorant Spring 2026,T077,Raiders Tokyo,RDT77,M157,Singapore,E1564,4,PO0825,23313.60,TX0825,UPI,SUCCESS,PF1024,0.00,466,51.51,V0227,Wallhack
P0385,John,Khan,NeonJohn27,johnkhan0385@estcgp.gg,India,2864,VP0385,Bronze,G01,Valorant,L014,Valorant Spring 2026,T077,Raiders Tokyo,RDT77,M157,Singapore,E1565,5,PO0826,18176.75,TX0826,Bank,Pending,PF1025,2.80,340,73.94,,
P0251,John,Patel,NovaJohn51,johnpatel0251@estcgp.gg,India,359,VP0251,Bronze,G01,Valorant,L014,Valorant Spring 2026,T051,Wolves Mumbai,WVM51,M157,Singapore,E1566,1,PO0827,35120.70,TX0827,UPI,Paid,PF1026,0.18,118,43.85,,
P0252,John,Singh,GhostJohn49,johnsingh0252@estcgp.gg,India,1408,VP0252,Silver,G01,Valorant,L014,Valorant Spring 2026,T051,Wolves Mumbai,WVM51,M157,Singapore,E1567,2,PO0828,29232.54,TX0828,PayPal,Cancelled,PF1027,8.63,125,55.29,,
P0253,Sara,Yadav,KnightSara79,sarayadav0253@estcgp.gg,India,431,VP0253,Gold,G01,Valorant,L014,Valorant Spring 2026,T051,Wolves Mumbai,WVM51,M157,Singapore,E1568,3,,,,,,,,,,,
P0254,Aman,Singh,GhostAman83,amansingh0254@estcgp.gg,India,520,VP0254,Bronze,G01,Valorant,L014,Valorant Spring 2026,T051,Wolves Mumbai,WVM51,M157,Singapore,E1569,4,PO0829,18792.30,TX0829,Wallet,SUCCESS,PF1028,5.60,293,83.81,,
P0255,Alex,Desai,ApexAlex48,alexdesai0255@estcgp.gg,India,2997,VP0255,Platinum,G01,Valorant,L014,Valorant Spring 2026,T051,Wolves Mumbai,WVM51,M157,Singapore,E1570,5,PO0830,6614.28,TX0830,UPI,Paid,PF1029,1.21,228,51.04,,
P0211,John,Yadav,ApexJohn69,johnyadav0211@estcgp.gg,India,431,VP0211,Gold,G01,Valorant,L015,Valorant Summer 2026,T043,Storm Pune,STP43,M158,Tokyo,E1571,1,,,,,,,,,,,
P0212,Alex,Davis,WolfAlex50,alexdavis0212@estcgp.gg,India,1993,VP0212,Bronze,G01,Valorant,L015,Valorant Summer 2026,T043,Storm Pune,STP43,M158,Tokyo,E1572,2,,,,,,,,,,,
P0213,Riya,Singh,CyberRiya54,riyasingh0213@estcgp.gg,USA,2868,VP0213,Silver,G01,Valorant,L015,Valorant Summer 2026,T043,Storm Pune,STP43,M158,Tokyo,E1573,3,,,,,,,,,,,
P0214,Aman,Patel,GhostAman90,amanpatel0214@estcgp.gg,USA,4783,VP0214,Silver,G01,Valorant,L015,Valorant Summer 2026,T043,Storm Pune,STP43,M158,Tokyo,E1574,4,,,,,,,,,,,
P0215,Sam,Yadav,NovaSam17,samyadav0215@estcgp.gg,India,1676,VP0215,Gold,G01,Valorant,L015,Valorant Summer 2026,T043,Storm Pune,STP43,M158,Tokyo,E1575,5,,,,,,,,,,,
P0486,John,Iyer,ViperJohn81,johniyer0486@estcgp.gg,India,198,VP0486,Bronze,G01,Valorant,L015,Valorant Summer 2026,T098,Vortex Singapore,VXS98,M158,Tokyo,E1576,1,,,,,,,,,,,
P0487,Sam,Patel,QuantumSam71,sampatel0487@estcgp.gg,India,4253,VP0487,Silver,G01,Valorant,L015,Valorant Summer 2026,T098,Vortex Singapore,VXS98,M158,Tokyo,E1577,2,,,,,,,,,,,
P0488,Sara,Yadav,NovaSara1,sarayadav0488@estcgp.gg,India,764,VP0488,Bronze,G01,Valorant,L015,Valorant Summer 2026,T098,Vortex Singapore,VXS98,M158,Tokyo,E1578,3,,,,,,,,,,,
P0489,Riya,Singh,PrimeRiya73,riyasingh0489@estcgp.gg,India,1958,VP0489,Gold,G01,Valorant,L015,Valorant Summer 2026,T098,Vortex Singapore,VXS98,M158,Tokyo,E1579,4,,,,,,,,,,,
P0490,Aman,Singh,QuantumAman47,amansingh0490@estcgp.gg,India,1942,VP0490,Bronze,G01,Valorant,L015,Valorant Summer 2026,T098,Vortex Singapore,VXS98,M158,Tokyo,E1580,5,,,,,,,,,,,
P0251,John,Patel,NovaJohn51,johnpatel0251@estcgp.gg,India,359,VP0251,Bronze,G01,Valorant,L016,Valorant World 2026,T051,Wolves Mumbai,WVM51,M159,London,E1581,1,,,,,,PF1030,4.55,589,23.88,V0228,SpeedHack
P0252,John,Singh,GhostJohn49,johnsingh0252@estcgp.gg,India,1408,VP0252,Silver,G01,Valorant,L016,Valorant World 2026,T051,Wolves Mumbai,WVM51,M159,London,E1582,2,,,,,,PF1031,4.72,582,1.00,,
P0253,Sara,Yadav,KnightSara79,sarayadav0253@estcgp.gg,India,431,VP0253,Gold,G01,Valorant,L016,Valorant World 2026,T051,Wolves Mumbai,WVM51,M159,London,E1583,3,,,,,,PF1032,0.79,373,100.00,,
P0254,Aman,Singh,GhostAman83,amansingh0254@estcgp.gg,India,520,VP0254,Bronze,G01,Valorant,L016,Valorant World 2026,T051,Wolves Mumbai,WVM51,M159,London,E1584,4,,,,,,PF1033,0.00,124,100.00,,
P0255,Alex,Desai,ApexAlex48,alexdesai0255@estcgp.gg,India,2997,VP0255,Platinum,G01,Valorant,L016,Valorant World 2026,T051,Wolves Mumbai,WVM51,M159,London,E1585,5,,,,,,PF1034,5.91,0,46.18,,
P0411,Alex,Khan,IronAlex4,alexkhan0411@estcgp.gg,USA,654,VP0411,Gold,G01,Valorant,L016,Valorant World 2026,T083,Apex Pune,AXP83,M159,London,E1586,1,,,,,,PF1035,2.10,248,1.68,V0229,Wallhack
P0412,Alex,Khan,NitroAlex59,alexkhan0412@estcgp.gg,India,2439,VP0412,Bronze,G01,Valorant,L016,Valorant World 2026,T083,Apex Pune,AXP83,M159,London,E1587,2,,,,,,PF1036,1.33,433,80.83,,
P0413,Aman,Yadav,NitroAman86,amanyadav0413@estcgp.gg,India,907,VP0413,Gold,G01,Valorant,L016,Valorant World 2026,T083,Apex Pune,AXP83,M159,London,E1588,3,,,,,,PF1037,7.83,493,48.70,V0230,Wallhack
P0414,John,Khan,SilentJohn61,johnkhan0414@estcgp.gg,India,3544,VP0414,Silver,G01,Valorant,L016,Valorant World 2026,T083,Apex Pune,AXP83,M159,London,E1589,4,,,,,,PF1038,4.78,417,100.00,,
P0415,Riya,Patel,KnightRiya48,riyapatel0415@estcgp.gg,India,3619,VP0415,Silver,G01,Valorant,L016,Valorant World 2026,T083,Apex Pune,AXP83,M159,London,E1590,5,,,,,,PF1039,5.49,491,87.71,,
P0486,John,Iyer,ViperJohn81,johniyer0486@estcgp.gg,India,198,VP0486,Bronze,G02,CS2,L017,CS2 Open 2026,T098,Vortex Singapore,VXS98,M160,Mumbai,E1591,1,,,,,,,,,,,
P0487,Sam,Patel,QuantumSam71,sampatel0487@estcgp.gg,India,4253,VP0487,Silver,G02,CS2,L017,CS2 Open 2026,T098,Vortex Singapore,VXS98,M160,Mumbai,E1592,2,,,,,,,,,,,
P0488,Sara,Yadav,NovaSara1,sarayadav0488@estcgp.gg,India,764,VP0488,Bronze,G02,CS2,L017,CS2 Open 2026,T098,Vortex Singapore,VXS98,M160,Mumbai,E1593,3,,,,,,,,,,,
P0489,Riya,Singh,PrimeRiya73,riyasingh0489@estcgp.gg,India,1958,VP0489,Gold,G02,CS2,L017,CS2 Open 2026,T098,Vortex Singapore,VXS98,M160,Mumbai,E1594,4,,,,,,,,,,,
P0490,Aman,Singh,QuantumAman47,amansingh0490@estcgp.gg,India,1942,VP0490,Bronze,G02,CS2,L017,CS2 Open 2026,T098,Vortex Singapore,VXS98,M160,Mumbai,E1595,5,,,,,,,,,,,
P0496,Alex,Singh,StormAlex7,alexsingh0496@estcgp.gg,India,1976,VP0496,Gold,G02,CS2,L017,CS2 Open 2026,T100,Vortex London,VXL100,M160,Mumbai,E1596,1,,,,,,,,,,,
P0497,Sam,Sharma,RapidSam99,samsharma0497@estcgp.gg,USA,1225,VP0497,Bronze,G02,CS2,L017,CS2 Open 2026,T100,Vortex London,VXL100,M160,Mumbai,E1597,2,,,,,,,,,,,
P0498,Sara,Brown,HyperSara11,sarabrown0498@estcgp.gg,India,3891,VP0498,Gold,G02,CS2,L017,CS2 Open 2026,T100,Vortex London,VXL100,M160,Mumbai,E1598,3,,,,,,,,,,,
P0499,Sam,Singh,TitanSam92,samsingh0499@estcgp.gg,India,3043,VP0499,Bronze,G02,CS2,L017,CS2 Open 2026,T100,Vortex London,VXL100,M160,Mumbai,E1599,4,,,,,,,,,,,
P0500,Riya,Patel,LunaRiya93,riyapatel0500@estcgp.gg,India,1145,VP0500,Bronze,G02,CS2,L017,CS2 Open 2026,T100,Vortex London,VXL100,M160,Mumbai,E1600,5,,,,,,,,,,,
P0411,Alex,Khan,IronAlex4,alexkhan0411@estcgp.gg,USA,654,VP0411,Gold,G02,CS2,L018,CS2 Spring 2026,T083,Apex Pune,AXP83,M161,Frankfurt,E1601,1,,,,,,,,,,,
P0412,Alex,Khan,NitroAlex59,alexkhan0412@estcgp.gg,India,2439,VP0412,Bronze,G02,CS2,L018,CS2 Spring 2026,T083,Apex Pune,AXP83,M161,Frankfurt,E1602,2,,,,,,,,,,,
P0413,Aman,Yadav,NitroAman86,amanyadav0413@estcgp.gg,India,907,VP0413,Gold,G02,CS2,L018,CS2 Spring 2026,T083,Apex Pune,AXP83,M161,Frankfurt,E1603,3,,,,,,,,,,,
P0414,John,Khan,SilentJohn61,johnkhan0414@estcgp.gg,India,3544,VP0414,Silver,G02,CS2,L018,CS2 Spring 2026,T083,Apex Pune,AXP83,M161,Frankfurt,E1604,4,,,,,,,,,,,
P0415,Riya,Patel,KnightRiya48,riyapatel0415@estcgp.gg,India,3619,VP0415,Silver,G02,CS2,L018,CS2 Spring 2026,T083,Apex Pune,AXP83,M161,Frankfurt,E1605,5,,,,,,,,,,,
P0511,Aman,Patel,NitroAman60,amanpatel0511@estcgp.gg,USA,3711,VP0511,Silver,G02,CS2,L018,CS2 Spring 2026,T103,Nexus Pune,NXP103,M161,Frankfurt,E1606,1,,,,,,,,,,,
P0512,Sam,Davis,NovaSam19,samdavis0512@estcgp.gg,India,4135,VP0512,Silver,G02,CS2,L018,CS2 Spring 2026,T103,Nexus Pune,NXP103,M161,Frankfurt,E1607,2,,,,,,,,,,,
P0513,Riya,Khan,IronRiya34,riyakhan0513@estcgp.gg,India,1745,VP0513,Gold,G02,CS2,L018,CS2 Spring 2026,T103,Nexus Pune,NXP103,M161,Frankfurt,E1608,3,,,,,,,,,,,
P0514,Aman,Khan,HyperAman71,amankhan0514@estcgp.gg,India,3351,VP0514,Gold,G02,CS2,L018,CS2 Spring 2026,T103,Nexus Pune,NXP103,M161,Frankfurt,E1609,4,,,,,,,,,,,
P0515,John,Khan,WolfJohn89,johnkhan0515@estcgp.gg,India,533,VP0515,Bronze,G02,CS2,L018,CS2 Spring 2026,T103,Nexus Pune,NXP103,M161,Frankfurt,E1610,5,,,,,,,,,,,
P0496,Alex,Singh,StormAlex7,alexsingh0496@estcgp.gg,India,1976,VP0496,Gold,G02,CS2,L019,CS2 Summer 2026,T100,Vortex London,VXL100,M162,Singapore,E1611,1,PO0831,28417.95,TX0831,Crypto,Paid,PF1040,0.00,195,34.80,,
P0497,Sam,Sharma,RapidSam99,samsharma0497@estcgp.gg,USA,1225,VP0497,Bronze,G02,CS2,L019,CS2 Summer 2026,T100,Vortex London,VXL100,M162,Singapore,E1612,2,PO0832,3607.67,TX0832,Wallet,Paid,PF1041,8.27,613,15.70,,
P0498,Sara,Brown,HyperSara11,sarabrown0498@estcgp.gg,India,3891,VP0498,Gold,G02,CS2,L019,CS2 Summer 2026,T100,Vortex London,VXL100,M162,Singapore,E1613,3,PO0833,37198.64,TX0833,Bank,SUCCESS,PF1042,6.23,489,7.94,,
P0499,Sam,Singh,TitanSam92,samsingh0499@estcgp.gg,India,3043,VP0499,Bronze,G02,CS2,L019,CS2 Summer 2026,T100,Vortex London,VXL100,M162,Singapore,E1614,4,PO0834,18902.46,TX0834,Bank,Paid,PF1043,6.47,0,11.15,,
P0500,Riya,Patel,LunaRiya93,riyapatel0500@estcgp.gg,India,1145,VP0500,Bronze,G02,CS2,L019,CS2 Summer 2026,T100,Vortex London,VXL100,M162,Singapore,E1615,5,PO0835,16688.86,TX0835,UPI,Paid,PF1044,1.61,209,51.79,V0231,Wallhack
P0396,Aman,Singh,ShadowAman44,amansingh0396@estcgp.gg,India,3263,VP0396,Gold,G02,CS2,L019,CS2 Summer 2026,T080,Raiders London,RDL80,M162,Singapore,E1616,1,PO0836,32685.52,TX0836,Bank,Paid,PF1045,5.04,382,100.00,,
P0397,Riya,Yadav,RapidRiya56,riyayadav0397@estcgp.gg,India,1856,VP0397,Gold,G02,CS2,L019,CS2 Summer 2026,T080,Raiders London,RDL80,M162,Singapore,E1617,2,PO0837,6663.08,TX0837,Crypto,Paid,PF1046,2.14,577,74.62,V0232,TriggerBot
P0398,Sam,Singh,VortexSam30,samsingh0398@estcgp.gg,India,378,VP0398,Gold,G02,CS2,L019,CS2 Summer 2026,T080,Raiders London,RDL80,M162,Singapore,E1618,3,PO0838,10247.27,TX0838,Crypto,Paid,PF1047,3.61,656,52.96,,
P0399,Alex,Yadav,VortexAlex80,alexyadav0399@estcgp.gg,India,3684,VP0399,Gold,G02,CS2,L019,CS2 Summer 2026,T080,Raiders London,RDL80,M162,Singapore,E1619,4,PO0839,17446.24,TX0839,UPI,Paid,PF1048,2.30,326,57.33,,
P0400,Aman,Khan,StormAman65,amankhan0400@estcgp.gg,USA,119,VP0400,Bronze,G02,CS2,L019,CS2 Summer 2026,T080,Raiders London,RDL80,M162,Singapore,E1620,5,PO0840,5822.20,TX0840,Wallet,Paid,PF1049,2.02,621,28.49,,
P0511,Aman,Patel,NitroAman60,amanpatel0511@estcgp.gg,USA,3711,VP0511,Silver,G02,CS2,L020,CS2 World 2026,T103,Nexus Pune,NXP103,M163,Tokyo,E1621,1,PO0841,959.92,TX0841,Wallet,Paid,PF1050,1.93,578,12.65,,
P0512,Sam,Davis,NovaSam19,samdavis0512@estcgp.gg,India,4135,VP0512,Silver,G02,CS2,L020,CS2 World 2026,T103,Nexus Pune,NXP103,M163,Tokyo,E1622,2,PO0842,19902.42,TX0842,Crypto,Paid,PF1051,8.58,62,82.02,V0233,Aimbot
P0513,Riya,Khan,IronRiya34,riyakhan0513@estcgp.gg,India,1745,VP0513,Gold,G02,CS2,L020,CS2 World 2026,T103,Nexus Pune,NXP103,M163,Tokyo,E1623,3,PO0843,25918.03,TX0843,Bank,Paid,PF1052,3.31,457,31.70,,
P0514,Aman,Khan,HyperAman71,amankhan0514@estcgp.gg,India,3351,VP0514,Gold,G02,CS2,L020,CS2 World 2026,T103,Nexus Pune,NXP103,M163,Tokyo,E1624,4,PO0844,6220.97,TX0844,Crypto,Paid,PF1053,7.33,116,24.44,,
P0515,John,Khan,WolfJohn89,johnkhan0515@estcgp.gg,India,533,VP0515,Bronze,G02,CS2,L020,CS2 World 2026,T103,Nexus Pune,NXP103,M163,Tokyo,E1625,5,PO0845,15576.90,TX0845,Wallet,Paid,PF1054,0.00,454,42.82,,
P0176,Alex,Khan,RogueAlex33,alexkhan0176@estcgp.gg,India,3422,VP0176,Bronze,G02,CS2,L020,CS2 World 2026,T036,Titans Chennai,TTC36,M163,Tokyo,E1626,1,,,,,,,,,,,
P0177,Sam,Kapoor,RogueSam22,samkapoor0177@estcgp.gg,India,3713,VP0177,Bronze,G02,CS2,L020,CS2 World 2026,T036,Titans Chennai,TTC36,M163,Tokyo,E1627,2,PO0846,8208.00,TX0846,UPI,Pending,PF1055,3.46,342,34.74,,
P0178,Alex,Singh,PulseAlex55,alexsingh0178@estcgp.gg,India,0,VP0178,Bronze,G02,CS2,L020,CS2 World 2026,T036,Titans Chennai,TTC36,M163,Tokyo,E1628,3,PO0847,26258.71,TX0847,UPI,Paid,PF1056,1.96,129,96.26,,
P0179,John,Patel,NovaJohn42,johnpatel0179@estcgp.gg,India,2398,VP0179,Gold,G02,CS2,L020,CS2 World 2026,T036,Titans Chennai,TTC36,M163,Tokyo,E1629,4,PO0848,11413.68,TX0848,Crypto,Paid,PF1057,2.55,152,4.49,V0234,Wallhack
P0180,John,Khan,PhoenixJohn72,johnkhan0180@estcgp.gg,India,23,VP0180,Silver,G02,CS2,L020,CS2 World 2026,T036,Titans Chennai,TTC36,M163,Tokyo,E1630,5,PO0849,1965.33,TX0849,UPI,Paid,PF1058,0.09,0,100.00,V0235,TriggerBot
P0396,Aman,Singh,ShadowAman44,amansingh0396@estcgp.gg,India,3263,VP0396,Gold,G03,Dota2,L021,Dota2 Open 2026,T080,Raiders London,RDL80,M164,London,E1631,1,PO0850,829.28,TX0850,UPI,Paid,PF1059,0.77,622,100.00,,
P0397,Riya,Yadav,RapidRiya56,riyayadav0397@estcgp.gg,India,1856,VP0397,Gold,G03,Dota2,L021,Dota2 Open 2026,T080,Raiders London,RDL80,M164,London,E1632,2,PO0851,46961.22,TX0851,PayPal,Paid,PF1060,0.00,613,13.72,,
P0398,Sam,Singh,VortexSam30,samsingh0398@estcgp.gg,India,378,VP0398,Gold,G03,Dota2,L021,Dota2 Open 2026,T080,Raiders London,RDL80,M164,London,E1633,3,PO0852,23331.49,TX0852,Bank,Paid,PF1061,8.63,398,100.00,,
P0399,Alex,Yadav,VortexAlex80,alexyadav0399@estcgp.gg,India,3684,VP0399,Gold,G03,Dota2,L021,Dota2 Open 2026,T080,Raiders London,RDL80,M164,London,E1634,4,PO0853,12915.57,TX0853,Bank,Paid,PF1062,7.16,596,37.36,,
P0400,Aman,Khan,StormAman65,amankhan0400@estcgp.gg,USA,119,VP0400,Bronze,G03,Dota2,L021,Dota2 Open 2026,T080,Raiders London,RDL80,M164,London,E1635,5,PO0854,6898.81,TX0854,Crypto,Paid,PF1063,4.55,88,19.71,,
P0426,Sara,Singh,IronSara53,sarasingh0426@estcgp.gg,India,418,VP0426,Silver,G03,Dota2,L021,Dota2 Open 2026,T086,Apex Chennai,AXC86,M164,London,E1636,1,PO0855,9567.52,TX0855,Bank,Paid,PF1064,0.59,552,100.00,,
P0427,Sam,Patel,SilentSam60,sampatel0427@estcgp.gg,India,674,VP0427,Silver,G03,Dota2,L021,Dota2 Open 2026,T086,Apex Chennai,AXC86,M164,London,E1637,2,PO0856,521.29,TX0856,Wallet,Paid,PF1065,6.31,106,100.00,V0236,Wallhack
P0428,Alex,Yadav,BlazeAlex28,alexyadav0428@estcgp.gg,India,2549,VP0428,Bronze,G03,Dota2,L021,Dota2 Open 2026,T086,Apex Chennai,AXC86,M164,London,E1638,3,PO0857,17246.48,TX0857,Wallet,SUCCESS,PF1066,4.93,365,88.60,,
P0429,John,Patel,GhostJohn98,johnpatel0429@estcgp.gg,India,4834,VP0429,Gold,G03,Dota2,L021,Dota2 Open 2026,T086,Apex Chennai,AXC86,M164,London,E1639,4,PO0858,19548.68,TX0858,Wallet,Paid,PF1067,6.75,485,47.12,,
P0430,Sam,Singh,TitanSam84,samsingh0430@estcgp.gg,USA,2050,VP0430,Bronze,G03,Dota2,L021,Dota2 Open 2026,T086,Apex Chennai,AXC86,M164,London,E1640,5,PO0859,16505.43,TX0859,Wallet,Failed,PF1068,7.31,590,10.92,V0237,Wallhack
P0176,Alex,Khan,RogueAlex33,alexkhan0176@estcgp.gg,India,3422,VP0176,Bronze,G03,Dota2,L022,Dota2 Spring 2026,T036,Titans Chennai,TTC36,M165,Mumbai,E1641,1,PO0860,6641.53,TX0860,Crypto,Paid,PF1069,0.00,87,100.00,,
P0177,Sam,Kapoor,RogueSam22,samkapoor0177@estcgp.gg,India,3713,VP0177,Bronze,G03,Dota2,L022,Dota2 Spring 2026,T036,Titans Chennai,TTC36,M165,Mumbai,E1642,2,PO0861,27705.28,TX0861,UPI,SUCCESS,PF1070,8.51,683,42.69,,
P0178,Alex,Singh,PulseAlex55,alexsingh0178@estcgp.gg,India,0,VP0178,Bronze,G03,Dota2,L022,Dota2 Spring 2026,T036,Titans Chennai,TTC36,M165,Mumbai,E1643,3,PO0862,17057.99,TX0862,UPI,Paid,PF1071,0.35,641,28.85,,
P0179,John,Patel,NovaJohn42,johnpatel0179@estcgp.gg,India,2398,VP0179,Gold,G03,Dota2,L022,Dota2 Spring 2026,T036,Titans Chennai,TTC36,M165,Mumbai,E1644,4,PO0863,20941.52,TX0863,Crypto,Paid,PF1072,7.12,30,97.35,V0238,Wallhack
P0180,John,Khan,PhoenixJohn72,johnkhan0180@estcgp.gg,India,23,VP0180,Silver,G03,Dota2,L022,Dota2 Spring 2026,T036,Titans Chennai,TTC36,M165,Mumbai,E1645,5,PO0864,7459.40,TX0864,Wallet,Pending,PF1073,7.52,296,25.59,,
P0266,Sam,Singh,RogueSam55,samsingh0266@estcgp.gg,USA,4629,VP0266,Silver,G03,Dota2,L022,Dota2 Spring 2026,T054,Wolves Hyderabad,WVH54,M165,Mumbai,E1646,1,PO0865,45516.26,TX0865,UPI,Paid,PF1074,0.12,89,38.81,,
P0267,Aman,Thomas,CyberAman66,amanthomas0267@estcgp.gg,India,398,VP0267,Silver,G03,Dota2,L022,Dota2 Spring 2026,T054,Wolves Hyderabad,WVH54,M165,Mumbai,E1647,2,PO0866,22888.32,TX0866,Wallet,Paid,PF1075,3.13,482,100.00,,
P0268,John,Singh,GhostJohn67,johnsingh0268@estcgp.gg,India,3928,VP0268,Silver,G03,Dota2,L022,Dota2 Spring 2026,T054,Wolves Hyderabad,WVH54,M165,Mumbai,E1648,3,PO0867,45614.46,TX0867,Wallet,SUCCESS,PF1076,8.07,389,57.04,,
P0269,John,Singh,CyberJohn44,johnsingh0269@estcgp.gg,India,4332,VP0269,Silver,G03,Dota2,L022,Dota2 Spring 2026,T054,Wolves Hyderabad,WVH54,M165,Mumbai,E1649,4,PO0868,29895.40,TX0868,Wallet,SUCCESS,PF1077,5.92,624,45.24,,
P0270,Sara,Singh,PrimeSara3,sarasingh0270@estcgp.gg,India,3937,VP0270,Gold,G03,Dota2,L022,Dota2 Spring 2026,T054,Wolves Hyderabad,WVH54,M165,Mumbai,E1650,5,PO0869,1194.62,TX0869,Bank,Paid,PF1078,8.40,281,62.49,,
P0426,Sara,Singh,IronSara53,sarasingh0426@estcgp.gg,India,418,VP0426,Silver,G03,Dota2,L023,Dota2 Summer 2026,T086,Apex Chennai,AXC86,M166,Frankfurt,E1651,1,PO0870,32059.96,TX0870,UPI,SUCCESS,PF1079,0.00,356,20.16,V0239,TriggerBot
P0427,Sam,Patel,SilentSam60,sampatel0427@estcgp.gg,India,674,VP0427,Silver,G03,Dota2,L023,Dota2 Summer 2026,T086,Apex Chennai,AXC86,M166,Frankfurt,E1652,2,PO0871,48953.10,TX0871,Wallet,Pending,PF1080,2.92,369,100.00,,
P0428,Alex,Yadav,BlazeAlex28,alexyadav0428@estcgp.gg,India,2549,VP0428,Bronze,G03,Dota2,L023,Dota2 Summer 2026,T086,Apex Chennai,AXC86,M166,Frankfurt,E1653,3,PO0872,20735.15,TX0872,Bank,Paid,PF1081,7.92,373,100.00,,
P0429,John,Patel,GhostJohn98,johnpatel0429@estcgp.gg,India,4834,VP0429,Gold,G03,Dota2,L023,Dota2 Summer 2026,T086,Apex Chennai,AXC86,M166,Frankfurt,E1654,4,PO0873,40872.72,TX0873,Bank,Paid,PF1082,5.42,532,10.83,,
P0430,Sam,Singh,TitanSam84,samsingh0430@estcgp.gg,USA,2050,VP0430,Bronze,G03,Dota2,L023,Dota2 Summer 2026,T086,Apex Chennai,AXC86,M166,Frankfurt,E1655,5,PO0874,27051.15,TX0874,PayPal,Paid,PF1083,4.45,317,100.00,,
P0596,Sam,Gupta,PhoenixSam28,samgupta0596@estcgp.gg,India,4261,VP0596,Bronze,G03,Dota2,L023,Dota2 Summer 2026,T120,Pulse London,PLL120,M166,Frankfurt,E1656,1,PO0875,10827.70,TX0875,Wallet,SUCCESS,PF1084,3.41,533,100.00,,
P0597,Alex,Taylor,CyberAlex51,alextaylor0597@estcgp.gg,India,3689,VP0597,Silver,G03,Dota2,L023,Dota2 Summer 2026,T120,Pulse London,PLL120,M166,Frankfurt,E1657,2,PO0876,28081.44,TX0876,Bank,Paid,PF1085,5.87,593,40.41,,
P0598,Alex,Khan,PulseAlex43,alexkhan0598@estcgp.gg,India,3949,VP0598,Silver,G03,Dota2,L023,Dota2 Summer 2026,T120,Pulse London,PLL120,M166,Frankfurt,E1658,3,PO0877,5581.05,TX0877,Wallet,Paid,PF1086,7.47,507,90.91,V0240,Aimbot
P0599,Sara,Singh,StormSara97,sarasingh0599@estcgp.gg,India,3358,VP0599,Bronze,G03,Dota2,L023,Dota2 Summer 2026,T120,Pulse London,PLL120,M166,Frankfurt,E1659,4,PO0878,9962.03,TX0878,Bank,Paid,PF1087,1.43,153,59.88,,
P0600,Aman,Patel,HyperAman50,amanpatel0600@estcgp.gg,India,1586,VP0600,Bronze,G03,Dota2,L023,Dota2 Summer 2026,T120,Pulse London,PLL120,M166,Frankfurt,E1660,5,PO0879,12599.54,TX0879,Wallet,Pending,PF1088,0.53,592,83.49,,
P0266,Sam,Singh,RogueSam55,samsingh0266@estcgp.gg,USA,4629,VP0266,Silver,G03,Dota2,L024,Dota2 World 2026,T054,Wolves Hyderabad,WVH54,M167,Singapore,E1661,1,,,,,,,,,,,
P0267,Aman,Thomas,CyberAman66,amanthomas0267@estcgp.gg,India,398,VP0267,Silver,G03,Dota2,L024,Dota2 World 2026,T054,Wolves Hyderabad,WVH54,M167,Singapore,E1662,2,,,,,,,,,,,
P0268,John,Singh,GhostJohn67,johnsingh0268@estcgp.gg,India,3928,VP0268,Silver,G03,Dota2,L024,Dota2 World 2026,T054,Wolves Hyderabad,WVH54,M167,Singapore,E1663,3,,,,,,,,,,,
P0269,John,Singh,CyberJohn44,johnsingh0269@estcgp.gg,India,4332,VP0269,Silver,G03,Dota2,L024,Dota2 World 2026,T054,Wolves Hyderabad,WVH54,M167,Singapore,E1664,4,,,,,,,,,,,
P0270,Sara,Singh,PrimeSara3,sarasingh0270@estcgp.gg,India,3937,VP0270,Gold,G03,Dota2,L024,Dota2 World 2026,T054,Wolves Hyderabad,WVH54,M167,Singapore,E1665,5,,,,,,,,,,,
P0281,Alex,Yadav,QuantumAlex90,alexyadav0281@estcgp.gg,India,1312,VP0281,Gold,G03,Dota2,L024,Dota2 World 2026,T057,Wolves Tokyo,WVT57,M167,Singapore,E1666,1,,,,,,,,,,,
P0282,Alex,Singh,LunaAlex47,alexsingh0282@estcgp.gg,India,0,VP0282,Gold,G03,Dota2,L024,Dota2 World 2026,T057,Wolves Tokyo,WVT57,M167,Singapore,E1667,2,,,,,,,,,,,
P0283,Sara,Khan,GhostSara55,sarakhan0283@estcgp.gg,India,2682,VP0283,Bronze,G03,Dota2,L024,Dota2 World 2026,T057,Wolves Tokyo,WVT57,M167,Singapore,E1668,3,,,,,,,,,,,
P0284,Riya,Patel,StormRiya65,riyapatel0284@estcgp.gg,India,855,VP0284,Gold,G03,Dota2,L024,Dota2 World 2026,T057,Wolves Tokyo,WVT57,M167,Singapore,E1669,4,,,,,,,,,,,
P0285,John,Khan,RapidJohn11,johnkhan0285@estcgp.gg,India,2093,VP0285,Gold,G03,Dota2,L024,Dota2 World 2026,T057,Wolves Tokyo,WVT57,M167,Singapore,E1670,5,,,,,,,,,,,
P0596,Sam,Gupta,PhoenixSam28,samgupta0596@estcgp.gg,India,4261,VP0596,Bronze,G01,Valorant,L001,Valorant Open 2025,T120,Pulse London,PLL120,M168,Tokyo,E1671,1,,,,,,PF1089,5.00,22,75.80,,
P0597,Alex,Taylor,CyberAlex51,alextaylor0597@estcgp.gg,India,3689,VP0597,Silver,G01,Valorant,L001,Valorant Open 2025,T120,Pulse London,PLL120,M168,Tokyo,E1672,2,,,,,,PF1090,5.16,506,36.98,V0241,TriggerBot
P0598,Alex,Khan,PulseAlex43,alexkhan0598@estcgp.gg,India,3949,VP0598,Silver,G01,Valorant,L001,Valorant Open 2025,T120,Pulse London,PLL120,M168,Tokyo,E1673,3,,,,,,PF1091,8.93,664,29.06,,
P0599,Sara,Singh,StormSara97,sarasingh0599@estcgp.gg,India,3358,VP0599,Bronze,G01,Valorant,L001,Valorant Open 2025,T120,Pulse London,PLL120,M168,Tokyo,E1674,4,,,,,,PF1092,0.00,442,93.97,,
P0600,Aman,Patel,HyperAman50,amanpatel0600@estcgp.gg,India,1586,VP0600,Bronze,G01,Valorant,L001,Valorant Open 2025,T120,Pulse London,PLL120,M168,Tokyo,E1675,5,,,,,,PF1093,2.29,38,0.35,V0242,Wallhack
P0401,Sam,Khan,KnightSam61,samkhan0401@estcgp.gg,India,4843,VP0401,Silver,G01,Valorant,L001,Valorant Open 2025,T081,Apex Mumbai,AXM81,M168,Tokyo,E1676,1,,,,,,,,,,,
P0402,Sara,Kapoor,SilentSara51,sarakapoor0402@estcgp.gg,India,1302,VP0402,Silver,G01,Valorant,L001,Valorant Open 2025,T081,Apex Mumbai,AXM81,M168,Tokyo,E1677,2,,,,,,PF1094,0.00,359,75.32,,
P0403,Sara,Yadav,CyberSara65,sarayadav0403@estcgp.gg,USA,1644,VP0403,Silver,G01,Valorant,L001,Valorant Open 2025,T081,Apex Mumbai,AXM81,M168,Tokyo,E1678,3,,,,,,PF1095,7.77,227,82.62,,
P0404,Sam,Iyer,BlazeSam22,samiyer0404@estcgp.gg,USA,463,VP0404,Bronze,G01,Valorant,L001,Valorant Open 2025,T081,Apex Mumbai,AXM81,M168,Tokyo,E1679,4,,,,,,PF1096,0.20,534,41.15,,
P0405,Aman,Williams,SilentAman50,amanwilliams0405@estcgp.gg,India,708,VP0405,Bronze,G01,Valorant,L001,Valorant Open 2025,T081,Apex Mumbai,AXM81,M168,Tokyo,E1680,5,,,,,,PF1097,1.95,368,66.62,,
P0281,Alex,Yadav,QuantumAlex90,alexyadav0281@estcgp.gg,India,1312,VP0281,Gold,G01,Valorant,L002,Valorant Spring 2025,T057,Wolves Tokyo,WVT57,M169,London,E1681,1,,,,,,,,,,,
P0282,Alex,Singh,LunaAlex47,alexsingh0282@estcgp.gg,India,0,VP0282,Gold,G01,Valorant,L002,Valorant Spring 2025,T057,Wolves Tokyo,WVT57,M169,London,E1682,2,,,,,,,,,,,
P0283,Sara,Khan,GhostSara55,sarakhan0283@estcgp.gg,India,2682,VP0283,Bronze,G01,Valorant,L002,Valorant Spring 2025,T057,Wolves Tokyo,WVT57,M169,London,E1683,3,,,,,,,,,,,
P0284,Riya,Patel,StormRiya65,riyapatel0284@estcgp.gg,India,855,VP0284,Gold,G01,Valorant,L002,Valorant Spring 2025,T057,Wolves Tokyo,WVT57,M169,London,E1684,4,,,,,,,,,,,
P0285,John,Khan,RapidJohn11,johnkhan0285@estcgp.gg,India,2093,VP0285,Gold,G01,Valorant,L002,Valorant Spring 2025,T057,Wolves Tokyo,WVT57,M169,London,E1685,5,,,,,,,,,,,
P0261,Sara,Yadav,PulseSara96,sarayadav0261@estcgp.gg,USA,630,VP0261,Diamond,G01,Valorant,L002,Valorant Spring 2025,T053,Wolves Pune,WVP53,M169,London,E1686,1,,,,,,,,,,,
P0262,Sam,Patel,HyperSam6,sampatel0262@estcgp.gg,India,1681,VP0262,Silver,G01,Valorant,L002,Valorant Spring 2025,T053,Wolves Pune,WVP53,M169,London,E1687,2,,,,,,,,,,,
P0263,Sam,Joshi,WolfSam75,samjoshi0263@estcgp.gg,India,1864,VP0263,Gold,G01,Valorant,L002,Valorant Spring 2025,T053,Wolves Pune,WVP53,M169,London,E1688,3,,,,,,,,,,,
P0264,Aman,Singh,NovaAman40,amansingh0264@estcgp.gg,USA,2881,VP0264,Silver,G01,Valorant,L002,Valorant Spring 2025,T053,Wolves Pune,WVP53,M169,London,E1689,4,,,,,,,,,,,
P0265,Sam,Singh,PulseSam13,samsingh0265@estcgp.gg,India,702,VP0265,Bronze,G01,Valorant,L002,Valorant Spring 2025,T053,Wolves Pune,WVP53,M169,London,E1690,5,,,,,,,,,,,
P0401,Sam,Khan,KnightSam61,samkhan0401@estcgp.gg,India,4843,VP0401,Silver,G01,Valorant,L003,Valorant Summer 2025,T081,Apex Mumbai,AXM81,M170,Mumbai,E1691,1,,,,,,,,,,,
P0402,Sara,Kapoor,SilentSara51,sarakapoor0402@estcgp.gg,India,1302,VP0402,Silver,G01,Valorant,L003,Valorant Summer 2025,T081,Apex Mumbai,AXM81,M170,Mumbai,E1692,2,,,,,,,,,,,
P0403,Sara,Yadav,CyberSara65,sarayadav0403@estcgp.gg,USA,1644,VP0403,Silver,G01,Valorant,L003,Valorant Summer 2025,T081,Apex Mumbai,AXM81,M170,Mumbai,E1693,3,,,,,,,,,,,
P0404,Sam,Iyer,BlazeSam22,samiyer0404@estcgp.gg,USA,463,VP0404,Bronze,G01,Valorant,L003,Valorant Summer 2025,T081,Apex Mumbai,AXM81,M170,Mumbai,E1694,4,,,,,,,,,,,
P0405,Aman,Williams,SilentAman50,amanwilliams0405@estcgp.gg,India,708,VP0405,Bronze,G01,Valorant,L003,Valorant Summer 2025,T081,Apex Mumbai,AXM81,M170,Mumbai,E1695,5,,,,,,,,,,,
P0421,Riya,Khan,NeonRiya36,riyakhan0421@estcgp.gg,USA,1254,VP0421,Gold,G01,Valorant,L003,Valorant Summer 2025,T085,Apex Bengaluru,AXB85,M170,Mumbai,E1696,1,,,,,,,,,,,
P0422,Sara,Yadav,FrostSara99,sarayadav0422@estcgp.gg,India,1338,VP0422,Bronze,G01,Valorant,L003,Valorant Summer 2025,T085,Apex Bengaluru,AXB85,M170,Mumbai,E1697,2,,,,,,,,,,,
P0423,Alex,Kulkarni,NexusAlex23,alexkulkarni0423@estcgp.gg,India,4664,VP0423,Bronze,G01,Valorant,L003,Valorant Summer 2025,T085,Apex Bengaluru,AXB85,M170,Mumbai,E1698,3,,,,,,,,,,,
P0424,Sam,Yadav,FrostSam41,samyadav0424@estcgp.gg,India,1116,VP0424,Silver,G01,Valorant,L003,Valorant Summer 2025,T085,Apex Bengaluru,AXB85,M170,Mumbai,E1699,4,,,,,,,,,,,
P0425,Sam,Desai,PixelSam72,samdesai0425@estcgp.gg,India,1459,VP0425,Platinum,G01,Valorant,L003,Valorant Summer 2025,T085,Apex Bengaluru,AXB85,M170,Mumbai,E1700,5,,,,,,,,,,,
P0261,Sara,Yadav,PulseSara96,sarayadav0261@estcgp.gg,USA,630,VP0261,Diamond,G01,Valorant,L004,Valorant World 2025,T053,Wolves Pune,WVP53,M171,Frankfurt,E1701,1,PO0880,30448.08,TX0880,Bank,Paid,PF1098,0.00,157,77.41,,
P0262,Sam,Patel,HyperSam6,sampatel0262@estcgp.gg,India,1681,VP0262,Silver,G01,Valorant,L004,Valorant World 2025,T053,Wolves Pune,WVP53,M171,Frankfurt,E1702,2,PO0881,1547.45,TX0881,Bank,Paid,PF1099,4.65,635,12.78,,
P0263,Sam,Joshi,WolfSam75,samjoshi0263@estcgp.gg,India,1864,VP0263,Gold,G01,Valorant,L004,Valorant World 2025,T053,Wolves Pune,WVP53,M171,Frankfurt,E1703,3,PO0882,24592.75,TX0882,UPI,Cancelled,PF1100,0.00,695,71.75,V0243,TriggerBot
P0264,Aman,Singh,NovaAman40,amansingh0264@estcgp.gg,USA,2881,VP0264,Silver,G01,Valorant,L004,Valorant World 2025,T053,Wolves Pune,WVP53,M171,Frankfurt,E1704,4,PO0883,23615.83,TX0883,Bank,Cancelled,PF1101,5.82,311,34.52,V0244,Aimbot
P0265,Sam,Singh,PulseSam13,samsingh0265@estcgp.gg,India,702,VP0265,Bronze,G01,Valorant,L004,Valorant World 2025,T053,Wolves Pune,WVP53,M171,Frankfurt,E1705,5,PO0884,19598.36,TX0884,Wallet,Paid,PF1102,7.27,339,48.26,,
P0371,John,Singh,StormJohn29,johnsingh0371@estcgp.gg,India,1282,VP0371,Gold,G01,Valorant,L004,Valorant World 2025,T075,Raiders Bengaluru,RDB75,M171,Frankfurt,E1706,1,PO0885,21571.29,TX0885,Crypto,Paid,PF1103,0.00,136,98.34,,
P0372,Sam,Khan,NexusSam8,samkhan0372@estcgp.gg,India,1073,VP0372,Bronze,G01,Valorant,L004,Valorant World 2025,T075,Raiders Bengaluru,RDB75,M171,Frankfurt,E1707,2,PO0886,45877.35,TX0886,Bank,Paid,PF1104,5.67,324,25.40,,
P0373,John,Miller,CrimsonJohn5,johnmiller0373@estcgp.gg,USA,3616,VP0373,Bronze,G01,Valorant,L004,Valorant World 2025,T075,Raiders Bengaluru,RDB75,M171,Frankfurt,E1708,3,PO0887,24129.74,TX0887,Bank,Paid,PF1105,3.88,506,56.79,,
P0374,Riya,Khan,LunaRiya51,riyakhan0374@estcgp.gg,India,3062,VP0374,Platinum,G01,Valorant,L004,Valorant World 2025,T075,Raiders Bengaluru,RDB75,M171,Frankfurt,E1709,4,PO0888,10940.57,TX0888,Crypto,Paid,PF1106,2.87,428,36.10,,
P0375,Sara,Singh,CrimsonSara54,sarasingh0375@estcgp.gg,India,3681,VP0375,Bronze,G01,Valorant,L004,Valorant World 2025,T075,Raiders Bengaluru,RDB75,M171,Frankfurt,E1710,5,PO0889,8095.06,TX0889,Wallet,Failed,PF1107,6.21,336,4.35,V0245,Aimbot
P0421,Riya,Khan,NeonRiya36,riyakhan0421@estcgp.gg,USA,1254,VP0421,Gold,G02,CS2,L005,CS2 Open 2025,T085,Apex Bengaluru,AXB85,M172,Singapore,E1711,1,PO0890,51944.41,TX0890,UPI,Paid,PF1108,7.49,369,15.62,,
P0422,Sara,Yadav,FrostSara99,sarayadav0422@estcgp.gg,India,1338,VP0422,Bronze,G02,CS2,L005,CS2 Open 2025,T085,Apex Bengaluru,AXB85,M172,Singapore,E1712,2,PO0891,14105.17,TX0891,UPI,Paid,PF1109,8.45,0,7.49,,
P0423,Alex,Kulkarni,NexusAlex23,alexkulkarni0423@estcgp.gg,India,4664,VP0423,Bronze,G02,CS2,L005,CS2 Open 2025,T085,Apex Bengaluru,AXB85,M172,Singapore,E1713,3,PO0892,671.53,TX0892,Wallet,Paid,PF1110,7.53,573,63.49,,
P0424,Sam,Yadav,FrostSam41,samyadav0424@estcgp.gg,India,1116,VP0424,Silver,G02,CS2,L005,CS2 Open 2025,T085,Apex Bengaluru,AXB85,M172,Singapore,E1714,4,PO0893,38199.67,TX0893,Crypto,SUCCESS,PF1111,4.78,526,3.33,,
P0425,Sam,Desai,PixelSam72,samdesai0425@estcgp.gg,India,1459,VP0425,Platinum,G02,CS2,L005,CS2 Open 2025,T085,Apex Bengaluru,AXB85,M172,Singapore,E1715,5,PO0894,29347.66,TX0894,Crypto,Paid,PF1112,4.20,88,88.81,V0246,Wallhack
P0351,Riya,Khan,DragonRiya97,riyakhan0351@estcgp.gg,USA,3576,VP0351,Silver,G02,CS2,L005,CS2 Open 2025,T071,Raiders Mumbai,RDM71,M172,Singapore,E1716,1,PO0895,31393.47,TX0895,Bank,Paid,PF1113,3.45,409,90.84,,
P0352,Alex,Khan,PrimeAlex1,alexkhan0352@estcgp.gg,India,2185,VP0352,Bronze,G02,CS2,L005,CS2 Open 2025,T071,Raiders Mumbai,RDM71,M172,Singapore,E1717,2,PO0896,24682.61,TX0896,UPI,Pending,PF1114,4.17,685,60.79,V0247,SpeedHack
P0353,Riya,Desai,LunaRiya13,riyadesai0353@estcgp.gg,India,2617,VP0353,Silver,G02,CS2,L005,CS2 Open 2025,T071,Raiders Mumbai,RDM71,M172,Singapore,E1718,3,PO0897,27671.59,TX0897,PayPal,Paid,PF1115,0.60,395,98.35,,
P0354,Riya,Khan,PulseRiya46,riyakhan0354@estcgp.gg,USA,3473,VP0354,Silver,G02,CS2,L005,CS2 Open 2025,T071,Raiders Mumbai,RDM71,M172,Singapore,E1719,4,PO0898,17069.88,TX0898,Crypto,Cancelled,PF1116,0.00,655,63.49,,
P0355,Aman,Yadav,NexusAman90,amanyadav0355@estcgp.gg,India,74,VP0355,Gold,G02,CS2,L005,CS2 Open 2025,T071,Raiders Mumbai,RDM71,M172,Singapore,E1720,5,PO0899,1273.66,TX0899,UPI,Paid,PF1117,8.49,232,100.00,,
P0371,John,Singh,StormJohn29,johnsingh0371@estcgp.gg,India,1282,VP0371,Gold,G02,CS2,L006,CS2 Spring 2025,T075,Raiders Bengaluru,RDB75,M173,Tokyo,E1721,1,PO0900,22004.50,TX0900,Bank,SUCCESS,PF1118,7.66,528,40.45,,
P0372,Sam,Khan,NexusSam8,samkhan0372@estcgp.gg,India,1073,VP0372,Bronze,G02,CS2,L006,CS2 Spring 2025,T075,Raiders Bengaluru,RDB75,M173,Tokyo,E1722,2,PO0901,23181.69,TX0901,UPI,Paid,PF1119,3.03,559,80.32,,
P0373,John,Miller,CrimsonJohn5,johnmiller0373@estcgp.gg,USA,3616,VP0373,Bronze,G02,CS2,L006,CS2 Spring 2025,T075,Raiders Bengaluru,RDB75,M173,Tokyo,E1723,3,PO0902,21568.94,TX0902,Crypto,Pending,PF1120,5.76,160,100.00,,
P0374,Riya,Khan,LunaRiya51,riyakhan0374@estcgp.gg,India,3062,VP0374,Platinum,G02,CS2,L006,CS2 Spring 2025,T075,Raiders Bengaluru,RDB75,M173,Tokyo,E1724,4,PO0903,12491.39,TX0903,UPI,Paid,PF1121,2.34,0,100.00,V0248,Other
P0375,Sara,Singh,CrimsonSara54,sarasingh0375@estcgp.gg,India,3681,VP0375,Bronze,G02,CS2,L006,CS2 Spring 2025,T075,Raiders Bengaluru,RDB75,M173,Tokyo,E1725,5,PO0904,3038.26,TX0904,Wallet,Paid,PF1122,4.68,157,98.10,,
P0116,Sara,Patel,NitroSara46,sarapatel0116@estcgp.gg,India,2616,VP0116,Diamond,G02,CS2,L006,CS2 Spring 2025,T024,Dragons Hyderabad,DGH24,M173,Tokyo,E1726,1,PO0905,4033.02,TX0905,Crypto,Paid,PF1123,8.81,568,8.27,V0249,Aimbot
P0117,Sam,Khan,OmegaSam37,samkhan0117@estcgp.gg,India,2243,VP0117,Bronze,G02,CS2,L006,CS2 Spring 2025,T024,Dragons Hyderabad,DGH24,M173,Tokyo,E1727,2,PO0906,22640.49,TX0906,Crypto,Paid,PF1124,0.00,40,100.00,,
P0118,Alex,Patel,DragonAlex34,alexpatel0118@estcgp.gg,USA,4253,VP0118,Gold,G02,CS2,L006,CS2 Spring 2025,T024,Dragons Hyderabad,DGH24,M173,Tokyo,E1728,3,PO0907,18737.98,TX0907,UPI,Paid,PF1125,7.03,120,60.87,,
P0119,Aman,Khan,BlazeAman14,amankhan0119@estcgp.gg,India,4740,VP0119,Platinum,G02,CS2,L006,CS2 Spring 2025,T024,Dragons Hyderabad,DGH24,M173,Tokyo,E1729,4,PO0908,35563.17,TX0908,Wallet,SUCCESS,PF1126,7.77,245,89.68,,
P0120,Sam,Patel,CyberSam72,sampatel0120@estcgp.gg,USA,2133,VP0120,Gold,G02,CS2,L006,CS2 Spring 2025,T024,Dragons Hyderabad,DGH24,M173,Tokyo,E1730,5,PO0909,40177.92,TX0909,Bank,Paid,PF1127,7.47,555,91.83,,
P0351,Riya,Khan,DragonRiya97,riyakhan0351@estcgp.gg,USA,3576,VP0351,Silver,G02,CS2,L007,CS2 Summer 2025,T071,Raiders Mumbai,RDM71,M174,London,E1731,1,PO0910,16864.06,TX0910,UPI,Paid,PF1128,5.06,468,53.97,V0250,Aimbot
P0352,Alex,Khan,PrimeAlex1,alexkhan0352@estcgp.gg,India,2185,VP0352,Bronze,G02,CS2,L007,CS2 Summer 2025,T071,Raiders Mumbai,RDM71,M174,London,E1732,2,PO0911,28950.14,TX0911,Crypto,Paid,PF1129,7.86,628,100.00,,
P0353,Riya,Desai,LunaRiya13,riyadesai0353@estcgp.gg,India,2617,VP0353,Silver,G02,CS2,L007,CS2 Summer 2025,T071,Raiders Mumbai,RDM71,M174,London,E1733,3,PO0912,35986.82,TX0912,UPI,Paid,PF1130,0.00,203,66.97,,
P0354,Riya,Khan,PulseRiya46,riyakhan0354@estcgp.gg,USA,3473,VP0354,Silver,G02,CS2,L007,CS2 Summer 2025,T071,Raiders Mumbai,RDM71,M174,London,E1734,4,PO0913,27953.62,TX0913,Wallet,Paid,PF1131,4.85,689,60.29,,
P0355,Aman,Yadav,NexusAman90,amanyadav0355@estcgp.gg,India,74,VP0355,Gold,G02,CS2,L007,CS2 Summer 2025,T071,Raiders Mumbai,RDM71,M174,London,E1735,5,PO0914,21823.47,TX0914,Crypto,Pending,PF1132,5.36,462,100.00,,
P0021,Alex,Patel,PrimeAlex97,alexpatel0021@estcgp.gg,USA,1016,VP0021,Bronze,G02,CS2,L007,CS2 Summer 2025,T005,Nova Bengaluru,NVB05,M174,London,E1736,1,PO0915,27301.27,TX0915,UPI,Paid,PF1133,3.93,212,80.90,,
P0022,Sam,Khan,CrimsonSam13,samkhan0022@estcgp.gg,USA,3927,VP0022,Gold,G02,CS2,L007,CS2 Summer 2025,T005,Nova Bengaluru,NVB05,M174,London,E1737,2,PO0916,17721.92,TX0916,Crypto,Paid,PF1134,0.00,382,100.00,V0251,TriggerBot
P0023,John,Yadav,HyperJohn98,johnyadav0023@estcgp.gg,India,2625,VP0023,Gold,G02,CS2,L007,CS2 Summer 2025,T005,Nova Bengaluru,NVB05,M174,London,E1738,3,PO0917,20976.23,TX0917,UPI,Paid,PF1135,0.00,657,73.36,V0252,TriggerBot
P0024,Riya,Yadav,NovaRiya68,riyayadav0024@estcgp.gg,India,1244,VP0024,Gold,G02,CS2,L007,CS2 Summer 2025,T005,Nova Bengaluru,NVB05,M174,London,E1739,4,PO0918,23027.61,TX0918,UPI,Paid,PF1136,3.77,344,61.80,,
P0025,Aman,Khan,TitanAman2,amankhan0025@estcgp.gg,India,3384,VP0025,Silver,G02,CS2,L007,CS2 Summer 2025,T005,Nova Bengaluru,NVB05,M174,London,E1740,5,PO0919,12250.42,TX0919,UPI,Paid,PF1137,5.69,134,15.99,,
P0116,Sara,Patel,NitroSara46,sarapatel0116@estcgp.gg,India,2616,VP0116,Diamond,G02,CS2,L008,CS2 World 2025,T024,Dragons Hyderabad,DGH24,M175,Mumbai,E1741,1,PO0920,37480.20,TX0920,PayPal,Paid,PF1138,2.35,402,42.00,,
P0117,Sam,Khan,OmegaSam37,samkhan0117@estcgp.gg,India,2243,VP0117,Bronze,G02,CS2,L008,CS2 World 2025,T024,Dragons Hyderabad,DGH24,M175,Mumbai,E1742,2,PO0921,25115.45,TX0921,Bank,Pending,PF1139,7.68,463,0.18,,
P0118,Alex,Patel,DragonAlex34,alexpatel0118@estcgp.gg,USA,4253,VP0118,Gold,G02,CS2,L008,CS2 World 2025,T024,Dragons Hyderabad,DGH24,M175,Mumbai,E1743,3,PO0922,12566.07,TX0922,Wallet,Paid,PF1140,0.00,337,2.51,,
P0119,Aman,Khan,BlazeAman14,amankhan0119@estcgp.gg,India,4740,VP0119,Platinum,G02,CS2,L008,CS2 World 2025,T024,Dragons Hyderabad,DGH24,M175,Mumbai,E1744,4,PO0923,17891.79,TX0923,Wallet,SUCCESS,PF1141,1.55,533,27.83,,
P0120,Sam,Patel,CyberSam72,sampatel0120@estcgp.gg,USA,2133,VP0120,Gold,G02,CS2,L008,CS2 World 2025,T024,Dragons Hyderabad,DGH24,M175,Mumbai,E1745,5,PO0924,18191.15,TX0924,Crypto,Pending,PF1142,3.56,3,71.02,V0253,Wallhack
P0451,John,Patel,OmegaJohn48,johnpatel0451@estcgp.gg,India,1730,VP0451,Silver,G02,CS2,L008,CS2 World 2025,T091,Vortex Mumbai,VXM91,M175,Mumbai,E1746,1,PO0925,32733.96,TX0925,Crypto,Paid,PF1143,0.64,0,100.00,,
P0452,Riya,Patel,LunaRiya57,riyapatel0452@estcgp.gg,India,318,VP0452,Silver,G02,CS2,L008,CS2 World 2025,T091,Vortex Mumbai,VXM91,M175,Mumbai,E1747,2,PO0926,37541.92,TX0926,Wallet,Paid,PF1144,2.66,419,40.54,,
P0453,Riya,Verma,ApexRiya10,riyaverma0453@estcgp.gg,India,1099,VP0453,Silver,G02,CS2,L008,CS2 World 2025,T091,Vortex Mumbai,VXM91,M175,Mumbai,E1748,3,PO0927,33680.80,TX0927,UPI,Paid,PF1145,6.50,1,13.45,V0254,Wallhack
P0454,Sara,Khan,OmegaSara21,sarakhan0454@estcgp.gg,India,597,VP0454,Silver,G02,CS2,L008,CS2 World 2025,T091,Vortex Mumbai,VXM91,M175,Mumbai,E1749,4,PO0928,8114.94,TX0928,UPI,Paid,PF1146,0.00,390,2.33,,
P0455,Aman,Khan,NitroAman27,amankhan0455@estcgp.gg,India,427,VP0455,Gold,G02,CS2,L008,CS2 World 2025,T091,Vortex Mumbai,VXM91,M175,Mumbai,E1750,5,PO0929,40869.86,TX0929,Bank,Cancelled,PF1147,3.15,399,5.41,,
P0021,Alex,Patel,PrimeAlex97,alexpatel0021@estcgp.gg,USA,1016,VP0021,Bronze,G03,Dota2,L009,Dota2 Open 2025,T005,Nova Bengaluru,NVB05,M176,Frankfurt,E1751,1,,,,,,,,,,,
P0022,Sam,Khan,CrimsonSam13,samkhan0022@estcgp.gg,USA,3927,VP0022,Gold,G03,Dota2,L009,Dota2 Open 2025,T005,Nova Bengaluru,NVB05,M176,Frankfurt,E1752,2,,,,,,,,,,,
P0023,John,Yadav,HyperJohn98,johnyadav0023@estcgp.gg,India,2625,VP0023,Gold,G03,Dota2,L009,Dota2 Open 2025,T005,Nova Bengaluru,NVB05,M176,Frankfurt,E1753,3,,,,,,,,,,,
P0024,Riya,Yadav,NovaRiya68,riyayadav0024@estcgp.gg,India,1244,VP0024,Gold,G03,Dota2,L009,Dota2 Open 2025,T005,Nova Bengaluru,NVB05,M176,Frankfurt,E1754,4,,,,,,,,,,,
P0025,Aman,Khan,TitanAman2,amankhan0025@estcgp.gg,India,3384,VP0025,Silver,G03,Dota2,L009,Dota2 Open 2025,T005,Nova Bengaluru,NVB05,M176,Frankfurt,E1755,5,,,,,,,,,,,
P0146,Sara,Khan,ApexSara81,sarakhan0146@estcgp.gg,India,3137,VP0146,Gold,G03,Dota2,L009,Dota2 Open 2025,T030,Dragons London,DGL30,M176,Frankfurt,E1756,1,,,,,,,,,,,
P0147,Aman,Yadav,VortexAman15,amanyadav0147@estcgp.gg,India,4512,VP0147,Silver,G03,Dota2,L009,Dota2 Open 2025,T030,Dragons London,DGL30,M176,Frankfurt,E1757,2,,,,,,,,,,,
P0148,Aman,Patel,NovaAman38,amanpatel0148@estcgp.gg,India,1895,VP0148,Silver,G03,Dota2,L009,Dota2 Open 2025,T030,Dragons London,DGL30,M176,Frankfurt,E1758,3,,,,,,,,,,,
P0149,Aman,Yadav,GhostAman64,amanyadav0149@estcgp.gg,India,1802,VP0149,Silver,G03,Dota2,L009,Dota2 Open 2025,T030,Dragons London,DGL30,M176,Frankfurt,E1759,4,,,,,,,,,,,
P0150,Sam,Singh,SilentSam54,samsingh0150@estcgp.gg,India,4375,VP0150,Bronze,G03,Dota2,L009,Dota2 Open 2025,T030,Dragons London,DGL30,M176,Frankfurt,E1760,5,,,,,,,,,,,
P0451,John,Patel,OmegaJohn48,johnpatel0451@estcgp.gg,India,1730,VP0451,Silver,G03,Dota2,L010,Dota2 Spring 2025,T091,Vortex Mumbai,VXM91,M177,Singapore,E1761,1,,,,,,PF1148,3.26,488,22.84,,
P0452,Riya,Patel,LunaRiya57,riyapatel0452@estcgp.gg,India,318,VP0452,Silver,G03,Dota2,L010,Dota2 Spring 2025,T091,Vortex Mumbai,VXM91,M177,Singapore,E1762,2,,,,,,PF1149,6.68,184,7.14,V0255,Wallhack
P0453,Riya,Verma,ApexRiya10,riyaverma0453@estcgp.gg,India,1099,VP0453,Silver,G03,Dota2,L010,Dota2 Spring 2025,T091,Vortex Mumbai,VXM91,M177,Singapore,E1763,3,,,,,,PF1150,3.11,81,87.33,,
P0454,Sara,Khan,OmegaSara21,sarakhan0454@estcgp.gg,India,597,VP0454,Silver,G03,Dota2,L010,Dota2 Spring 2025,T091,Vortex Mumbai,VXM91,M177,Singapore,E1764,4,,,,,,PF1151,0.00,324,86.89,,
P0455,Aman,Khan,NitroAman27,amankhan0455@estcgp.gg,India,427,VP0455,Gold,G03,Dota2,L010,Dota2 Spring 2025,T091,Vortex Mumbai,VXM91,M177,Singapore,E1765,5,,,,,,PF1152,8.52,492,73.54,,
P0491,Sam,Khan,CyberSam93,samkhan0491@estcgp.gg,USA,3719,VP0491,Bronze,G03,Dota2,L010,Dota2 Spring 2025,T099,Vortex Frankfurt,VXF99,M177,Singapore,E1766,1,,,,,,PF1153,5.71,371,100.00,,
P0492,Alex,Patel,RapidAlex16,alexpatel0492@estcgp.gg,India,4346,VP0492,Gold,G03,Dota2,L010,Dota2 Spring 2025,T099,Vortex Frankfurt,VXF99,M177,Singapore,E1767,2,,,,,,PF1154,0.17,432,100.00,,
P0493,Sara,Yadav,RogueSara37,sarayadav0493@estcgp.gg,India,3540,VP0493,Platinum,G03,Dota2,L010,Dota2 Spring 2025,T099,Vortex Frankfurt,VXF99,M177,Singapore,E1768,3,,,,,,PF1155,0.00,462,99.06,,
P0494,John,Singh,NitroJohn22,johnsingh0494@estcgp.gg,India,2848,VP0494,Silver,G03,Dota2,L010,Dota2 Spring 2025,T099,Vortex Frankfurt,VXF99,M177,Singapore,E1769,4,,,,,,PF1156,7.23,212,100.00,V0256,Aimbot
P0495,Sara,Yadav,CyberSara57,sarayadav0495@estcgp.gg,India,3774,VP0495,Bronze,G03,Dota2,L010,Dota2 Spring 2025,T099,Vortex Frankfurt,VXF99,M177,Singapore,E1770,5,,,,,,PF1157,2.78,39,100.00,,
P0146,Sara,Khan,ApexSara81,sarakhan0146@estcgp.gg,India,3137,VP0146,Gold,G03,Dota2,L011,Dota2 Summer 2025,T030,Dragons London,DGL30,M178,Tokyo,E1771,1,,,,,,,,,,,
P0147,Aman,Yadav,VortexAman15,amanyadav0147@estcgp.gg,India,4512,VP0147,Silver,G03,Dota2,L011,Dota2 Summer 2025,T030,Dragons London,DGL30,M178,Tokyo,E1772,2,,,,,,,,,,,
P0148,Aman,Patel,NovaAman38,amanpatel0148@estcgp.gg,India,1895,VP0148,Silver,G03,Dota2,L011,Dota2 Summer 2025,T030,Dragons London,DGL30,M178,Tokyo,E1773,3,,,,,,,,,,,
P0149,Aman,Yadav,GhostAman64,amanyadav0149@estcgp.gg,India,1802,VP0149,Silver,G03,Dota2,L011,Dota2 Summer 2025,T030,Dragons London,DGL30,M178,Tokyo,E1774,4,,,,,,,,,,,
P0150,Sam,Singh,SilentSam54,samsingh0150@estcgp.gg,India,4375,VP0150,Bronze,G03,Dota2,L011,Dota2 Summer 2025,T030,Dragons London,DGL30,M178,Tokyo,E1775,5,,,,,,,,,,,
P0071,John,Bansal,VortexJohn55,johnbansal0071@estcgp.gg,India,882,VP0071,Gold,G03,Dota2,L011,Dota2 Summer 2025,T015,Phoenix Bengaluru,PXB15,M178,Tokyo,E1776,1,,,,,,,,,,,
P0072,Alex,Gupta,HyperAlex68,alexgupta0072@estcgp.gg,USA,3310,VP0072,Silver,G03,Dota2,L011,Dota2 Summer 2025,T015,Phoenix Bengaluru,PXB15,M178,Tokyo,E1777,2,,,,,,,,,,,
P0073,Sara,Yadav,RogueSara65,sarayadav0073@estcgp.gg,USA,1822,VP0073,Bronze,G03,Dota2,L011,Dota2 Summer 2025,T015,Phoenix Bengaluru,PXB15,M178,Tokyo,E1778,3,,,,,,,,,,,
P0074,Sara,Khan,NeonSara76,sarakhan0074@estcgp.gg,India,4779,VP0074,Bronze,G03,Dota2,L011,Dota2 Summer 2025,T015,Phoenix Bengaluru,PXB15,M178,Tokyo,E1779,4,,,,,,,,,,,
P0075,Aman,Kumar,SilentAman89,amankumar0075@estcgp.gg,India,4329,VP0075,Gold,G03,Dota2,L011,Dota2 Summer 2025,T015,Phoenix Bengaluru,PXB15,M178,Tokyo,E1780,5,,,,,,,,,,,
P0491,Sam,Khan,CyberSam93,samkhan0491@estcgp.gg,USA,3719,VP0491,Bronze,G03,Dota2,L012,Dota2 World 2025,T099,Vortex Frankfurt,VXF99,M179,London,E1781,1,,,,,,,,,,,
P0492,Alex,Patel,RapidAlex16,alexpatel0492@estcgp.gg,India,4346,VP0492,Gold,G03,Dota2,L012,Dota2 World 2025,T099,Vortex Frankfurt,VXF99,M179,London,E1782,2,,,,,,,,,,,
P0493,Sara,Yadav,RogueSara37,sarayadav0493@estcgp.gg,India,3540,VP0493,Platinum,G03,Dota2,L012,Dota2 World 2025,T099,Vortex Frankfurt,VXF99,M179,London,E1783,3,,,,,,,,,,,
P0494,John,Singh,NitroJohn22,johnsingh0494@estcgp.gg,India,2848,VP0494,Silver,G03,Dota2,L012,Dota2 World 2025,T099,Vortex Frankfurt,VXF99,M179,London,E1784,4,,,,,,,,,,,
P0495,Sara,Yadav,CyberSara57,sarayadav0495@estcgp.gg,India,3774,VP0495,Bronze,G03,Dota2,L012,Dota2 World 2025,T099,Vortex Frankfurt,VXF99,M179,London,E1785,5,,,,,,,,,,,
P0206,Sara,Singh,HyperSara80,sarasingh0206@estcgp.gg,India,1552,VP0206,Bronze,G03,Dota2,L012,Dota2 World 2025,T042,Storm Delhi,STD42,M179,London,E1786,1,,,,,,,,,,,
P0207,Sara,Singh,KnightSara43,sarasingh0207@estcgp.gg,India,1120,VP0207,Silver,G03,Dota2,L012,Dota2 World 2025,T042,Storm Delhi,STD42,M179,London,E1787,2,,,,,,,,,,,
P0208,Sam,Khan,ViperSam44,samkhan0208@estcgp.gg,USA,4401,VP0208,Bronze,G03,Dota2,L012,Dota2 World 2025,T042,Storm Delhi,STD42,M179,London,E1788,3,,,,,,,,,,,
P0209,Alex,Singh,OmegaAlex2,alexsingh0209@estcgp.gg,India,2177,VP0209,Gold,G03,Dota2,L012,Dota2 World 2025,T042,Storm Delhi,STD42,M179,London,E1789,4,,,,,,,,,,,
P0210,Aman,Yadav,FrostAman6,amanyadav0210@estcgp.gg,India,1877,VP0210,Bronze,G03,Dota2,L012,Dota2 World 2025,T042,Storm Delhi,STD42,M179,London,E1790,5,,,,,,,,,,,
P0071,John,Bansal,VortexJohn55,johnbansal0071@estcgp.gg,India,882,VP0071,Gold,G01,Valorant,L013,Valorant Open 2026,T015,Phoenix Bengaluru,PXB15,M180,Mumbai,E1791,1,PO0930,29454.64,TX0930,UPI,SUCCESS,PF1158,0.26,45,100.00,,
P0072,Alex,Gupta,HyperAlex68,alexgupta0072@estcgp.gg,USA,3310,VP0072,Silver,G01,Valorant,L013,Valorant Open 2026,T015,Phoenix Bengaluru,PXB15,M180,Mumbai,E1792,2,PO0931,3781.56,TX0931,UPI,Pending,PF1159,0.00,685,61.68,,
P0073,Sara,Yadav,RogueSara65,sarayadav0073@estcgp.gg,USA,1822,VP0073,Bronze,G01,Valorant,L013,Valorant Open 2026,T015,Phoenix Bengaluru,PXB15,M180,Mumbai,E1793,3,PO0932,14064.30,TX0932,UPI,Paid,PF1160,0.00,578,23.31,,
P0074,Sara,Khan,NeonSara76,sarakhan0074@estcgp.gg,India,4779,VP0074,Bronze,G01,Valorant,L013,Valorant Open 2026,T015,Phoenix Bengaluru,PXB15,M180,Mumbai,E1794,4,PO0933,44517.15,TX0933,Crypto,Paid,PF1161,6.03,382,29.92,,
P0075,Aman,Kumar,SilentAman89,amankumar0075@estcgp.gg,India,4329,VP0075,Gold,G01,Valorant,L013,Valorant Open 2026,T015,Phoenix Bengaluru,PXB15,M180,Mumbai,E1795,5,PO0934,4028.01,TX0934,Wallet,Paid,PF1162,6.50,132,100.00,,
P0481,Aman,Chopra,PulseAman64,amanchopra0481@estcgp.gg,USA,4758,VP0481,Silver,G01,Valorant,L013,Valorant Open 2026,T097,Vortex Tokyo,VXT97,M180,Mumbai,E1796,1,PO0935,28222.46,TX0935,Wallet,Paid,PF1163,5.91,343,26.97,V0257,TriggerBot
P0482,Alex,Singh,SilentAlex83,alexsingh0482@estcgp.gg,India,3117,VP0482,Gold,G01,Valorant,L013,Valorant Open 2026,T097,Vortex Tokyo,VXT97,M180,Mumbai,E1797,2,PO0936,5416.41,TX0936,UPI,Paid,PF1164,3.13,95,79.28,,
P0483,Alex,Patel,KnightAlex34,alexpatel0483@estcgp.gg,India,4059,VP0483,Gold,G01,Valorant,L013,Valorant Open 2026,T097,Vortex Tokyo,VXT97,M180,Mumbai,E1798,3,PO0937,23616.01,TX0937,Crypto,SUCCESS,PF1165,3.36,382,46.87,,
P0484,Sam,Yadav,ShadowSam39,samyadav0484@estcgp.gg,India,1137,VP0484,Silver,G01,Valorant,L013,Valorant Open 2026,T097,Vortex Tokyo,VXT97,M180,Mumbai,E1799,4,PO0938,21419.31,TX0938,Wallet,Failed,PF1166,2.76,614,100.00,,
P0485,Alex,Khan,KnightAlex23,alexkhan0485@estcgp.gg,India,926,VP0485,Gold,G01,Valorant,L013,Valorant Open 2026,T097,Vortex Tokyo,VXT97,M180,Mumbai,E1800,5,PO0939,5100.69,TX0939,Bank,Failed,PF1167,2.91,628,87.14,V0258,Aimbot
P0206,Sara,Singh,HyperSara80,sarasingh0206@estcgp.gg,India,1552,VP0206,Bronze,G01,Valorant,L014,Valorant Spring 2026,T042,Storm Delhi,STD42,M181,Frankfurt,E1801,1,PO0940,23220.76,TX0940,Wallet,Paid,PF1168,5.56,554,11.62,,
P0207,Sara,Singh,KnightSara43,sarasingh0207@estcgp.gg,India,1120,VP0207,Silver,G01,Valorant,L014,Valorant Spring 2026,T042,Storm Delhi,STD42,M181,Frankfurt,E1802,2,PO0941,20862.84,TX0941,Wallet,Paid,PF1169,4.89,20,13.18,,
P0208,Sam,Khan,ViperSam44,samkhan0208@estcgp.gg,USA,4401,VP0208,Bronze,G01,Valorant,L014,Valorant Spring 2026,T042,Storm Delhi,STD42,M181,Frankfurt,E1803,3,PO0942,11444.88,TX0942,Bank,Paid,PF1170,3.31,422,100.00,V0259,Aimbot
P0209,Alex,Singh,OmegaAlex2,alexsingh0209@estcgp.gg,India,2177,VP0209,Gold,G01,Valorant,L014,Valorant Spring 2026,T042,Storm Delhi,STD42,M181,Frankfurt,E1804,4,PO0943,25499.09,TX0943,PayPal,Failed,PF1171,6.53,82,23.27,,
P0210,Aman,Yadav,FrostAman6,amanyadav0210@estcgp.gg,India,1877,VP0210,Bronze,G01,Valorant,L014,Valorant Spring 2026,T042,Storm Delhi,STD42,M181,Frankfurt,E1805,5,PO0944,12812.64,TX0944,UPI,Failed,PF1172,1.92,113,7.54,,
P0356,Sara,Singh,VortexSara66,sarasingh0356@estcgp.gg,USA,3972,VP0356,Silver,G01,Valorant,L014,Valorant Spring 2026,T072,Raiders Delhi,RDD72,M181,Frankfurt,E1806,1,PO0945,39095.58,TX0945,Wallet,Paid,PF1173,7.48,161,23.30,,
P0357,Sam,Jain,VortexSam50,samjain0357@estcgp.gg,India,3036,VP0357,Platinum,G01,Valorant,L014,Valorant Spring 2026,T072,Raiders Delhi,RDD72,M181,Frankfurt,E1807,2,PO0946,47735.31,TX0946,Crypto,Paid,PF1174,5.67,136,25.34,,
P0358,Riya,Khan,OmegaRiya57,riyakhan0358@estcgp.gg,India,354,VP0358,Silver,G01,Valorant,L014,Valorant Spring 2026,T072,Raiders Delhi,RDD72,M181,Frankfurt,E1808,3,PO0947,3710.20,TX0947,Bank,Paid,PF1175,5.97,625,46.45,,
P0359,John,Singh,TitanJohn95,johnsingh0359@estcgp.gg,India,3018,VP0359,Bronze,G01,Valorant,L014,Valorant Spring 2026,T072,Raiders Delhi,RDD72,M181,Frankfurt,E1809,4,PO0948,5050.15,TX0948,Wallet,Paid,PF1176,7.81,0,76.12,,
P0360,Aman,Khan,NovaAman20,amankhan0360@estcgp.gg,India,2650,VP0360,Silver,G01,Valorant,L014,Valorant Spring 2026,T072,Raiders Delhi,RDD72,M181,Frankfurt,E1810,5,PO0949,3299.42,TX0949,Bank,Paid,PF1177,3.39,540,70.69,V0260,Aimbot
P0481,Aman,Chopra,PulseAman64,amanchopra0481@estcgp.gg,USA,4758,VP0481,Silver,G01,Valorant,L015,Valorant Summer 2026,T097,Vortex Tokyo,VXT97,M182,Singapore,E1811,1,PO0950,15330.41,TX0950,Bank,Paid,PF1178,0.00,538,100.00,V0261,Aimbot
P0482,Alex,Singh,SilentAlex83,alexsingh0482@estcgp.gg,India,3117,VP0482,Gold,G01,Valorant,L015,Valorant Summer 2026,T097,Vortex Tokyo,VXT97,M182,Singapore,E1812,2,PO0951,52336.46,TX0951,Crypto,Paid,PF1179,3.87,42,46.76,,
P0483,Alex,Patel,KnightAlex34,alexpatel0483@estcgp.gg,India,4059,VP0483,Gold,G01,Valorant,L015,Valorant Summer 2026,T097,Vortex Tokyo,VXT97,M182,Singapore,E1813,3,PO0952,15511.87,TX0952,Crypto,SUCCESS,PF1180,0.00,79,79.62,,
P0484,Sam,Yadav,ShadowSam39,samyadav0484@estcgp.gg,India,1137,VP0484,Silver,G01,Valorant,L015,Valorant Summer 2026,T097,Vortex Tokyo,VXT97,M182,Singapore,E1814,4,PO0953,43956.54,TX0953,Wallet,Paid,PF1181,2.16,67,21.08,,
P0485,Alex,Khan,KnightAlex23,alexkhan0485@estcgp.gg,India,926,VP0485,Gold,G01,Valorant,L015,Valorant Summer 2026,T097,Vortex Tokyo,VXT97,M182,Singapore,E1815,5,,,,,,PF1182,8.77,247,100.00,,
P0011,Sara,Joshi,HyperSara39,sarajoshi0011@estcgp.gg,India,3950,VP0011,Gold,G01,Valorant,L015,Valorant Summer 2026,T003,Nova Pune,NVP03,M182,Singapore,E1816,1,PO0954,18748.12,TX0954,UPI,Paid,PF1183,4.56,30,74.79,,
P0012,Sara,Khan,QuantumSara36,sarakhan0012@estcgp.gg,India,2544,VP0012,Silver,G01,Valorant,L015,Valorant Summer 2026,T003,Nova Pune,NVP03,M182,Singapore,E1817,2,PO0955,25197.00,TX0955,UPI,Paid,PF1184,8.06,74,19.14,V0262,Wallhack
P0013,Sam,Chopra,PrimeSam21,samchopra0013@estcgp.gg,USA,4363,VP0013,Bronze,G01,Valorant,L015,Valorant Summer 2026,T003,Nova Pune,NVP03,M182,Singapore,E1818,3,PO0956,7401.23,TX0956,Crypto,SUCCESS,PF1185,2.47,321,100.00,,
P0014,Sara,Khan,HyperSara75,sarakhan0014@estcgp.gg,India,462,VP0014,Bronze,G01,Valorant,L015,Valorant Summer 2026,T003,Nova Pune,NVP03,M182,Singapore,E1819,4,PO0957,1679.79,TX0957,UPI,Paid,PF1186,6.83,8,16.07,,
P0015,Alex,Gupta,PhoenixAlex61,alexgupta0015@estcgp.gg,USA,1224,VP0015,Silver,G01,Valorant,L015,Valorant Summer 2026,T003,Nova Pune,NVP03,M182,Singapore,E1820,5,PO0958,9815.00,TX0958,Crypto,Cancelled,PF1187,0.12,229,29.26,,
P0356,Sara,Singh,VortexSara66,sarasingh0356@estcgp.gg,USA,3972,VP0356,Silver,G01,Valorant,L016,Valorant World 2026,T072,Raiders Delhi,RDD72,M183,Tokyo,E1821,1,PO0959,20574.40,TX0959,UPI,Paid,PF1188,5.42,500,59.65,,
P0357,Sam,Jain,VortexSam50,samjain0357@estcgp.gg,India,3036,VP0357,Platinum,G01,Valorant,L016,Valorant World 2026,T072,Raiders Delhi,RDD72,M183,Tokyo,E1822,2,PO0960,22866.88,TX0960,Bank,Pending,PF1189,8.29,399,1.09,V0263,TriggerBot
P0358,Riya,Khan,OmegaRiya57,riyakhan0358@estcgp.gg,India,354,VP0358,Silver,G01,Valorant,L016,Valorant World 2026,T072,Raiders Delhi,RDD72,M183,Tokyo,E1823,3,PO0961,3162.59,TX0961,Bank,Paid,PF1190,1.63,579,38.33,,
P0359,John,Singh,TitanJohn95,johnsingh0359@estcgp.gg,India,3018,VP0359,Bronze,G01,Valorant,L016,Valorant World 2026,T072,Raiders Delhi,RDD72,M183,Tokyo,E1824,4,PO0962,25385.31,TX0962,UPI,Paid,PF1191,4.77,301,37.34,V0264,Aimbot
P0360,Aman,Khan,NovaAman20,amankhan0360@estcgp.gg,India,2650,VP0360,Silver,G01,Valorant,L016,Valorant World 2026,T072,Raiders Delhi,RDD72,M183,Tokyo,E1825,5,PO0963,17657.22,TX0963,Bank,Paid,PF1192,2.92,144,88.62,,
P0166,Alex,Singh,SilentAlex4,alexsingh0166@estcgp.gg,India,4698,VP0166,Gold,G01,Valorant,L016,Valorant World 2026,T034,Titans Hyderabad,TTH34,M183,Tokyo,E1826,1,PO0964,1401.21,TX0964,UPI,Paid,PF1193,0.00,591,1.54,,
P0167,Sam,Patel,CyberSam82,sampatel0167@estcgp.gg,India,727,VP0167,Silver,G01,Valorant,L016,Valorant World 2026,T034,Titans Hyderabad,TTH34,M183,Tokyo,E1827,2,PO0965,45692.82,TX0965,Bank,Paid,PF1194,8.13,653,43.35,,
P0168,Sam,Patel,PixelSam27,sampatel0168@estcgp.gg,India,4374,VP0168,Silver,G01,Valorant,L016,Valorant World 2026,T034,Titans Hyderabad,TTH34,M183,Tokyo,E1828,3,PO0966,21258.06,TX0966,PayPal,Paid,PF1195,4.52,562,100.00,,
P0169,Alex,Khan,CyberAlex10,alexkhan0169@estcgp.gg,USA,3367,VP0169,Gold,G01,Valorant,L016,Valorant World 2026,T034,Titans Hyderabad,TTH34,M183,Tokyo,E1829,4,,,,,,PF1196,2.98,285,76.54,,
P0170,Sara,Khan,BlazeSara69,sarakhan0170@estcgp.gg,India,3175,VP0170,Platinum,G01,Valorant,L016,Valorant World 2026,T034,Titans Hyderabad,TTH34,M183,Tokyo,E1830,5,PO0967,10621.51,TX0967,UPI,Paid,PF1197,8.93,155,54.04,,
P0011,Sara,Joshi,HyperSara39,sarajoshi0011@estcgp.gg,India,3950,VP0011,Gold,G02,CS2,L017,CS2 Open 2026,T003,Nova Pune,NVP03,M184,London,E1831,1,PO0968,7145.63,TX0968,Wallet,Paid,PF1198,6.46,314,90.78,V0265,Aimbot
P0012,Sara,Khan,QuantumSara36,sarakhan0012@estcgp.gg,India,2544,VP0012,Silver,G02,CS2,L017,CS2 Open 2026,T003,Nova Pune,NVP03,M184,London,E1832,2,PO0969,13028.12,TX0969,Wallet,SUCCESS,PF1199,8.43,122,5.95,,
P0013,Sam,Chopra,PrimeSam21,samchopra0013@estcgp.gg,USA,4363,VP0013,Bronze,G02,CS2,L017,CS2 Open 2026,T003,Nova Pune,NVP03,M184,London,E1833,3,PO0970,47204.36,TX0970,UPI,Paid,PF1200,2.10,270,88.87,V0266,SpeedHack
P0014,Sara,Khan,HyperSara75,sarakhan0014@estcgp.gg,India,462,VP0014,Bronze,G02,CS2,L017,CS2 Open 2026,T003,Nova Pune,NVP03,M184,London,E1834,4,,,,,,PF1201,1.90,336,80.80,,
P0015,Alex,Gupta,PhoenixAlex61,alexgupta0015@estcgp.gg,USA,1224,VP0015,Silver,G02,CS2,L017,CS2 Open 2026,T003,Nova Pune,NVP03,M184,London,E1835,5,PO0971,29222.14,TX0971,UPI,Cancelled,PF1202,0.77,28,78.75,,
P0016,Aman,Chopra,NeonAman65,amanchopra0016@estcgp.gg,India,3389,VP0016,Gold,G02,CS2,L017,CS2 Open 2026,T004,Nova Hyderabad,NVH04,M184,London,E1836,1,,,,,,PF1203,0.08,124,14.14,,
P0017,Alex,Yadav,IronAlex18,alexyadav0017@estcgp.gg,India,3091,VP0017,Platinum,G02,CS2,L017,CS2 Open 2026,T004,Nova Hyderabad,NVH04,M184,London,E1837,2,PO0972,5920.81,TX0972,Wallet,Paid,PF1204,7.53,0,25.33,,
P0018,John,Yadav,SilentJohn93,johnyadav0018@estcgp.gg,India,4026,VP0018,Silver,G02,CS2,L017,CS2 Open 2026,T004,Nova Hyderabad,NVH04,M184,London,E1838,3,PO0973,28244.41,TX0973,Bank,SUCCESS,PF1205,0.84,77,88.55,V0267,Aimbot
P0019,Alex,Joshi,PhoenixAlex55,alexjoshi0019@estcgp.gg,USA,518,VP0019,Silver,G02,CS2,L017,CS2 Open 2026,T004,Nova Hyderabad,NVH04,M184,London,E1839,4,PO0974,1347.56,TX0974,Crypto,Paid,PF1206,7.88,36,46.46,,
P0020,Alex,Khan,BlazeAlex39,alexkhan0020@estcgp.gg,India,4299,VP0020,Bronze,G02,CS2,L017,CS2 Open 2026,T004,Nova Hyderabad,NVH04,M184,London,E1840,5,PO0975,20105.57,TX0975,UPI,Paid,PF1207,2.92,525,92.30,,
P0166,Alex,Singh,SilentAlex4,alexsingh0166@estcgp.gg,India,4698,VP0166,Gold,G02,CS2,L018,CS2 Spring 2026,T034,Titans Hyderabad,TTH34,M185,Mumbai,E1841,1,,,,,,,,,,,
P0167,Sam,Patel,CyberSam82,sampatel0167@estcgp.gg,India,727,VP0167,Silver,G02,CS2,L018,CS2 Spring 2026,T034,Titans Hyderabad,TTH34,M185,Mumbai,E1842,2,,,,,,,,,,,
P0168,Sam,Patel,PixelSam27,sampatel0168@estcgp.gg,India,4374,VP0168,Silver,G02,CS2,L018,CS2 Spring 2026,T034,Titans Hyderabad,TTH34,M185,Mumbai,E1843,3,,,,,,,,,,,
P0169,Alex,Khan,CyberAlex10,alexkhan0169@estcgp.gg,USA,3367,VP0169,Gold,G02,CS2,L018,CS2 Spring 2026,T034,Titans Hyderabad,TTH34,M185,Mumbai,E1844,4,,,,,,,,,,,
P0170,Sara,Khan,BlazeSara69,sarakhan0170@estcgp.gg,India,3175,VP0170,Platinum,G02,CS2,L018,CS2 Spring 2026,T034,Titans Hyderabad,TTH34,M185,Mumbai,E1845,5,,,,,,,,,,,
P0341,Sara,Khan,ApexSara23,sarakhan0341@estcgp.gg,India,980,VP0341,Bronze,G02,CS2,L018,CS2 Spring 2026,T069,Knights Frankfurt,KNF69,M185,Mumbai,E1846,1,,,,,,,,,,,
P0342,Aman,Singh,DragonAman46,amansingh0342@estcgp.gg,USA,4280,VP0342,Gold,G02,CS2,L018,CS2 Spring 2026,T069,Knights Frankfurt,KNF69,M185,Mumbai,E1847,2,,,,,,,,,,,
P0343,Riya,Singh,CrimsonRiya31,riyasingh0343@estcgp.gg,India,3462,VP0343,Silver,G02,CS2,L018,CS2 Spring 2026,T069,Knights Frankfurt,KNF69,M185,Mumbai,E1848,3,,,,,,,,,,,
P0344,Riya,Singh,KnightRiya9,riyasingh0344@estcgp.gg,USA,4408,VP0344,Gold,G02,CS2,L018,CS2 Spring 2026,T069,Knights Frankfurt,KNF69,M185,Mumbai,E1849,4,,,,,,,,,,,
P0345,Aman,Malhotra,GhostAman9,amanmalhotra0345@estcgp.gg,India,4648,VP0345,Bronze,G02,CS2,L018,CS2 Spring 2026,T069,Knights Frankfurt,KNF69,M185,Mumbai,E1850,5,,,,,,,,,,,
P0016,Aman,Chopra,NeonAman65,amanchopra0016@estcgp.gg,India,3389,VP0016,Gold,G02,CS2,L019,CS2 Summer 2026,T004,Nova Hyderabad,NVH04,M186,Frankfurt,E1851,1,,,,,,PF1208,0.00,296,34.36,,
P0017,Alex,Yadav,IronAlex18,alexyadav0017@estcgp.gg,India,3091,VP0017,Platinum,G02,CS2,L019,CS2 Summer 2026,T004,Nova Hyderabad,NVH04,M186,Frankfurt,E1852,2,,,,,,PF1209,0.00,188,2.18,,
P0018,John,Yadav,SilentJohn93,johnyadav0018@estcgp.gg,India,4026,VP0018,Silver,G02,CS2,L019,CS2 Summer 2026,T004,Nova Hyderabad,NVH04,M186,Frankfurt,E1853,3,,,,,,PF1210,3.94,512,73.76,,
P0019,Alex,Joshi,PhoenixAlex55,alexjoshi0019@estcgp.gg,USA,518,VP0019,Silver,G02,CS2,L019,CS2 Summer 2026,T004,Nova Hyderabad,NVH04,M186,Frankfurt,E1854,4,,,,,,PF1211,2.81,0,42.22,V0268,Wallhack
P0020,Alex,Khan,BlazeAlex39,alexkhan0020@estcgp.gg,India,4299,VP0020,Bronze,G02,CS2,L019,CS2 Summer 2026,T004,Nova Hyderabad,NVH04,M186,Frankfurt,E1855,5,,,,,,PF1212,3.71,471,100.00,V0269,Wallhack
P0516,Riya,Pillai,TitanRiya19,riyapillai0516@estcgp.gg,India,722,VP0516,Silver,G02,CS2,L019,CS2 Summer 2026,T104,Nexus Hyderabad,NXH104,M186,Frankfurt,E1856,1,,,,,,PF1213,3.53,520,100.00,,
P0517,Aman,Kumar,LunaAman29,amankumar0517@estcgp.gg,India,3065,VP0517,Silver,G02,CS2,L019,CS2 Summer 2026,T104,Nexus Hyderabad,NXH104,M186,Frankfurt,E1857,2,,,,,,PF1214,0.34,675,80.18,,
P0518,Sara,Yadav,NitroSara69,sarayadav0518@estcgp.gg,USA,852,VP0518,Silver,G02,CS2,L019,CS2 Summer 2026,T104,Nexus Hyderabad,NXH104,M186,Frankfurt,E1858,3,,,,,,PF1215,5.02,334,100.00,,
P0519,Sam,Khan,PrimeSam84,samkhan0519@estcgp.gg,India,1699,VP0519,Bronze,G02,CS2,L019,CS2 Summer 2026,T104,Nexus Hyderabad,NXH104,M186,Frankfurt,E1859,4,,,,,,PF1216,6.94,673,60.11,,
P0520,Aman,Khan,PixelAman93,amankhan0520@estcgp.gg,India,1851,VP0520,Silver,G02,CS2,L019,CS2 Summer 2026,T104,Nexus Hyderabad,NXH104,M186,Frankfurt,E1860,5,,,,,,PF1217,6.21,161,2.12,,
P0341,Sara,Khan,ApexSara23,sarakhan0341@estcgp.gg,India,980,VP0341,Bronze,G02,CS2,L020,CS2 World 2026,T069,Knights Frankfurt,KNF69,M187,Singapore,E1861,1,,,,,,,,,,,
P0342,Aman,Singh,DragonAman46,amansingh0342@estcgp.gg,USA,4280,VP0342,Gold,G02,CS2,L020,CS2 World 2026,T069,Knights Frankfurt,KNF69,M187,Singapore,E1862,2,,,,,,,,,,,
P0343,Riya,Singh,CrimsonRiya31,riyasingh0343@estcgp.gg,India,3462,VP0343,Silver,G02,CS2,L020,CS2 World 2026,T069,Knights Frankfurt,KNF69,M187,Singapore,E1863,3,,,,,,,,,,,
P0344,Riya,Singh,KnightRiya9,riyasingh0344@estcgp.gg,USA,4408,VP0344,Gold,G02,CS2,L020,CS2 World 2026,T069,Knights Frankfurt,KNF69,M187,Singapore,E1864,4,,,,,,,,,,,
P0345,Aman,Malhotra,GhostAman9,amanmalhotra0345@estcgp.gg,India,4648,VP0345,Bronze,G02,CS2,L020,CS2 World 2026,T069,Knights Frankfurt,KNF69,M187,Singapore,E1865,5,,,,,,,,,,,
P0256,Sara,Patel,RogueSara68,sarapatel0256@estcgp.gg,USA,0,VP0256,Gold,G02,CS2,L020,CS2 World 2026,T052,Wolves Delhi,WVD52,M187,Singapore,E1866,1,,,,,,,,,,,
P0257,Alex,Khan,PulseAlex12,alexkhan0257@estcgp.gg,India,950,VP0257,Bronze,G02,CS2,L020,CS2 World 2026,T052,Wolves Delhi,WVD52,M187,Singapore,E1867,2,,,,,,,,,,,
P0258,Sara,Khan,PixelSara65,sarakhan0258@estcgp.gg,USA,4322,VP0258,Gold,G02,CS2,L020,CS2 World 2026,T052,Wolves Delhi,WVD52,M187,Singapore,E1868,3,,,,,,,,,,,
P0259,Alex,Patel,StormAlex79,alexpatel0259@estcgp.gg,India,202,VP0259,Silver,G02,CS2,L020,CS2 World 2026,T052,Wolves Delhi,WVD52,M187,Singapore,E1869,4,,,,,,,,,,,
P0260,Riya,Khan,IronRiya49,riyakhan0260@estcgp.gg,India,477,VP0260,Bronze,G02,CS2,L020,CS2 World 2026,T052,Wolves Delhi,WVD52,M187,Singapore,E1870,5,,,,,,,,,,,
P0516,Riya,Pillai,TitanRiya19,riyapillai0516@estcgp.gg,India,722,VP0516,Silver,G03,Dota2,L021,Dota2 Open 2026,T104,Nexus Hyderabad,NXH104,M188,Tokyo,E1871,1,,,,,,,,,,,
P0517,Aman,Kumar,LunaAman29,amankumar0517@estcgp.gg,India,3065,VP0517,Silver,G03,Dota2,L021,Dota2 Open 2026,T104,Nexus Hyderabad,NXH104,M188,Tokyo,E1872,2,,,,,,,,,,,
P0518,Sara,Yadav,NitroSara69,sarayadav0518@estcgp.gg,USA,852,VP0518,Silver,G03,Dota2,L021,Dota2 Open 2026,T104,Nexus Hyderabad,NXH104,M188,Tokyo,E1873,3,,,,,,,,,,,
P0519,Sam,Khan,PrimeSam84,samkhan0519@estcgp.gg,India,1699,VP0519,Bronze,G03,Dota2,L021,Dota2 Open 2026,T104,Nexus Hyderabad,NXH104,M188,Tokyo,E1874,4,,,,,,,,,,,
P0520,Aman,Khan,PixelAman93,amankhan0520@estcgp.gg,India,1851,VP0520,Silver,G03,Dota2,L021,Dota2 Open 2026,T104,Nexus Hyderabad,NXH104,M188,Tokyo,E1875,5,,,,,,,,,,,
P0526,Sam,Yadav,NitroSam4,samyadav0526@estcgp.gg,India,957,VP0526,Silver,G03,Dota2,L021,Dota2 Open 2026,T106,Nexus Chennai,NXC106,M188,Tokyo,E1876,1,,,,,,,,,,,
P0527,Sam,Khan,TitanSam63,samkhan0527@estcgp.gg,India,1660,VP0527,Platinum,G03,Dota2,L021,Dota2 Open 2026,T106,Nexus Chennai,NXC106,M188,Tokyo,E1877,2,,,,,,,,,,,
P0528,Alex,Yadav,WolfAlex27,alexyadav0528@estcgp.gg,India,2200,VP0528,Gold,G03,Dota2,L021,Dota2 Open 2026,T106,Nexus Chennai,NXC106,M188,Tokyo,E1878,3,,,,,,,,,,,
P0529,Riya,Mehta,ApexRiya34,riyamehta0529@estcgp.gg,USA,4890,VP0529,Gold,G03,Dota2,L021,Dota2 Open 2026,T106,Nexus Chennai,NXC106,M188,Tokyo,E1879,4,,,,,,,,,,,
P0530,Sara,Yadav,ViperSara3,sarayadav0530@estcgp.gg,India,4323,VP0530,Bronze,G03,Dota2,L021,Dota2 Open 2026,T106,Nexus Chennai,NXC106,M188,Tokyo,E1880,5,,,,,,,,,,,
P0256,Sara,Patel,RogueSara68,sarapatel0256@estcgp.gg,USA,0,VP0256,Gold,G03,Dota2,L022,Dota2 Spring 2026,T052,Wolves Delhi,WVD52,M189,London,E1881,1,PO0976,35576.47,TX0976,Bank,Pending,PF1218,0.00,236,100.00,,
P0257,Alex,Khan,PulseAlex12,alexkhan0257@estcgp.gg,India,950,VP0257,Bronze,G03,Dota2,L022,Dota2 Spring 2026,T052,Wolves Delhi,WVD52,M189,London,E1882,2,PO0977,33178.41,TX0977,Crypto,Paid,PF1219,4.87,639,84.89,V0270,Wallhack
P0258,Sara,Khan,PixelSara65,sarakhan0258@estcgp.gg,USA,4322,VP0258,Gold,G03,Dota2,L022,Dota2 Spring 2026,T052,Wolves Delhi,WVD52,M189,London,E1883,3,PO0978,12600.46,TX0978,Bank,Paid,PF1220,0.02,168,88.38,,
P0259,Alex,Patel,StormAlex79,alexpatel0259@estcgp.gg,India,202,VP0259,Silver,G03,Dota2,L022,Dota2 Spring 2026,T052,Wolves Delhi,WVD52,M189,London,E1884,4,PO0979,1569.66,TX0979,UPI,Paid,PF1221,2.70,485,69.10,,
P0260,Riya,Khan,IronRiya49,riyakhan0260@estcgp.gg,India,477,VP0260,Bronze,G03,Dota2,L022,Dota2 Spring 2026,T052,Wolves Delhi,WVD52,M189,London,E1885,5,PO0980,6953.10,TX0980,Crypto,Paid,PF1222,6.11,450,9.43,V0271,Aimbot
P0241,Sara,Khan,SilentSara19,sarakhan0241@estcgp.gg,India,3840,VP0241,Gold,G03,Dota2,L022,Dota2 Spring 2026,T049,Storm Frankfurt,STF49,M189,London,E1886,1,PO0981,1767.41,TX0981,Bank,Paid,PF1223,7.42,518,100.00,,
P0242,Riya,Patel,QuantumRiya84,riyapatel0242@estcgp.gg,India,1031,VP0242,Gold,G03,Dota2,L022,Dota2 Spring 2026,T049,Storm Frankfurt,STF49,M189,London,E1887,2,PO0982,49581.37,TX0982,UPI,Paid,PF1224,4.43,590,28.57,,
P0243,Sam,Patel,SilentSam49,sampatel0243@estcgp.gg,India,4894,VP0243,Bronze,G03,Dota2,L022,Dota2 Spring 2026,T049,Storm Frankfurt,STF49,M189,London,E1888,3,PO0983,25045.90,TX0983,Wallet,Paid,PF1225,1.62,121,9.43,,
P0244,Sara,Khan,ApexSara60,sarakhan0244@estcgp.gg,India,2736,VP0244,Bronze,G03,Dota2,L022,Dota2 Spring 2026,T049,Storm Frankfurt,STF49,M189,London,E1889,4,PO0984,17120.59,TX0984,Wallet,SUCCESS,PF1226,4.80,17,74.66,V0272,Wallhack
P0245,Sara,Patel,NitroSara75,sarapatel0245@estcgp.gg,India,3439,VP0245,Bronze,G03,Dota2,L022,Dota2 Spring 2026,T049,Storm Frankfurt,STF49,M189,London,E1890,5,PO0985,27991.37,TX0985,UPI,Paid,PF1227,1.60,554,25.25,,
P0526,Sam,Yadav,NitroSam4,samyadav0526@estcgp.gg,India,957,VP0526,Silver,G03,Dota2,L023,Dota2 Summer 2026,T106,Nexus Chennai,NXC106,M190,Mumbai,E1891,1,PO0986,37322.09,TX0986,UPI,Paid,PF1228,0.00,0,60.26,,
P0527,Sam,Khan,TitanSam63,samkhan0527@estcgp.gg,India,1660,VP0527,Platinum,G03,Dota2,L023,Dota2 Summer 2026,T106,Nexus Chennai,NXC106,M190,Mumbai,E1892,2,PO0987,34022.30,TX0987,Bank,Paid,PF1229,0.53,441,31.83,,
P0528,Alex,Yadav,WolfAlex27,alexyadav0528@estcgp.gg,India,2200,VP0528,Gold,G03,Dota2,L023,Dota2 Summer 2026,T106,Nexus Chennai,NXC106,M190,Mumbai,E1893,3,,,,,,,,,,,
P0529,Riya,Mehta,ApexRiya34,riyamehta0529@estcgp.gg,USA,4890,VP0529,Gold,G03,Dota2,L023,Dota2 Summer 2026,T106,Nexus Chennai,NXC106,M190,Mumbai,E1894,4,PO0988,40273.67,TX0988,Wallet,Paid,PF1230,2.54,416,96.33,,
P0530,Sara,Yadav,ViperSara3,sarayadav0530@estcgp.gg,India,4323,VP0530,Bronze,G03,Dota2,L023,Dota2 Summer 2026,T106,Nexus Chennai,NXC106,M190,Mumbai,E1895,5,PO0989,6699.43,TX0989,PayPal,Paid,PF1231,1.27,621,29.83,,
P0576,Sara,Patel,WolfSara84,sarapatel0576@estcgp.gg,India,4175,VP0576,Silver,G03,Dota2,L023,Dota2 Summer 2026,T116,Pulse Chennai,PLC116,M190,Mumbai,E1896,1,PO0990,13237.41,TX0990,Bank,Paid,PF1232,4.91,51,22.46,,
P0577,Sara,Patel,VortexSara46,sarapatel0577@estcgp.gg,India,3856,VP0577,Silver,G03,Dota2,L023,Dota2 Summer 2026,T116,Pulse Chennai,PLC116,M190,Mumbai,E1897,2,,,,,,PF1233,0.00,138,30.03,V0273,Wallhack
P0578,Sara,Yadav,StormSara90,sarayadav0578@estcgp.gg,India,4184,VP0578,Platinum,G03,Dota2,L023,Dota2 Summer 2026,T116,Pulse Chennai,PLC116,M190,Mumbai,E1898,3,PO0991,9341.53,TX0991,UPI,Paid,PF1234,0.00,77,57.85,,
P0579,John,Singh,QuantumJohn88,johnsingh0579@estcgp.gg,India,998,VP0579,Silver,G03,Dota2,L023,Dota2 Summer 2026,T116,Pulse Chennai,PLC116,M190,Mumbai,E1899,4,,,,,,PF1235,7.28,481,28.83,,
P0580,Sam,Yadav,NovaSam47,samyadav0580@estcgp.gg,India,4331,VP0580,Diamond,G03,Dota2,L023,Dota2 Summer 2026,T116,Pulse Chennai,PLC116,M190,Mumbai,E1900,5,PO0992,4585.98,TX0992,Crypto,Paid,PF1236,0.60,382,100.00,,
P0241,Sara,Khan,SilentSara19,sarakhan0241@estcgp.gg,India,3840,VP0241,Gold,G03,Dota2,L024,Dota2 World 2026,T049,Storm Frankfurt,STF49,M191,Frankfurt,E1901,1,PO0993,24822.69,TX0993,Crypto,Paid,PF1237,7.21,658,75.23,,
P0242,Riya,Patel,QuantumRiya84,riyapatel0242@estcgp.gg,India,1031,VP0242,Gold,G03,Dota2,L024,Dota2 World 2026,T049,Storm Frankfurt,STF49,M191,Frankfurt,E1902,2,PO0994,32346.92,TX0994,Bank,Paid,PF1238,7.85,0,62.70,,
P0243,Sam,Patel,SilentSam49,sampatel0243@estcgp.gg,India,4894,VP0243,Bronze,G03,Dota2,L024,Dota2 World 2026,T049,Storm Frankfurt,STF49,M191,Frankfurt,E1903,3,PO0995,6289.64,TX0995,Crypto,Paid,PF1239,5.13,269,5.90,,
P0244,Sara,Khan,ApexSara60,sarakhan0244@estcgp.gg,India,2736,VP0244,Bronze,G03,Dota2,L024,Dota2 World 2026,T049,Storm Frankfurt,STF49,M191,Frankfurt,E1904,4,,,,,,,,,,,
P0245,Sara,Patel,NitroSara75,sarapatel0245@estcgp.gg,India,3439,VP0245,Bronze,G03,Dota2,L024,Dota2 World 2026,T049,Storm Frankfurt,STF49,M191,Frankfurt,E1905,5,PO0996,1547.59,TX0996,UPI,Pending,PF1240,5.66,128,70.81,V0274,Wallhack
P0291,John,Patel,QuantumJohn3,johnpatel0291@estcgp.gg,India,3547,VP0291,Gold,G03,Dota2,L024,Dota2 World 2026,T059,Wolves Frankfurt,WVF59,M191,Frankfurt,E1906,1,PO0997,14407.14,TX0997,Crypto,Paid,PF1241,7.06,82,28.33,,
P0292,Alex,Patel,GhostAlex85,alexpatel0292@estcgp.gg,India,4104,VP0292,Bronze,G03,Dota2,L024,Dota2 World 2026,T059,Wolves Frankfurt,WVF59,M191,Frankfurt,E1907,2,PO0998,8231.22,TX0998,UPI,SUCCESS,PF1242,0.00,344,34.37,,
P0293,John,Yadav,LunaJohn86,johnyadav0293@estcgp.gg,India,1489,VP0293,Silver,G03,Dota2,L024,Dota2 World 2026,T059,Wolves Frankfurt,WVF59,M191,Frankfurt,E1908,3,PO0999,46915.46,TX0999,UPI,Paid,PF1243,7.57,28,100.00,,
P0294,Aman,Singh,PixelAman36,amansingh0294@estcgp.gg,India,971,VP0294,Silver,G03,Dota2,L024,Dota2 World 2026,T059,Wolves Frankfurt,WVF59,M191,Frankfurt,E1909,4,PO1000,17069.53,TX1000,Crypto,SUCCESS,PF1244,6.95,313,28.70,V0275,Wallhack
P0295,John,Khan,PixelJohn82,johnkhan0295@estcgp.gg,India,4149,VP0295,Gold,G03,Dota2,L024,Dota2 World 2026,T059,Wolves Frankfurt,WVF59,M191,Frankfurt,E1910,5,PO1001,30844.58,TX1001,Bank,Paid,PF1245,0.00,279,35.46,,
P0576,Sara,Patel,WolfSara84,sarapatel0576@estcgp.gg,India,4175,VP0576,Silver,G01,Valorant,L001,Valorant Open 2025,T116,Pulse Chennai,PLC116,M192,Singapore,E1911,1,PO1002,55909.32,TX1002,Crypto,Paid,PF1246,1.44,575,0.76,,
P0577,Sara,Patel,VortexSara46,sarapatel0577@estcgp.gg,India,3856,VP0577,Silver,G01,Valorant,L001,Valorant Open 2025,T116,Pulse Chennai,PLC116,M192,Singapore,E1912,2,PO1003,50297.86,TX1003,Bank,Paid,PF1247,2.26,542,67.71,V0276,Wallhack
P0578,Sara,Yadav,StormSara90,sarayadav0578@estcgp.gg,India,4184,VP0578,Platinum,G01,Valorant,L001,Valorant Open 2025,T116,Pulse Chennai,PLC116,M192,Singapore,E1913,3,PO1004,33152.30,TX1004,UPI,Paid,PF1248,2.56,448,5.70,,
P0579,John,Singh,QuantumJohn88,johnsingh0579@estcgp.gg,India,998,VP0579,Silver,G01,Valorant,L001,Valorant Open 2025,T116,Pulse Chennai,PLC116,M192,Singapore,E1914,4,PO1005,13619.66,TX1005,Bank,Paid,PF1249,0.00,592,62.82,,
P0580,Sam,Yadav,NovaSam47,samyadav0580@estcgp.gg,India,4331,VP0580,Diamond,G01,Valorant,L001,Valorant Open 2025,T116,Pulse Chennai,PLC116,M192,Singapore,E1915,5,PO1006,30471.99,TX1006,Wallet,Paid,PF1250,8.44,303,1.38,,
P0446,Alex,Patel,ShadowAlex2,alexpatel0446@estcgp.gg,India,2373,VP0446,Bronze,G01,Valorant,L001,Valorant Open 2025,T090,Apex London,AXL90,M192,Singapore,E1916,1,PO1007,28183.75,TX1007,Crypto,SUCCESS,PF1251,2.87,673,57.24,,
P0447,Riya,Khan,RogueRiya70,riyakhan0447@estcgp.gg,India,3122,VP0447,Bronze,G01,Valorant,L001,Valorant Open 2025,T090,Apex London,AXL90,M192,Singapore,E1917,2,PO1008,1210.86,TX1008,UPI,Paid,PF1252,8.91,128,46.73,,
P0448,Sam,Patel,DragonSam74,sampatel0448@estcgp.gg,India,4661,VP0448,Silver,G01,Valorant,L001,Valorant Open 2025,T090,Apex London,AXL90,M192,Singapore,E1918,3,PO1009,23544.23,TX1009,UPI,Paid,PF1253,6.49,686,60.82,,
P0449,Sara,Singh,RogueSara39,sarasingh0449@estcgp.gg,India,3206,VP0449,Silver,G01,Valorant,L001,Valorant Open 2025,T090,Apex London,AXL90,M192,Singapore,E1919,4,PO1010,13363.34,TX1010,UPI,Paid,PF1254,2.74,499,17.86,V0277,TriggerBot
P0450,Sam,Taylor,GhostSam8,samtaylor0450@estcgp.gg,India,3883,VP0450,Gold,G01,Valorant,L001,Valorant Open 2025,T090,Apex London,AXL90,M192,Singapore,E1920,5,PO1011,16511.38,TX1011,Bank,Paid,PF1255,2.50,591,73.48,V0278,Wallhack
P0291,John,Patel,QuantumJohn3,johnpatel0291@estcgp.gg,India,3547,VP0291,Gold,G01,Valorant,L002,Valorant Spring 2025,T059,Wolves Frankfurt,WVF59,M193,Tokyo,E1921,1,PO1012,22285.09,TX1012,PayPal,Paid,PF1256,8.30,325,73.03,,
P0292,Alex,Patel,GhostAlex85,alexpatel0292@estcgp.gg,India,4104,VP0292,Bronze,G01,Valorant,L002,Valorant Spring 2025,T059,Wolves Frankfurt,WVF59,M193,Tokyo,E1922,2,PO1013,17565.17,TX1013,UPI,Paid,PF1257,6.24,307,91.72,,
P0293,John,Yadav,LunaJohn86,johnyadav0293@estcgp.gg,India,1489,VP0293,Silver,G01,Valorant,L002,Valorant Spring 2025,T059,Wolves Frankfurt,WVF59,M193,Tokyo,E1923,3,PO1014,5010.07,TX1014,UPI,Paid,PF1258,7.85,509,35.97,,
P0294,Aman,Singh,PixelAman36,amansingh0294@estcgp.gg,India,971,VP0294,Silver,G01,Valorant,L002,Valorant Spring 2025,T059,Wolves Frankfurt,WVF59,M193,Tokyo,E1924,4,PO1015,18542.67,TX1015,Crypto,Paid,PF1259,8.67,61,65.92,,
P0295,John,Khan,PixelJohn82,johnkhan0295@estcgp.gg,India,4149,VP0295,Gold,G01,Valorant,L002,Valorant Spring 2025,T059,Wolves Frankfurt,WVF59,M193,Tokyo,E1925,5,PO1016,19150.97,TX1016,UPI,Pending,PF1260,3.49,325,95.80,,
P0141,Riya,Singh,GhostRiya54,riyasingh0141@estcgp.gg,India,880,VP0141,Silver,G01,Valorant,L002,Valorant Spring 2025,T029,Dragons Frankfurt,DGF29,M193,Tokyo,E1926,1,PO1017,9250.55,TX1017,Bank,Paid,PF1261,0.39,675,78.03,V0279,Other
P0142,John,Khan,PulseJohn2,johnkhan0142@estcgp.gg,India,1574,VP0142,Silver,G01,Valorant,L002,Valorant Spring 2025,T029,Dragons Frankfurt,DGF29,M193,Tokyo,E1927,2,PO1018,34438.29,TX1018,UPI,Paid,PF1262,4.20,254,3.65,,
P0143,Sam,Yadav,FrostSam27,samyadav0143@estcgp.gg,USA,1538,VP0143,Gold,G01,Valorant,L002,Valorant Spring 2025,T029,Dragons Frankfurt,DGF29,M193,Tokyo,E1928,3,PO1019,36990.62,TX1019,Wallet,SUCCESS,PF1263,3.33,426,37.02,,
P0144,Riya,Khan,ViperRiya70,riyakhan0144@estcgp.gg,India,3194,VP0144,Gold,G01,Valorant,L002,Valorant Spring 2025,T029,Dragons Frankfurt,DGF29,M193,Tokyo,E1929,4,PO1020,20465.23,TX1020,UPI,Pending,PF1264,0.36,131,98.52,,
P0145,Aman,Jain,IronAman79,amanjain0145@estcgp.gg,India,2270,VP0145,Diamond,G01,Valorant,L002,Valorant Spring 2025,T029,Dragons Frankfurt,DGF29,M193,Tokyo,E1930,5,PO1021,17965.25,TX1021,Bank,Paid,PF1265,4.48,497,67.20,,
P0446,Alex,Patel,ShadowAlex2,alexpatel0446@estcgp.gg,India,2373,VP0446,Bronze,G01,Valorant,L003,Valorant Summer 2025,T090,Apex London,AXL90,M194,London,E1931,1,,,,,,,,,,,
P0447,Riya,Khan,RogueRiya70,riyakhan0447@estcgp.gg,India,3122,VP0447,Bronze,G01,Valorant,L003,Valorant Summer 2025,T090,Apex London,AXL90,M194,London,E1932,2,,,,,,,,,,,
P0448,Sam,Patel,DragonSam74,sampatel0448@estcgp.gg,India,4661,VP0448,Silver,G01,Valorant,L003,Valorant Summer 2025,T090,Apex London,AXL90,M194,London,E1933,3,,,,,,,,,,,
P0449,Sara,Singh,RogueSara39,sarasingh0449@estcgp.gg,India,3206,VP0449,Silver,G01,Valorant,L003,Valorant Summer 2025,T090,Apex London,AXL90,M194,London,E1934,4,,,,,,,,,,,
P0450,Sam,Taylor,GhostSam8,samtaylor0450@estcgp.gg,India,3883,VP0450,Gold,G01,Valorant,L003,Valorant Summer 2025,T090,Apex London,AXL90,M194,London,E1935,5,,,,,,,,,,,
P0361,Sam,Khan,ShadowSam53,samkhan0361@estcgp.gg,India,378,VP0361,Gold,G01,Valorant,L003,Valorant Summer 2025,T073,Raiders Pune,RDP73,M194,London,E1936,1,,,,,,,,,,,
P0362,Sara,Mehta,QuantumSara38,saramehta0362@estcgp.gg,India,284,VP0362,Gold,G01,Valorant,L003,Valorant Summer 2025,T073,Raiders Pune,RDP73,M194,London,E1937,2,,,,,,,,,,,
P0363,John,Yadav,BlazeJohn90,johnyadav0363@estcgp.gg,USA,3675,VP0363,Silver,G01,Valorant,L003,Valorant Summer 2025,T073,Raiders Pune,RDP73,M194,London,E1938,3,,,,,,,,,,,
P0364,John,Patel,NitroJohn92,johnpatel0364@estcgp.gg,India,3943,VP0364,Silver,G01,Valorant,L003,Valorant Summer 2025,T073,Raiders Pune,RDP73,M194,London,E1939,4,,,,,,,,,,,
P0365,Alex,Sharma,CyberAlex21,alexsharma0365@estcgp.gg,USA,4801,VP0365,Gold,G01,Valorant,L003,Valorant Summer 2025,T073,Raiders Pune,RDP73,M194,London,E1940,5,,,,,,,,,,,
P0141,Riya,Singh,GhostRiya54,riyasingh0141@estcgp.gg,India,880,VP0141,Silver,G01,Valorant,L004,Valorant World 2025,T029,Dragons Frankfurt,DGF29,M195,Mumbai,E1941,1,,,,,,PF1266,6.41,329,15.08,V0280,Wallhack
P0142,John,Khan,PulseJohn2,johnkhan0142@estcgp.gg,India,1574,VP0142,Silver,G01,Valorant,L004,Valorant World 2025,T029,Dragons Frankfurt,DGF29,M195,Mumbai,E1942,2,,,,,,PF1267,2.14,90,97.31,,
P0143,Sam,Yadav,FrostSam27,samyadav0143@estcgp.gg,USA,1538,VP0143,Gold,G01,Valorant,L004,Valorant World 2025,T029,Dragons Frankfurt,DGF29,M195,Mumbai,E1943,3,,,,,,PF1268,4.45,677,64.64,V0281,Aimbot
P0144,Riya,Khan,ViperRiya70,riyakhan0144@estcgp.gg,India,3194,VP0144,Gold,G01,Valorant,L004,Valorant World 2025,T029,Dragons Frankfurt,DGF29,M195,Mumbai,E1944,4,,,,,,PF1269,2.07,178,9.09,,
P0145,Aman,Jain,IronAman79,amanjain0145@estcgp.gg,India,2270,VP0145,Diamond,G01,Valorant,L004,Valorant World 2025,T029,Dragons Frankfurt,DGF29,M195,Mumbai,E1945,5,,,,,,PF1270,7.02,474,77.42,,
P0091,Riya,Yadav,HyperRiya31,riyayadav0091@estcgp.gg,India,2598,VP0091,Silver,G01,Valorant,L004,Valorant World 2025,T019,Phoenix Frankfurt,PXF19,M195,Mumbai,E1946,1,,,,,,PF1271,7.85,312,100.00,,
P0092,Sam,Singh,QuantumSam3,samsingh0092@estcgp.gg,India,823,VP0092,Silver,G01,Valorant,L004,Valorant World 2025,T019,Phoenix Frankfurt,PXF19,M195,Mumbai,E1947,2,,,,,,PF1272,0.00,349,67.98,,
P0093,John,Yadav,QuantumJohn78,johnyadav0093@estcgp.gg,India,955,VP0093,Bronze,G01,Valorant,L004,Valorant World 2025,T019,Phoenix Frankfurt,PXF19,M195,Mumbai,E1948,3,,,,,,PF1273,0.00,274,100.00,,
P0094,Sam,Yadav,LunaSam75,samyadav0094@estcgp.gg,India,4224,VP0094,Bronze,G01,Valorant,L004,Valorant World 2025,T019,Phoenix Frankfurt,PXF19,M195,Mumbai,E1949,4,,,,,,PF1274,1.33,324,66.69,,
P0095,Alex,Singh,PhoenixAlex52,alexsingh0095@estcgp.gg,India,440,VP0095,Gold,G01,Valorant,L004,Valorant World 2025,T019,Phoenix Frankfurt,PXF19,M195,Mumbai,E1950,5,,,,,,PF1275,3.85,65,100.00,V0282,TriggerBot
P0361,Sam,Khan,ShadowSam53,samkhan0361@estcgp.gg,India,378,VP0361,Gold,G02,CS2,L005,CS2 Open 2025,T073,Raiders Pune,RDP73,M196,Frankfurt,E1951,1,,,,,,,,,,,
P0362,Sara,Mehta,QuantumSara38,saramehta0362@estcgp.gg,India,284,VP0362,Gold,G02,CS2,L005,CS2 Open 2025,T073,Raiders Pune,RDP73,M196,Frankfurt,E1952,2,,,,,,,,,,,
P0363,John,Yadav,BlazeJohn90,johnyadav0363@estcgp.gg,USA,3675,VP0363,Silver,G02,CS2,L005,CS2 Open 2025,T073,Raiders Pune,RDP73,M196,Frankfurt,E1953,3,,,,,,,,,,,
P0364,John,Patel,NitroJohn92,johnpatel0364@estcgp.gg,India,3943,VP0364,Silver,G02,CS2,L005,CS2 Open 2025,T073,Raiders Pune,RDP73,M196,Frankfurt,E1954,4,,,,,,,,,,,
P0365,Alex,Sharma,CyberAlex21,alexsharma0365@estcgp.gg,USA,4801,VP0365,Gold,G02,CS2,L005,CS2 Open 2025,T073,Raiders Pune,RDP73,M196,Frankfurt,E1955,5,,,,,,,,,,,
P0031,Sara,Sharma,NeonSara74,sarasharma0031@estcgp.gg,USA,2370,VP0031,Gold,G02,CS2,L005,CS2 Open 2025,T007,Nova Tokyo,NVT07,M196,Frankfurt,E1956,1,,,,,,,,,,,
P0032,Aman,Yadav,SilentAman36,amanyadav0032@estcgp.gg,India,2031,VP0032,Gold,G02,CS2,L005,CS2 Open 2025,T007,Nova Tokyo,NVT07,M196,Frankfurt,E1957,2,,,,,,,,,,,
P0033,Sam,Patel,NexusSam27,sampatel0033@estcgp.gg,USA,4018,VP0033,Silver,G02,CS2,L005,CS2 Open 2025,T007,Nova Tokyo,NVT07,M196,Frankfurt,E1958,3,,,,,,,,,,,
P0034,Sara,Yadav,ApexSara99,sarayadav0034@estcgp.gg,India,4921,VP0034,Platinum,G02,CS2,L005,CS2 Open 2025,T007,Nova Tokyo,NVT07,M196,Frankfurt,E1959,4,,,,,,,,,,,
P0035,Sara,Singh,PhoenixSara58,sarasingh0035@estcgp.gg,India,2304,VP0035,Gold,G02,CS2,L005,CS2 Open 2025,T007,Nova Tokyo,NVT07,M196,Frankfurt,E1960,5,,,,,,,,,,,
P0091,Riya,Yadav,HyperRiya31,riyayadav0091@estcgp.gg,India,2598,VP0091,Silver,G02,CS2,L006,CS2 Spring 2025,T019,Phoenix Frankfurt,PXF19,M197,Singapore,E1961,1,,,,,,,,,,,
P0092,Sam,Singh,QuantumSam3,samsingh0092@estcgp.gg,India,823,VP0092,Silver,G02,CS2,L006,CS2 Spring 2025,T019,Phoenix Frankfurt,PXF19,M197,Singapore,E1962,2,,,,,,,,,,,
P0093,John,Yadav,QuantumJohn78,johnyadav0093@estcgp.gg,India,955,VP0093,Bronze,G02,CS2,L006,CS2 Spring 2025,T019,Phoenix Frankfurt,PXF19,M197,Singapore,E1963,3,,,,,,,,,,,
P0094,Sam,Yadav,LunaSam75,samyadav0094@estcgp.gg,India,4224,VP0094,Bronze,G02,CS2,L006,CS2 Spring 2025,T019,Phoenix Frankfurt,PXF19,M197,Singapore,E1964,4,,,,,,,,,,,
P0095,Alex,Singh,PhoenixAlex52,alexsingh0095@estcgp.gg,India,440,VP0095,Gold,G02,CS2,L006,CS2 Spring 2025,T019,Phoenix Frankfurt,PXF19,M197,Singapore,E1965,5,,,,,,,,,,,
P0081,Sam,Khan,NeonSam25,samkhan0081@estcgp.gg,India,2467,VP0081,Silver,G02,CS2,L006,CS2 Spring 2025,T017,Phoenix Tokyo,PXT17,M197,Singapore,E1966,1,,,,,,,,,,,
P0082,Sam,Patel,ApexSam60,sampatel0082@estcgp.gg,India,585,VP0082,Bronze,G02,CS2,L006,CS2 Spring 2025,T017,Phoenix Tokyo,PXT17,M197,Singapore,E1967,2,,,,,,,,,,,
P0083,Riya,Patel,ApexRiya50,riyapatel0083@estcgp.gg,India,1219,VP0083,Bronze,G02,CS2,L006,CS2 Spring 2025,T017,Phoenix Tokyo,PXT17,M197,Singapore,E1968,3,,,,,,,,,,,
P0084,Sara,Yadav,IronSara8,sarayadav0084@estcgp.gg,India,3527,VP0084,Bronze,G02,CS2,L006,CS2 Spring 2025,T017,Phoenix Tokyo,PXT17,M197,Singapore,E1969,4,,,,,,,,,,,
P0085,Sara,Singh,StormSara93,sarasingh0085@estcgp.gg,India,3418,VP0085,Platinum,G02,CS2,L006,CS2 Spring 2025,T017,Phoenix Tokyo,PXT17,M197,Singapore,E1970,5,,,,,,,,,,,
P0031,Sara,Sharma,NeonSara74,sarasharma0031@estcgp.gg,USA,2370,VP0031,Gold,G02,CS2,L007,CS2 Summer 2025,T007,Nova Tokyo,NVT07,M198,Tokyo,E1971,1,PO1022,14108.61,TX1022,Wallet,SUCCESS,PF1276,2.18,414,75.85,,
P0032,Aman,Yadav,SilentAman36,amanyadav0032@estcgp.gg,India,2031,VP0032,Gold,G02,CS2,L007,CS2 Summer 2025,T007,Nova Tokyo,NVT07,M198,Tokyo,E1972,2,PO1023,24972.51,TX1023,Crypto,Failed,PF1277,8.02,286,42.53,V0283,Aimbot
P0033,Sam,Patel,NexusSam27,sampatel0033@estcgp.gg,USA,4018,VP0033,Silver,G02,CS2,L007,CS2 Summer 2025,T007,Nova Tokyo,NVT07,M198,Tokyo,E1973,3,PO1024,26018.99,TX1024,UPI,Paid,PF1278,6.99,220,59.00,,
P0034,Sara,Yadav,ApexSara99,sarayadav0034@estcgp.gg,India,4921,VP0034,Platinum,G02,CS2,L007,CS2 Summer 2025,T007,Nova Tokyo,NVT07,M198,Tokyo,E1974,4,PO1025,30901.21,TX1025,Wallet,Paid,PF1279,0.00,514,50.86,,
P0035,Sara,Singh,PhoenixSara58,sarasingh0035@estcgp.gg,India,2304,VP0035,Gold,G02,CS2,L007,CS2 Summer 2025,T007,Nova Tokyo,NVT07,M198,Tokyo,E1975,5,PO1026,31056.81,TX1026,Crypto,Paid,PF1280,0.48,363,29.00,,
P0186,Aman,Yadav,PhoenixAman23,amanyadav0186@estcgp.gg,India,822,VP0186,Gold,G02,CS2,L007,CS2 Summer 2025,T038,Titans Singapore,TTS38,M198,Tokyo,E1976,1,PO1027,26408.25,TX1027,Wallet,Paid,PF1281,0.00,219,91.78,,
P0187,John,Yadav,FrostJohn55,johnyadav0187@estcgp.gg,India,4121,VP0187,Platinum,G02,CS2,L007,CS2 Summer 2025,T038,Titans Singapore,TTS38,M198,Tokyo,E1977,2,PO1028,19188.76,TX1028,Bank,Paid,PF1282,0.00,677,7.69,V0284,TriggerBot
P0188,Riya,Patel,PhoenixRiya96,riyapatel0188@estcgp.gg,USA,4916,VP0188,Bronze,G02,CS2,L007,CS2 Summer 2025,T038,Titans Singapore,TTS38,M198,Tokyo,E1978,3,PO1029,23674.71,TX1029,Crypto,Pending,PF1283,8.88,315,100.00,,
P0189,Sara,Khan,PixelSara88,sarakhan0189@estcgp.gg,India,2435,VP0189,Gold,G02,CS2,L007,CS2 Summer 2025,T038,Titans Singapore,TTS38,M198,Tokyo,E1979,4,PO1030,1399.86,TX1030,UPI,Paid,PF1284,0.00,23,11.38,,
P0190,John,Davis,QuantumJohn85,johndavis0190@estcgp.gg,India,584,VP0190,Gold,G02,CS2,L007,CS2 Summer 2025,T038,Titans Singapore,TTS38,M198,Tokyo,E1980,5,,,,,,,,,,,
P0081,Sam,Khan,NeonSam25,samkhan0081@estcgp.gg,India,2467,VP0081,Silver,G02,CS2,L008,CS2 World 2025,T017,Phoenix Tokyo,PXT17,M199,London,E1981,1,PO1031,2961.70,TX1031,UPI,Paid,PF1285,5.23,149,100.00,,
P0082,Sam,Patel,ApexSam60,sampatel0082@estcgp.gg,India,585,VP0082,Bronze,G02,CS2,L008,CS2 World 2025,T017,Phoenix Tokyo,PXT17,M199,London,E1982,2,,,,,,,,,,,
P0083,Riya,Patel,ApexRiya50,riyapatel0083@estcgp.gg,India,1219,VP0083,Bronze,G02,CS2,L008,CS2 World 2025,T017,Phoenix Tokyo,PXT17,M199,London,E1983,3,PO1032,1789.91,TX1032,Wallet,Paid,PF1286,0.00,570,90.67,,
P0084,Sara,Yadav,IronSara8,sarayadav0084@estcgp.gg,India,3527,VP0084,Bronze,G02,CS2,L008,CS2 World 2025,T017,Phoenix Tokyo,PXT17,M199,London,E1984,4,PO1033,6882.77,TX1033,Crypto,Paid,PF1287,0.00,88,63.76,,
P0085,Sara,Singh,StormSara93,sarasingh0085@estcgp.gg,India,3418,VP0085,Platinum,G02,CS2,L008,CS2 World 2025,T017,Phoenix Tokyo,PXT17,M199,London,E1985,5,PO1034,14559.08,TX1034,UPI,Paid,PF1288,0.84,610,56.30,V0285,SpeedHack
P0046,Sara,Yadav,ApexSara91,sarayadav0046@estcgp.gg,India,1004,VP0046,Gold,G02,CS2,L008,CS2 World 2025,T010,Nova London,NVL10,M199,London,E1986,1,PO1035,37155.64,TX1035,PayPal,Paid,PF1289,0.00,445,12.41,V0286,Aimbot
P0047,Aman,Yadav,PixelAman34,amanyadav0047@estcgp.gg,India,3779,VP0047,Gold,G02,CS2,L008,CS2 World 2025,T010,Nova London,NVL10,M199,London,E1987,2,PO1036,15667.97,TX1036,Wallet,Paid,PF1290,7.63,277,100.00,,
P0048,Riya,Khan,PrimeRiya37,riyakhan0048@estcgp.gg,India,3546,VP0048,Bronze,G02,CS2,L008,CS2 World 2025,T010,Nova London,NVL10,M199,London,E1988,3,PO1037,28268.27,TX1037,UPI,Paid,PF1291,0.00,389,67.89,,
P0049,Riya,Yadav,ApexRiya21,riyayadav0049@estcgp.gg,India,2386,VP0049,Silver,G02,CS2,L008,CS2 World 2025,T010,Nova London,NVL10,M199,London,E1989,4,PO1038,14459.10,TX1038,Bank,Paid,PF1292,8.24,577,62.58,,
P0050,Alex,Patel,BlazeAlex29,alexpatel0050@estcgp.gg,USA,3589,VP0050,Silver,G02,CS2,L008,CS2 World 2025,T010,Nova London,NVL10,M199,London,E1990,5,PO1039,17543.88,TX1039,Crypto,Paid,PF1293,2.09,301,100.00,,
P0186,Aman,Yadav,PhoenixAman23,amanyadav0186@estcgp.gg,India,822,VP0186,Gold,G03,Dota2,L009,Dota2 Open 2025,T038,Titans Singapore,TTS38,M200,Mumbai,E1991,1,PO1040,6085.83,TX1040,Bank,Paid,PF1294,6.08,518,99.33,,
P0187,John,Yadav,FrostJohn55,johnyadav0187@estcgp.gg,India,4121,VP0187,Platinum,G03,Dota2,L009,Dota2 Open 2025,T038,Titans Singapore,TTS38,M200,Mumbai,E1992,2,PO1041,49916.97,TX1041,Bank,Paid,PF1295,3.40,478,83.62,,
P0188,Riya,Patel,PhoenixRiya96,riyapatel0188@estcgp.gg,USA,4916,VP0188,Bronze,G03,Dota2,L009,Dota2 Open 2025,T038,Titans Singapore,TTS38,M200,Mumbai,E1993,3,PO1042,13359.00,TX1042,Crypto,Paid,PF1296,0.00,0,22.92,V0287,Aimbot
P0189,Sara,Khan,PixelSara88,sarakhan0189@estcgp.gg,India,2435,VP0189,Gold,G03,Dota2,L009,Dota2 Open 2025,T038,Titans Singapore,TTS38,M200,Mumbai,E1994,4,PO1043,23287.71,TX1043,Wallet,Paid,PF1297,4.89,696,3.93,,
P0190,John,Davis,QuantumJohn85,johndavis0190@estcgp.gg,India,584,VP0190,Gold,G03,Dota2,L009,Dota2 Open 2025,T038,Titans Singapore,TTS38,M200,Mumbai,E1995,5,PO1044,22254.24,TX1044,Bank,Paid,PF1298,0.47,646,69.67,,
P0591,Riya,Das,PrimeRiya77,riyadas0591@estcgp.gg,India,3914,VP0591,Silver,G03,Dota2,L009,Dota2 Open 2025,T119,Pulse Frankfurt,PLF119,M200,Mumbai,E1996,1,PO1045,30317.92,TX1045,Crypto,Paid,PF1299,5.51,413,100.00,V0288,Aimbot
P0592,Sara,Pillai,NexusSara99,sarapillai0592@estcgp.gg,India,4488,VP0592,Bronze,G03,Dota2,L009,Dota2 Open 2025,T119,Pulse Frankfurt,PLF119,M200,Mumbai,E1997,2,PO1046,12627.27,TX1046,Bank,Paid,PF1300,7.18,328,43.20,,
P0593,John,Yadav,RogueJohn66,johnyadav0593@estcgp.gg,India,1842,VP0593,Bronze,G03,Dota2,L009,Dota2 Open 2025,T119,Pulse Frankfurt,PLF119,M200,Mumbai,E1998,3,PO1047,12663.98,TX1047,Bank,Paid,PF1301,6.02,0,76.57,,
P0594,Alex,Singh,ShadowAlex64,alexsingh0594@estcgp.gg,USA,4968,VP0594,Silver,G03,Dota2,L009,Dota2 Open 2025,T119,Pulse Frankfurt,PLF119,M200,Mumbai,E1999,4,PO1048,17018.47,TX1048,Bank,Failed,PF1302,7.26,0,100.00,,
P0595,Sara,Yadav,StormSara14,sarayadav0595@estcgp.gg,USA,4959,VP0595,Platinum,G03,Dota2,L009,Dota2 Open 2025,T119,Pulse Frankfurt,PLF119,M200,Mumbai,E2000,5,PO1049,5118.87,TX1049,UPI,Cancelled,PF1303,0.00,512,13.36,V0289,Aimbot
