Txn_ID,Payout_ID,Payment_Date,Amount_Paid,Payment_Method,Txn_Ref_Hash,Txn_Status
TX0001,PO0001,2025-03-03,0.00,UPI,39997d8bd46bfe3dc77d37342549eb48f0ee0f4fad86fc409cde00e19df4d7b2,Pending
TX0002,PO0002,2025-03-03,20192.76,Bank,032235e2b6c83c1a30d184812a20ba6db67f11cdd385dfd987323dafee76d256,Paid
TX0003,PO0003,2025-03-03,7947.30,Wallet,a9cd2e3ea2b28fe8c4eee579eda7c88f2ee96512db4f890a59a2444ae1d9aab3,Paid
TX0004,PO0004,2025-03-03,0.00,Crypto,b66677304ca171435e416411a44846b0b101c25b78b8b136fb747331b59df336,Pending
TX0005,PO0005,2025-03-03,38893.57,Wallet,ea65a47e7d44dadaa39de31c485aa1ab5a3dafd4c1d4694b627eb558386565ba,SUCCESS
TX0006,PO0006,2025-03-03,1740.38,Crypto,6508bcdfe4663d2c3a41b06410f8a0979502843c4ea455e4656c4ac8e127e04c,Paid
TX0007,PO0007,2025-03-03,0.00,Wallet,58fea48153af341c99bd3749a201f3c03c2d40aae9e550ff55711f0302a87de5,Pending
TX0008,PO0008,2025-03-03,21459.94,UPI,2374ebc19df09b7c2850369c3c2cd333145e6e135d1d50766a5de0d9323d74f3,Paid
TX0009,PO0009,2025-03-03,28683.72,UPI,5629ba82d83704ee66fc1ace232299f83d743ad20312740e014877c6a142c2cf,Paid
TX0010,PO0010,2025-03-04,30753.42,UPI,d523b5627ea53a377b5419749433e4dcf5ccab9bfa3e762de942b71881e93fb0,Paid
TX0011,PO0011,2025-03-04,25246.66,Crypto,b87d6c79dccd4ccab30d931049f702ec82c73c8b9fef075013ce0bedb19baac1,Paid
TX0012,PO0012,2025-03-04,7566.05,Crypto,be14c3038f6eeeb2f220c39b336289a7f07292fdf22cacdd23966f86445350c8,SUCCESS
TX0013,PO0013,2025-03-04,29777.34,Bank,eedbbcec868c4b08b2a6889dc33b13a1a430fda41feae859a2168bec7ed3db70,Paid
TX0014,PO0014,2025-03-04,33269.24,UPI,764efe2e84fa44fd7c164b9992a08a0fdd395ecd9d5b4097243c804b8331faa4,Paid
TX0015,PO0015,2025-03-04,5429.67,Bank,b0eba4aa08b9eef19e99b741678d4c5a3f2badc319818de024ef7d46edd2ddd9,SUCCESS
TX0016,PO0016,2025-03-04,19407.74,Bank,bd4d546097fdc983f95bca55fbcef9698bcfe186d24e7b81dff586680595c1ca,Paid
TX0017,PO0017,2025-03-04,19840.42,Wallet,2bf18f338f4b26df11f9b801410f074cbb4098b41b808bf9f4fdde2b9b038483,SUCCESS
TX0018,PO0018,2025-03-04,10322.57,UPI,e3885043cc88d1cdf3e7dcdb7afbdd6e650a164d9856cc4309f0b1ac62e9eb6d,Paid
TX0019,PO0019,2025-03-04,8376.57,Crypto,cea0be31253633e97f38bad880f182e41b730c9fb46d4ecbe8a8e6bdae1fd182,Paid
TX0020,PO0020,2025-03-04,8281.14,Crypto,326a33f8783cc94417ac06bdb1eb1d50b873d5fd494689ee68d0c1785ad5aae5,Paid
TX0021,PO0021,2025-03-04,0.00,Wallet,e0d0116111092093fdd9634ad26ad2e58ac363744091ee0d9992964f300e1e43,Pending
TX0022,PO0022,2025-03-04,0.00,Wallet,c7a37c2339432e3eae6bef3dbfd77d87d97e87c14cd0078c7f4d3fb58ee3cdf8,Cancelled
TX0023,PO0023,2025-03-04,15586.43,PayPal,af73123145c41671fce1835110475ac7ff6cccd6e3b00175ad8d013b88d57f17,SUCCESS
TX0024,PO0024,2025-03-04,14480.70,Crypto,1bb5b15617a4d47f201630925b1bd5a798fb40f30ecadc58a34c0266ebb39878,Paid
TX0025,PO0025,2025-03-04,0.00,Bank,59e9ad30823df3d23b4f540d59055a5b8df5eecfef43a3ce8450a0e7a30ca8d4,Pending
TX0026,PO0026,2025-03-04,27580.27,Wallet,779613195a2fcf3975bbb1dabcbbc67f1242dbdd1c00da2b10910f055032b612,Paid
TX0027,PO0027,2025-03-04,35752.82,Wallet,13ce8937d41812c7f323c5c5253d59e83f320b1a5dac301c8474501be231e7ba,Paid
TX0028,PO0028,2025-03-04,2248.01,UPI,39e9bf165297fafbbd19eea51414ba1dbc9f7e00976ad6fe089e2baccae96aea,Paid
TX0029,PO0029,2025-03-04,2949.86,Wallet,453901a158189772b29805c85f52614e24d37b8a2ca8180154caa73ecc41b6b2,Paid
TX0030,PO0030,2025-03-04,3139.92,Crypto,068cf4208f3803bdc87709d350a1c6a773fdc0188ba9092b3835f45d5d81e21f,Paid
TX0031,PO0031,2025-03-04,12996.28,Wallet,7a9592f9c0698287368a5b59fb3a3597f52dd348a6f91839dd5246318e5a9af7,Paid
TX0032,PO0032,2025-03-04,30167.77,UPI,ece5abfd6de2c9de64017e0cdf43297a97aad40774a98b7b9e080def3393201d,Paid
TX0033,PO0033,2025-03-04,26461.28,Bank,ce309b7a8857315f8224009314d7ca583d2e458325a27ca7faac3757fae2dcc6,Paid
TX0034,PO0034,2025-03-04,10938.29,UPI,de31f71147ce88d05b68139a9f0c5c6ae2c68ada3425d9fc9c483d3534dcc6bd,Paid
TX0035,PO0035,2025-03-04,19273.82,Bank,fd155d933f4cae39bbf4e3ce11111d7b8509ca47065453bca8f565bb1204d8f7,SUCCESS
TX0036,PO0036,2025-03-04,0.00,Wallet,26045ea4eb90a4ea27fcf264a84731f28968a66bce29310b517dc3051270af6e,Pending
TX0037,PO0037,2025-03-04,11223.85,UPI,17e9d700ae2a07e575a23ab60b11bb1d99a0a7413e9f3ff438d6f9004a302f20,Paid
TX0038,PO0038,2025-03-04,2429.05,Crypto,6c021d04973bd7c1256a35b8eed68058fa97a17d35edad5e2d33ea068fa1b44e,Paid
TX0039,PO0039,2025-03-04,18054.08,Wallet,a0d92a9d3e9ddd3a4e7641e63dc4b0549ba2731376a0220b9e72bb9e4ee9ee1a,SUCCESS
TX0040,PO0040,2025-03-05,9108.40,Bank,aed0d264ef4723080907574a1c945b8f27478108611ff5e9e7295458de30f655,Paid
TX0041,PO0041,2025-03-05,15431.31,Bank,81fccde6c606987415874f7dec59d1855abdcb5646f0e4de4112082d52e372d8,Paid
TX0042,PO0042,2025-03-05,14237.35,UPI,062aa029e928de7d7dbebc403c8556457025ea9d3cf36046571cd48cbc84b75c,Paid
TX0043,PO0043,2025-03-05,18554.56,Bank,f4a7b7f0decd35fcbd3f759aab74bee0b80614519ef8aaa13b59f8816bb7ff5f,Paid
TX0044,PO0044,2025-03-05,7293.66,Crypto,dd8579352d5bb082d17d78254e0a32647c1a9f98554e4d46f3190290f371c2d8,Paid
TX0045,PO0045,2025-03-05,22215.64,Crypto,fa51a105076293e552a9cb2515586cd0146e7461761e777a71ea11569b745322,SUCCESS
TX0046,PO0046,2025-03-05,32134.87,PayPal,e338f5e1de1aad839f226a719c6895720e46745a6157aa289927bbd70c86380d,SUCCESS
TX0047,PO0047,2025-03-05,10606.78,Wallet,cbec94405373f39db707bb1f8805d43de13ee636a2df9266052b015c3483fc29,Paid
TX0048,PO0048,2025-03-05,36163.54,Wallet,f9b45b72fa15fbe51e0f18fe79ffd12298af0fee772ee7eb6871c46e30e286a0,Paid
TX0049,PO0049,2025-03-05,11735.58,Crypto,1269d0144f947a6af00158acf2f9c20f201f5d44bd9ae88a241ff05e2b1db2cd,SUCCESS
TX0050,PO0050,2025-03-06,17779.49,Bank,cba3a53ebd1dcb59e5eb7f9dca3d9c55cb5835a205b1e082fead43db5cb2232b,SUCCESS
TX0051,PO0051,2025-03-06,25281.85,Crypto,cebea494b23e78a30a35eea75a45f9ab59acf26dded72879bbfac5af06a66443,Paid
TX0052,PO0052,2025-03-06,18355.09,Wallet,3eaf3a3bd4c62feba78e92cb49be30729f8c689e9c8a07a308f939e2106d4bdc,Paid
TX0053,PO0053,2025-03-06,28496.89,UPI,3e2aba7c3370974827f924223a2ba66d442b3fa6ea871e3c654d7a6dde8f873e,Paid
TX0054,PO0054,2025-03-06,17954.91,UPI,100f024878b21cc87897cbc909e3af6eed297be9ff1ffd483eef174774e21892,Paid
TX0055,PO0055,2025-03-06,4617.94,Crypto,5043cd52312d856a4c85b8dad33eb42a325ceb8b395ac00da8acac4a6d613126,Paid
TX0056,PO0056,2025-03-06,193.53,UPI,c47ecc040108276ca17be0b9360036f1e8ae58071f4ff236097bd9736de71c30,SUCCESS
TX0057,PO0057,2025-03-06,5609.29,UPI,0dbf0442db572e299bab49911cf215b54676d8bfaebd411c1353927fdb5a8b05,Paid
TX0058,PO0058,2025-03-06,8956.42,UPI,15ea79b9188cd79059d10ed1b83c0b91520596bdff51f0d97f1f9c469c41b56e,Paid
TX0059,PO0059,2025-03-06,25563.31,Bank,280459a9561497b5ccd96baa8b9273e58477fec9e799827f791acd35e29dee17,Paid
TX0060,PO0060,2025-03-06,0.00,Bank,947d3d2fb98950661b84605f4928dca6578a3fa32ad6cb5e189f369392fef13d,Cancelled
TX0061,PO0061,2025-03-06,10269.11,Crypto,a6292e86a6f0a433436dfeff95fad98c241821f6dce5da5ade941a67b6409c63,SUCCESS
TX0062,PO0062,2025-03-06,9201.19,Bank,25ac8e13d79c0e37535301b00250e5b5aa370345835e08ffd4e52912a0e81ab9,SUCCESS
TX0063,PO0063,2025-03-06,396.90,Wallet,1c8c81c1a3f048e1bc9b53fd4c2bbd18804c767d0b9cd0b069818c6929c80f47,Paid
TX0064,PO0064,2025-03-06,27142.04,Wallet,da36882ba787e9789495f2444338ab3916c0c51376fa3e9283c3c6ec67b59843,Paid
TX0065,PO0065,2025-03-06,10211.70,Wallet,8e565683344b9e0529024761d8ba4cf6c15f63559dfbd9ba3a272dc15150d3bd,Paid
TX0066,PO0066,2025-03-06,21265.94,Wallet,cb609db88da4f7ad11b9bd8560f47c69870c73e208d7f96ac083304c026dad46,Paid
TX0067,PO0067,2025-03-06,23405.83,Crypto,d67865669cabcdca29cec68d405f88d7715ea699bbca3146d4ea78b545dba174,Paid
TX0068,PO0068,2025-03-06,5911.67,UPI,0aac0149932de122cb92b822c8473ca4d889d98e6ecae50a22a8b6c42db5ebac,Paid
TX0069,PO0069,2025-03-06,37511.25,PayPal,02f5adf60ed0a10c320a4baf7988fa22f2ff118418950beffd4e4313bb96d097,Paid
TX0070,PO0070,2025-03-06,29800.45,Crypto,e3e265dc8f61fdee098cfddc5a89f4eed4485743846a36281ca2905aeb6f7604,Paid
TX0071,PO0071,2025-03-06,22150.29,Wallet,ec0ef97651399c76d24f92d53304455d1c384fd2bb5ce6372a25c4264db8de59,SUCCESS
TX0072,PO0072,2025-03-06,13170.47,UPI,a7dd9184d5f4686c0db7c803ab6b1802def5b438a8424fcb7585b573941de169,Paid
TX0073,PO0073,2025-03-06,14681.25,Wallet,faca1e217e803665d824d17129aa0ef681e68ece29db5aeb5209021e07d0afde,Paid
TX0074,PO0074,2025-03-06,18362.00,Wallet,924c33fa2e8211cb49a247e1189f29aa2fa6777959558461b36269add69b807c,SUCCESS
TX0075,PO0075,2025-03-06,17558.51,Wallet,5cca2dcbfe09d7c27cb49920fb841cd93fdab2ffbeddb7b6b61777124ab0b45a,Paid
TX0076,PO0076,2025-03-06,10345.87,Bank,7d5c06416549c9f2278d486c87a0f62fffc105de576c8d1574f03afca4d7ab91,SUCCESS
TX0077,PO0077,2025-03-06,0.00,UPI,566bc6d9f402e69415ea095ef20e1a8d7056c4b6eeccbf379774c192db69a65c,Pending
TX0078,PO0078,2025-03-06,26132.08,Wallet,1394714c969eb99b8cde796496178b8139b478b44ae5fdf853849efd6098c1cf,Paid
TX0079,PO0079,2025-03-06,624.72,Bank,90f2b53d7de8a743e9221601614772d60727d0679b8865683c99bcbfca198d6f,Paid
TX0080,PO0080,2025-03-06,15277.80,Bank,0371fccc97afa6eb6924f97395b6970f1dace9bb9ef9b0699d4bbe8ae368491b,Paid
TX0081,PO0081,2025-03-06,6884.06,Crypto,d863f3189344b210d62c198d52cdeb461c9d114888ef84b08af780416a613c75,Paid
TX0082,PO0082,2025-03-06,15424.53,Wallet,7046095b331c948f671d094608a848dabffec3563f2c5801f44d619c617fbdab,Paid
TX0083,PO0083,2025-03-06,19964.00,Bank,4c0dc7c893a81bbba7a9a762b1bfc533dc03c7b3bab3cef408b95d58ea8d424c,Paid
TX0084,PO0084,2025-03-06,35216.84,Wallet,17d10be55348bbe956c1e15b53fa791e8034571271d3853ae4b92dc6ac4b300c,Paid
TX0085,PO0085,2025-03-06,657.16,Bank,10753e57d9297a3906469cda72c4d1300983ae7c811787719084b24911e948cf,Paid
TX0086,PO0086,2025-03-06,0.00,Wallet,be5eb90a1d5034d0451c4596d7f849df0e0fb60a6ba8e8df97ecb32529a2db67,Pending
TX0087,PO0087,2025-03-08,32517.94,Bank,b52b3a79f8aee5cf7c1e52c1d6879a4ecb7bdca32d4d49d04ba5a4f49f1c735f,Paid
TX0088,PO0088,2025-03-08,14182.58,Bank,7d19a1913fe1820b7e1e2facae533a277b39c4eab0ff44a58b2fc682811f4bbf,Paid
TX0089,PO0089,2025-03-08,26220.79,UPI,6892ca2d837b65ddf307445a9f91863bbb6af56a0ba349174a0b655c64aae2d1,Paid
TX0090,PO0090,2025-03-08,0.00,Bank,0b906fef770fd5725ae48e637e348b982d2014942cf4faa6e3507e07e050561d,Cancelled
TX0091,PO0091,2025-03-08,0.00,Wallet,27d3669ab5c5bdf63357251214c5c78abf99965692c4bde76dc1ca9ea9af2166,Cancelled
TX0092,PO0092,2025-03-08,11915.04,PayPal,c6c7132107820689404e29777249d347d1bcab8250fba7cb8d5b5565bcb68db4,SUCCESS
TX0093,PO0093,2025-03-08,8112.74,Bank,4822eaadd2fe7d1ff7d87fc10c060aa11e026acba11f34a307078da0fdc5c532,Paid
TX0094,PO0094,2025-03-08,21367.51,Bank,df96f080a98d3e6dda3ce180f5d3c65ccdf3650fcc125da388a0ca78fa3ba05a,Paid
TX0095,PO0095,2025-03-08,9492.74,Crypto,60ae9f52431cf48b1dc4e904634aaf246df61d449072e3c38e2b347626d6bd36,Paid
TX0096,PO0096,2025-03-08,7240.63,Wallet,957dc296644b178ea7eca2dc2eaa5efae594314df7915e576655d2387370e5cb,Paid
TX0097,PO0097,2025-03-08,9900.40,UPI,2ccc6230df735b88ee635d2f6abf8f9c7afdf4b2d2c90c9fe26214c8b6be1ab4,Paid
TX0098,PO0098,2025-03-08,18885.02,UPI,b1f4412d56a92f45a50b16b1c04a076e58a3d007140b6050fdec001ab326fd48,Paid
TX0099,PO0099,2025-03-08,21991.19,Wallet,7febf9376d3ed76892ad960bc742cbe54cbb272cdc90e486c4343b986a36ff62,Paid
TX0100,PO0100,2025-03-08,196.43,Crypto,3c78d0f16d8de30d4e55ec55050d12b4a84667096a07eb7df5b5a819ecb16536,Paid
TX0101,PO0101,2025-03-08,3369.46,Crypto,3e2eb095ca76f83169053734a4e4a8667456163296e49686a28c46975e418d1c,Paid
TX0102,PO0102,2025-03-08,11417.20,Bank,9645ddd38a8869bc472b5474d128b497955c35c3e14a07666f7c9fe2d5c44944,Paid
TX0103,PO0103,2025-03-08,13970.57,UPI,608ee572a88267536d8c46abb5f05f6c9a22eb86aa7ee3b1d311fe50b0d312ef,Paid
TX0104,PO0104,2025-03-08,0.00,Crypto,30efd4210886c53cae1d0c581e8ba626007cf8156ceec294d451a759ed2652e0,Pending
TX0105,PO0105,2025-03-08,14980.90,Crypto,294d06c660400c11c7a3992e3c1516a9ec84fcc9df52385974dfb70c74138f21,Paid
TX0106,PO0106,2025-03-08,15954.24,UPI,1be3d80049b13a82027bf29e548971edcf951e38c4c9af62fe12f7086807c96d,SUCCESS
TX0107,PO0107,2025-03-08,41038.67,Bank,b09f2c441740a24a7e4431b72f14f881d2bf14e75d5f33277ee68bbdf1aa61be,Paid
TX0108,PO0108,2025-03-08,40526.71,UPI,0361dbf9751fc4d0624eb5c4a32cf4437f738a5318cce319010d0fac7be4fc09,Paid
TX0109,PO0109,2025-03-08,19383.92,Crypto,8ba36d78e30a479441a62b52c3e6dbfca15a6306b52ff2a4b04c1fb46414c7ee,Paid
TX0110,PO0110,2025-03-08,21257.10,UPI,9f404512227c6ea21451677f93aeeaf917164fb1b346a3067d9dd6df4aa884cb,Paid
TX0111,PO0111,2025-03-08,28218.03,Wallet,29e1b7dfef8e1ad6d24e0fe4125ef359ae282afa84159eb92cc0c05ca6b23d76,SUCCESS
TX0112,PO0112,2025-03-08,3683.61,Crypto,4b5cd92c7ea439c64760cb09666ca8ce309c7885d774e051f62752da86abd4db,Paid
TX0113,PO0113,2025-03-08,1188.66,Crypto,bcf29824b09ee36dee7aa67858aa7676f9fbe83ba03d284c8b71310aff3cf73b,Paid
TX0114,PO0114,2025-03-08,15846.13,UPI,29ff2586ceded2c0b8bfc60d45d4e20698bb99e89ee7690a792bedcfca6bcf47,Paid
TX0115,PO0115,2025-03-08,3851.40,PayPal,3b28d50a3ccd01882262fe396a412dc8ef630cd92c88f8e994b6e85dd7d72a99,Paid
TX0116,PO0116,2025-03-08,27964.21,Bank,d51aeef77cc8907038048d39d29e5569659e90df8d61925cabb665182f9c5afc,SUCCESS
TX0117,PO0117,2025-03-08,26625.10,UPI,a83f284c2e0497bacd4947bd72b977c33c3aac8fa91cee29764c4bc805b40f68,Paid
TX0118,PO0118,2025-03-08,22470.45,Crypto,96e3a07cfd99192a6c1e2f6696eee31378466eb266fb39e528c7db007deba599,Paid
TX0119,PO0119,2025-03-08,0.00,UPI,6e23b303f2178d20d840f285a08fb42ff68a600cac5813e1a882e6c643db0cbb,Pending
TX0120,PO0120,2025-03-08,1498.00,Wallet,6ae6cc559338c4d36d94b530bc963dacf26bbb74cf1746e1daba69190533ae26,Paid
TX0121,PO0121,2025-03-08,3104.48,Crypto,03d5395eea987bf300af61c2201ce861440cac5ac376b215e8941f992f3a7fa0,SUCCESS
TX0122,PO0122,2025-03-08,45488.17,UPI,53061a381858f6c7600555243df42d537da8989504a8ed26e13df0d4e5a59dce,Paid
TX0123,PO0123,2025-03-08,26579.69,Crypto,a72a84d778472ba93c3af830dc89508d3912f01632d47a171663207d9f4d0ac7,Paid
TX0124,PO0124,2025-03-08,15041.52,UPI,caa94ea8e0b72159de261dba3b835e1b1dcda37f22723bcbf14948a13351b753,Paid
TX0125,PO0125,2025-03-08,14020.60,UPI,dfbe4099f10e54398bd58844cd7c6ff2fe3333da4c61b03583f77ab2fbc360d5,Paid
TX0126,PO0126,2025-03-09,43050.87,UPI,a1cc8019ffad015a7df91e4cc7873fbc4e8513cbff54190e10c1e53bf71c8bb5,Paid
TX0127,PO0127,2025-03-09,2118.88,Crypto,3761ec1498d19accd54bb3665126a87b33408de8354fbee4e7b2e0b8a464fc3f,Paid
TX0128,PO0128,2025-03-09,34896.82,Bank,12c112475026c4890a20f0d41e905423d95c2731efc845fb8a11e177ce81e3de,SUCCESS
TX0129,PO0129,2025-03-09,11576.18,Wallet,1898cec3e767f83a222eb640f2804bfda1bbaddc7d7f7143439b701f6739f627,SUCCESS
TX0130,PO0130,2025-03-09,0.00,Wallet,631a79d7f3f2d1cb4031ae8e129885cb2ec386662c09fc9109a6523929bf6599,Pending
TX0131,PO0131,2025-03-09,30906.47,Crypto,1c8fdc99ed1d25159c3affaa749269450b884dcca245a9520b697a6d7fb422e8,Paid
TX0132,PO0132,2025-03-09,9645.63,Crypto,1281130a76a165cc8910bc1d1de5e96ecb20c493348a6cec12bddc128c98cdf0,Paid
TX0133,PO0133,2025-03-09,0.00,Wallet,0246806d924c16a247bb0ee4f96e46d4125f31143a43503fba08f7ce908afb8d,Failed
TX0134,PO0134,2025-03-09,14175.24,UPI,dc5d9f4c6a8927f60d50d50b7767495d4179965822ad7ff6eae4bf62d5fb34c6,Paid
TX0135,PO0135,2025-03-09,19025.92,UPI,b4390930aaf119c8a58350a95aca439f195de638e5cde29c32cbdc8acdc6d670,Paid
TX0136,PO0136,2025-03-10,18921.97,Bank,adbfa5685094328deaf30e53623c424f327de7e5e8f86b9d1d2eab0e4c67892c,Paid
TX0137,PO0137,2025-03-10,29071.63,UPI,b850b336b65c2e0e4820dbf509c2a494a6188cd90aa5ddeb85d5eb568a651978,Paid
TX0138,PO0138,2025-03-10,18737.03,PayPal,ecd1494ab2757e37ba354d9b6d771adc492ade5ecbe08ced562093f3b74e6f94,Paid
TX0139,PO0139,2025-03-10,13964.56,UPI,946573adc2825f4fab38d8e239afa05408478b87d3e2e459e6b413da5656bd5d,Paid
TX0140,PO0140,2025-03-10,324.21,Crypto,b0f4c07d3f34a087458a2bf69a52f6bcfa35d6a10a87ca8a79c5dd0ae4fe4789,Paid
TX0141,PO0141,2025-03-10,0.00,Wallet,cdab1d4e0b089ef2ddb577e6ebf9f0c217a96628f9c4ebb4eddeb262e19dc1d8,Failed
TX0142,PO0142,2025-03-10,31932.14,Wallet,03b3aedda2754c4f273e33efe8f3431ceb83cda3a9cb11c2930e29a9f5380145,Paid
TX0143,PO0143,2025-03-10,19872.76,UPI,fd60b15635830d02f963f5f3c99268c324e02e7aec9e5279c7510947541258a4,Paid
TX0144,PO0144,2025-03-10,39836.53,Crypto,c264992c4233b21794bcad806eebb9effba62f75a13d49fd475229e181135fda,Paid
TX0145,PO0145,2025-03-10,19759.97,Wallet,2217772df92e107a48869280f5fb9092bad48e9c6df3b720c693e25e5502dfaa,Paid
TX0146,PO0146,2025-03-10,0.00,Bank,429f78114d801ae1ab6db80eb1b20a4af715d8b99570f271c06db8d6f3e72b57,Pending
TX0147,PO0147,2025-03-10,40344.37,Wallet,fa80d27c7eaf5ca6a2460fc10a74651f6283d5cf4a0982d22db129a5386d115b,Paid
TX0148,PO0148,2025-03-10,34730.82,Wallet,ef355940e293843d196a576d315aaf6f5a18116b54a0cdbf4c1de42441979217,Paid
TX0149,PO0149,2025-03-10,30759.80,Bank,9e222306c09b051568c3f042e4f44661fda43ead1efec78dccdffabc43800a68,Paid
TX0150,PO0150,2025-03-10,27976.36,Wallet,2395415fd1f31b8a26602119393a165b7709978a57c5439fc4f4e1d7edc08a68,SUCCESS
TX0151,PO0151,2025-03-10,0.00,UPI,7bd32dc7c0ee6c5eb52da6f8cb6f7d86dfa09df5bf5af3b0b9fa08fd4b925b0c,Pending
TX0152,PO0152,2025-03-10,12456.80,Wallet,ee7cfbce17b88d4f4a4c3138beae8853b44c32f0022b8ade89d58904247d6718,Paid
TX0153,PO0153,2025-03-10,20695.88,Crypto,1cf965aa4b3e77193d21bc0037f392240c47a018e32077dee69c82074ff9f74a,Paid
TX0154,PO0154,2025-03-10,9070.80,Bank,513e9ee849752deef3baaaf6d0841a6752afb789745d88000609f6c2c401e232,Paid
TX0155,PO0155,2025-03-10,12884.26,Wallet,06d4f273fb96b644518e18b400ae1b79eb68441c5ce988affc12c64f1a609c6b,Paid
TX0156,PO0156,2025-03-10,8979.13,Bank,266ab384ffa7b20b7abc7c4832dec0b2a2de2c1a045b2b9f59e6912d92324e67,Paid
TX0157,PO0157,2025-03-10,26835.94,Bank,8a953f61374e9d773ef518728f9977522c19252f053d6304699049340982acb6,SUCCESS
TX0158,PO0158,2025-03-10,11542.08,Crypto,28dd2a45e788f8988bc9c7cd659c4a3d6d7242a3df968ba316bff4548502defb,Paid
TX0159,PO0159,2025-03-10,12630.65,Crypto,6ac4ce9f7f87c22000fa99b0fe8920787ac4f5aac468b6fe0869339ce2949870,Paid
TX0160,PO0160,2025-03-10,19219.03,Wallet,9c2260c6671988ec16568900e2260bc7b3728984aef0bf3abc6bc6bf26241718,SUCCESS
TX0161,PO0161,2025-03-10,21866.49,PayPal,1f93adfbc66d52b2e665a523ad47515b8c58c9eaf24db757c9a09a9e13461a0e,Paid
TX0162,PO0162,2025-03-10,39926.40,UPI,689f316bcd9fe95fd1f3412fdc1132ace31854f47779de5a9e4c7de7bda53669,Paid
TX0163,PO0163,2025-03-10,22469.84,Crypto,ca15fcd3d5047a258402a7a74cf1645a1d0497606b87ffeda0e6c807ac36f1e9,Paid
TX0164,PO0164,2025-03-11,11543.92,UPI,005a0b243f8c1a31cb8b15db483732f151750f9d32c8cd173483543bcfb1277d,SUCCESS
TX0165,PO0165,2025-03-11,0.00,Crypto,3ff8722bdb780058b47de2d8a1f80a58f1bdbca025df3d91d613674e9dae6778,Pending
TX0166,PO0166,2025-03-11,13140.63,UPI,da5e4fc08329c2b0eb6306c1d126bef47534319b154d56b9c4d1c8d868e3aea7,Paid
TX0167,PO0167,2025-03-11,38299.58,Bank,87f4f2dd72316f4949ecd81ca20c44d55b9389739f1addad83785da023467d2d,Paid
TX0168,PO0168,2025-03-11,23024.94,Bank,6fa4120fdf2522f0efe4d11a1e1117476aabe7cd19744e304ff7b71d086f9cb9,Paid
TX0169,PO0169,2025-03-11,25216.60,UPI,4721dc05967be5188940fb8304d0afb85ab97766c7b0a7579d845b5536660650,Paid
TX0170,PO0170,2025-03-11,21152.03,Bank,28425e0fdaaa408fa1293d2a55bd0b9a138f7f24d11c38ac41fcbf68f6798024,Paid
TX0171,PO0171,2025-03-11,6956.77,UPI,c4d3174fdb66f4814699c349c4c5de3761a7a733b474d492ddc3f5e810031061,Paid
TX0172,PO0172,2025-03-11,22695.38,Bank,d9bf3f41f2c43478395a0c85927db4b2c7e95467257c8618912e9f71b73ab147,Paid
TX0173,PO0173,2025-03-11,3941.87,Wallet,9a3ee0cda12e38244c5728ccbb74ee52af011dfb752719d0b2096a32c5a849ea,Paid
TX0174,PO0174,2025-03-11,30252.56,UPI,c63cda9783e7c36906d9ef65c416f12c4bb3d70693658ae96c6c157480215f61,Paid
TX0175,PO0175,2025-03-11,15549.41,Wallet,c74ef307e0ffe3a469e5a9fb94b1eafdc43d6e82a1f5e28e5cd7dffeace054a8,Paid
TX0176,PO0176,2025-03-11,20271.12,Wallet,6af94c5f7193e82bf8bfac8a7c10d2f7cc588ed690fc3f9d3915b18e9fcb720b,Paid
TX0177,PO0177,2025-03-11,1479.34,UPI,46368c9bb28fa7d39b24998507e8b07aa2e4318efe3faacea09be8959668b00d,Paid
TX0178,PO0178,2025-03-11,37597.25,UPI,37912ade5c12fc849232624e8536d4b851559336d7a36285ba76d5ea9979bc4a,SUCCESS
TX0179,PO0179,2025-03-11,39709.48,Wallet,1a0991a63a3f2bae0d430e14a14c3bd8f67fbd55b38b14b976aa727a9eacf04d,Paid
TX0180,PO0180,2025-03-11,15891.27,Bank,02c11c4e8acd4c0bfc0f38cbb19946d19786136e97769c8bec15ce78f0850430,Paid
TX0181,PO0181,2025-03-11,20143.99,Crypto,a180fe68d762cc545870a6593df704cfd2ba4d8fb0e80515bda06732e724d50f,Paid
TX0182,PO0182,2025-03-11,5613.57,UPI,d96b20f3b560a59e890102faa7c9aca409f8dfd507d8c2a6f8d47ba6c8fc7696,Paid
TX0183,PO0183,2025-03-12,23351.54,Bank,8aa280e846b30cf7dca9a6dcbfd28caf30fde650c3573f0e3422bbd84995a671,Paid
TX0184,PO0184,2025-03-12,350.63,PayPal,bbbd47346274b17ea443a9fd9096d6641df23828e9d055bb9eb74fd858f673ed,Paid
TX0185,PO0185,2025-03-12,29030.96,Bank,035071f718d68673f53cc755bcf762f53aa3e6dc59c1f1653d215947ea1e2b4a,SUCCESS
TX0186,PO0186,2025-03-12,21248.07,UPI,8746eec56d6f0c07543f90e258928f09b389ae70e96a53af4347ab68bb888697,Paid
TX0187,PO0187,2025-03-12,25213.82,Crypto,22e11fd27216c691fe855d1e8564dbdacdc9eccf582ede09828adca4ee9a4349,Paid
TX0188,PO0188,2025-03-12,5986.88,Bank,da2c869769d7ff3ffeae78057b117c0ed9132a62d8ffff5eb45c385900e10813,Paid
TX0189,PO0189,2025-03-12,9588.94,UPI,d701093dd81a3c07d3c90ee63305d72c1317e3f62911865605bad81d165895cb,Paid
TX0190,PO0190,2025-03-12,18495.94,Wallet,ad5cf7e16f314bd595704511152a8c56fe0d96e67cf8403324660d9e199fa24b,Paid
TX0191,PO0191,2025-03-12,1294.09,Wallet,c51ea97cda872aadbc5a27b81fa70f0d49e4782d74657b604be1e309f41a41f1,Paid
TX0192,PO0192,2025-03-12,7274.68,UPI,c428640aee822ed2a850fbcabd6aa4a86832e787386b42b0a489678df3a9cab8,Paid
TX0193,PO0193,2025-03-12,25946.13,UPI,f96494f00f0a2972593f005202d88aaf80a5abc3b1935e6c7da92447754baba6,SUCCESS
TX0194,PO0194,2025-03-12,16801.15,Bank,b6011cec5755424b445f7410d98cacc0066366797a3347d5b93875846515c633,Paid
TX0195,PO0195,2025-03-12,12820.45,Wallet,455c52ef71c8021845653595e811b8720b5e9a94f233b8a14f877f1bc49c5465,Paid
TX0196,PO0196,2025-03-12,10475.98,Wallet,c47a3300a511f59b8ba4616a1158c3d2b2ff89c05b4f1f505ef614165572c17f,SUCCESS
TX0197,PO0197,2025-03-12,2052.52,Bank,f34c421c12444258bcbbad7aa03f48e3960ad2502a971be289a765a62983de2a,Paid
TX0198,PO0198,2025-03-12,0.00,UPI,74cf806006fa10272fd08109c8699f189e5de1ce7c2540b3cc60e390b754b669,Failed
TX0199,PO0199,2025-03-12,12640.39,Crypto,ebc8cfb6208c5d882d3de8b836900b664fa723fb064582c4f48953b598bedb07,Paid
TX0200,PO0200,2025-03-12,0.00,Crypto,f6ae5ce213dd2d6f956a6520737af9bdb48689f537352111ca12a1d5a96a939f,Pending
TX0201,PO0201,2025-03-12,9968.40,Bank,f09e3ec6f54f9e4a1c6ecf3e56db1845d174961ba597f83e8ea4c8b38d7d7619,Paid
TX0202,PO0202,2025-03-12,0.00,Crypto,70e03e4f1e5163e8e447b5ef0f7558c06daf3eac82d3583783043924b7abf6c8,Pending
TX0203,PO0203,2025-03-13,3771.65,UPI,8588acb9ce14a5a3c6e36de2d7119c6c523d8912d344496ba4419bac13043bc5,Paid
TX0204,PO0204,2025-03-13,38743.33,Crypto,b8fa3425aced90d49af8bb047d0aa228d4811f845610471954a0866346424e5a,Paid
TX0205,PO0205,2025-03-13,31082.08,UPI,f2cd262f74d8400717be0d2013730809f9b0e053d2a0c8cb67b2504ddd135796,Paid
TX0206,PO0206,2025-03-13,13965.97,UPI,2f07f1414a7ec2d9bb707e3f84501c03063c728b65975f6ec88308007215a09a,SUCCESS
TX0207,PO0207,2025-03-13,0.00,PayPal,68adbf606d93b6c6e1e57ee6a8a0284c87a33b83fbf6db3d6afde55a5b248b51,Failed
TX0208,PO0208,2025-03-13,26492.23,Bank,4aacfa717e83cd799499235e1d0ac5d0e8d4aa6e62002043aeca85b1fed1a839,Paid
TX0209,PO0209,2025-03-13,9565.87,Crypto,afea57e496b9c08699267793e3d8274476f769c22d008bb9cdf0b482e18d16b3,Paid
TX0210,PO0210,2025-03-13,19785.33,Bank,dd5ad816cfd33cb72dd0b1e994074fa94da89b7784c9d0cecf4c00e321cdbd7b,Paid
TX0211,PO0211,2025-03-13,14186.31,UPI,138d26f615b361e5dc0686699fe3d3075b2c9bd42b4fa8fc862a449ca2f08dd4,SUCCESS
TX0212,PO0212,2025-03-13,24989.59,Bank,c1cdf88716c6ca1ef02c6482b39635d83fc18a09190a8fbf8bf97d3b562a6b57,Paid
TX0213,PO0213,2025-03-13,10109.86,Wallet,a42393a0e8d3f14be0b417c282cf32f6d0676b05c82d784031a660e8b288dc27,Paid
TX0214,PO0214,2025-03-13,23427.72,Crypto,b05bba910132e2803b6d88f57a84c6ddf0ef94ede1b179afc3f61efb1936c2a5,Paid
TX0215,PO0215,2025-03-13,19691.50,UPI,8d51b3d6eef3def7094d66f937a4075fd6acf712e7920a7fd751e91d56cb276d,Paid
TX0216,PO0216,2025-03-13,8034.26,UPI,391ba420cd7db2739dcd0133679d9260ee722ad0726ce2fe4daab3ea9d823f37,Paid
TX0217,PO0217,2025-03-13,46424.88,UPI,701306de2645d54dba111389813d5ff68bcc8b57dd0f5d6501d6301e0dcaf2b8,Paid
TX0218,PO0218,2025-03-13,28837.87,Bank,58baebf48bc8843f3a256096e13ea9e8f460aac0f948371fa531086f6d4b7a48,Paid
TX0219,PO0219,2025-03-13,18819.93,Bank,fe0e67fdbde790699178dd5386da161a2067583e2fc36d37af14ff1779bced91,Paid
TX0220,PO0220,2025-03-13,32319.21,UPI,d024c92f885cdd4e1c71bcc22662dcc49e0d62381960c3b20e6bcfdade5cd798,Paid
TX0221,PO0221,2025-03-13,28001.87,UPI,53373fc04641fba8cb7a492011af47f24de2b7df92609917a5aa4e5619a6f421,Paid
TX0222,PO0222,2025-03-13,35519.03,Crypto,e1e2dd44f25b0ac20f197df50bf2f180d2598e6e5db9434f9e13dc2885fbbd05,Paid
TX0223,PO0223,2025-03-13,32978.53,UPI,3cebe33a1ab66c6ae06be4ffaa8a52d32aea2de9619c2150756b0a2cf01c0c9b,SUCCESS
TX0224,PO0224,2025-03-13,38942.77,Bank,fb75bec31944fc56d93d2bae72f3da5d13271dfb8c3b4dcca452df0dcd260845,Paid
TX0225,PO0225,2025-03-13,29675.67,UPI,a12fa0889d3595e8e9ddf5d08151689d57c81b0b0b9408ea4d24d12f0c68f010,Paid
TX0226,PO0226,2025-03-13,25192.71,Wallet,6a35b2769e9ef9fb9283af8743c27865d5693e623853d0456aecc503f2496d53,Paid
TX0227,PO0227,2025-03-13,4203.14,UPI,58efa47d4c80551e93bfd0e0e2c8d656c7b309bd5b4205ee1ef6be3447a7dc37,SUCCESS
TX0228,PO0228,2025-03-13,12998.68,Bank,188d740c9b67add85eae8cc69c3f15144dcc4f846d2e4d652adf50353fd6784b,Paid
TX0229,PO0229,2025-03-13,9307.57,Wallet,77f9a08518f882c6b8f1c3e5b85a59172bfc7da806cec5404aaac5f07992fbf2,Paid
TX0230,PO0230,2025-03-13,6912.64,PayPal,27fab725577984397ef528dee5248855461d1b3c8fabc722153723e09775d335,Paid
TX0231,PO0231,2025-03-14,1862.76,UPI,08e5d2169ed696a48dc9a37f27fda17f483ac63f7cf92f8a3699cf6fc369c45b,Paid
TX0232,PO0232,2025-03-14,0.00,Wallet,e1af0ee9a5e713fc93ba265db3a16d2a0e35decc963ce7f85ad6c0c90d0168d4,Failed
TX0233,PO0233,2025-03-14,8879.86,Crypto,bd85cdd6595b5461c97ccfbabcf59a09c528b52cb98dd2b6c5568b91ea3569a4,Paid
TX0234,PO0234,2025-03-14,0.00,Wallet,9f444bb744164d121afb5fd88973cae62c6ea6caf0e9658b869f2bf32070dcf6,Failed
TX0235,PO0235,2025-03-14,3291.85,Bank,4785c37de6ed0a306aee72cb4156c51faf5969fc596b81ed5d4e7b13f95597c0,Paid
TX0236,PO0236,2025-03-14,44668.66,Crypto,75ea8301b03e74eba7cd7274f7389ef5c9eb9b218049d673aaf68090e1c95673,Paid
TX0237,PO0237,2025-03-14,35706.92,UPI,8c4fbe061fc079af43b77dbc030738f5943faaa89d0c4eafca08f25afaf15ef4,Paid
TX0238,PO0238,2025-03-14,29962.93,UPI,6c651143a6f5c508693090949a690efc6cd8f00d66c68872648e79ce8d577335,Paid
TX0239,PO0239,2025-03-14,25562.58,Wallet,1c20d9f3496cd9c5520e5e6e72afcd2cd99bf310398f5b02a600c2f773455da5,Paid
TX0240,PO0240,2025-03-14,31278.99,Crypto,b4205709103563ac3d93f138ec055b4bc97f7f04fbe63e088041eb09d640bfdf,Paid
TX0241,PO0241,2025-03-15,31877.67,UPI,9eaf134b4d9ba24daafe14fcd161f8be8b8d19921856e8effe3f98574abd584a,Paid
TX0242,PO0242,2025-03-15,48097.56,Crypto,887c0f1f6bf13d0e3b94c56eb3d7812b34ad57d847e89423d6e220fe7dc03b93,Paid
TX0243,PO0243,2025-03-15,7723.26,Wallet,c8e68b1aa284535ccc5355a9b5812cf8a89bf1db515f58902f8c1f86da516ed0,Paid
TX0244,PO0244,2025-03-15,3605.92,UPI,90c74b80baf4c3771334baa411b56d8353d97aa50e6873035afda5e4a194f4c0,Paid
TX0245,PO0245,2025-03-15,24893.40,Bank,e7aab254c0f8cf08010dcc135639b68fe2599f5592cb28c3608b4bc851691b86,Paid
TX0246,PO0246,2025-03-15,100.37,Crypto,3ad0a2b210fbc02161dee2d9fe01dd7005da1d0e63813b0eed14d99e0d52232a,Paid
TX0247,PO0247,2025-03-15,0.00,Bank,ba266f4442f9a1a2e204d9f3ca72157d3f40ed7327091c822602d2e5431b3a81,Pending
TX0248,PO0248,2025-03-15,19534.24,Bank,8f77f782dc3056454c62c5f089ba9872b32216ba7dfdab9b3f9c4eac7199143e,Paid
TX0249,PO0249,2025-03-15,0.00,Crypto,07a0e1001320ad549f6d03a032b9f4320a95dd3ccf750cde56b82e7e594448e7,Cancelled
TX0250,PO0250,2025-03-15,6189.76,Wallet,2d7c0103abc8f127d21b9e9da297496a647159283d161f4db6304709a9bc18aa,Paid
TX0251,PO0251,2025-03-15,21887.75,Bank,b1b4c40766e59c001be281691b15ff218b7d165e788d38360cdc327369eb9c92,Paid
TX0252,PO0252,2025-03-15,8490.39,Crypto,95716fcf56d1fe442b36729522066204314b8637c5f0e3f6623ca7dd78b69558,Paid
TX0253,PO0253,2025-03-15,20754.75,PayPal,a51e9adfa7502f84b1dae5a4f4e70d038f3753c75be66e00365c5a4de1d6bc77,Paid
TX0254,PO0254,2025-03-15,13623.40,Bank,285a31f9b90544cf560bc47d2079bb027953d7db61c8550b3c957f3110a7936b,Paid
TX0255,PO0255,2025-03-15,10954.03,Bank,d7524dea4881048d6883a6ccc0627c708457bdf56908114c184c19f62b54adfb,SUCCESS
TX0256,PO0256,2025-03-15,17528.34,UPI,b66e32bc0accde2840dec3304a63de91d2b833a2cd4d218e648fae68716ad569,SUCCESS
TX0257,PO0257,2025-03-15,4917.89,Wallet,ec28d0a5a712795a6fdd858cdaddaf097ce640d2d81db2668b819cc17728d4e5,Paid
TX0258,PO0258,2025-03-15,0.00,Crypto,0215b94b6702edc45c12ac9d31826b936e1e115229276398333e9022c30161f1,Pending
TX0259,PO0259,2025-03-15,27971.68,Wallet,1e0818e1dd190cd5abe8d7a9d9878118667a3ca9153c0ff94d700a599e350969,Paid
TX0260,PO0260,2025-03-15,35022.44,Bank,03911c7b4827d6a8d25c439e5e30bd4cfdc829a7aedb413aebf3a39086084eba,Paid
TX0261,PO0261,2025-03-15,3279.46,Bank,b5943a4d1d803533cee3f701454408a10e73943b8bb35b94e83b8b886164f854,Paid
TX0262,PO0262,2025-03-15,21883.54,Bank,0d0a5ca664be1479cd1f8be0cbd451fb3a8847b772bd84c1520a6813046d23de,Paid
TX0263,PO0263,2025-03-15,32436.82,UPI,dac46718c2c7c004aa7aab75f84d915d43b1a78a7c0846f4c609ded6b00adbb7,Paid
TX0264,PO0264,2025-03-15,19333.77,Wallet,1d6e624725192b0828f3a488fc8ba5e11f32f61f2b7f960f98aeca7fc242deae,Paid
TX0265,PO0265,2025-03-15,4280.16,UPI,e00c310ffb144b39744ab6455ce63d77b9ac0500ad80e5f50d083e2a4ae2c3a6,Paid
TX0266,PO0266,2025-03-15,0.00,Wallet,f4449828f2b60ac5b2a1ba8ae9cc0949c8c20fb540fd98456965826e60258014,Cancelled
TX0267,PO0267,2025-03-15,25366.76,Bank,3b4616d783049867461728ef40393f97f547bcefd420c618abd1dd0cd3bd44b3,Paid
TX0268,PO0268,2025-03-15,22895.63,Bank,cb92f8010cad80917b4d51069f016f2336ad1e9ceebaaed6f9b3c8d374081f2c,Paid
TX0269,PO0269,2025-03-15,0.00,Crypto,37996ba92c3a8b2a4f384c89390efe1865113d25d357d711f1563b25a52c9046,Pending
TX0270,PO0270,2025-03-15,11006.67,UPI,9957c52f54929205c6a0b819a26253b4379cbbd3fa4ca2782b17a6dd7af1f84e,Paid
TX0271,PO0271,2025-03-15,0.00,Crypto,6940283daa8b30d76829075207ef1372ddb2df6e868c1d4a07022f854e0b4298,Pending
TX0272,PO0272,2025-03-15,21588.72,Crypto,89d93fc5e1e785a043c4ed7132bda4f85410bf3505b02843128020a2936dc59e,Paid
TX0273,PO0273,2025-03-15,582.02,UPI,88280bb8e2adc0a30aa6f8d337257e0c1da17e7c0fbb0eb6837f1a75f856ed3e,Paid
TX0274,PO0274,2025-03-15,1425.60,Bank,4d8f7976cdf51559b1a036e09dcd5350441f619d55a7028e07480f8f4a10b549,Paid
TX0275,PO0275,2025-03-15,50887.85,Bank,aaadf4c841c1c582cf47a444e5d3c36b8a099bb3a488708a79b2d6263b955273,Paid
TX0276,PO0276,2025-03-15,5377.17,PayPal,b622bdb3a83423cee1101a768b5be1828953bf54563a2e36449df1c9f09c80dc,Paid
TX0277,PO0277,2025-03-15,35843.05,Crypto,d9913de27f9db999aadadebd977599febf0e9d9ace3ac044f7447680bdc722db,Paid
TX0278,PO0278,2025-03-15,18435.85,Crypto,7089b0d73da51a006b12c13d492a24298134c7e714e859c4154cf74a6e7da237,Paid
TX0279,PO0279,2025-03-15,21200.85,UPI,6f5d2ffa0dfa7d069acb3d0f4a74e59ac7bf374698ee8cb2f0552ad0c0dd2d5b,Paid
TX0280,PO0280,2025-03-17,31215.70,Bank,15d6308de9390b6704c50f7c7da63e1fc845d40ba3819b004f00423b7b8f8893,Paid
TX0281,PO0281,2025-03-17,10644.81,Crypto,76f77bc9f4d093e0a3504fb58ab67011288fab317aa78070fe0e752598bc45eb,Paid
TX0282,PO0282,2025-03-17,871.73,UPI,2880df999743d44569a48da1a27f744b92e8823a252b260a8d5c4a7f968ca4c8,Paid
TX0283,PO0283,2025-03-17,21879.13,Wallet,7d1b53a8569d444f9df5892b22ebfd1da9da1ae482fbe4383e8ba7430be7c100,Paid
TX0284,PO0284,2025-03-17,11912.71,Wallet,cc9c6a48297ae634f1340c2a71849da4ce9d77ee6737be62311abe019abc60ae,SUCCESS
TX0285,PO0285,2025-03-17,14668.12,UPI,5a7660b7fa6fcd7c1d3b00a0535c9b06cca5c3b24556c4b9c1bdefdfe4414a4d,Paid
TX0286,PO0286,2025-03-17,12192.17,Bank,580dc9f10dfbb8582aee793aca791f6567b372aaa1e70206c0a59875026800f1,Paid
TX0287,PO0287,2025-03-17,12014.17,UPI,e64eb8e1582b79f75c2d0d48c48876cc6e904e39bf23798b2fa40585710355ff,Paid
TX0288,PO0288,2025-03-17,9037.66,Crypto,360abbcb9659b86b86403aefe612ff05704bbcb5ea05e222b2955e37766ecb59,Paid
TX0289,PO0289,2025-03-17,26310.82,Wallet,7a557f2b92d808480b781fd9f8afdf250977e5ff7e904cf75c728faa8270ae0e,Paid
TX0290,PO0290,2025-03-17,18085.45,UPI,6382d8678429b08510405478a17348a2420943c001d325ce2571ca05a1582e53,Paid
TX0291,PO0291,2025-03-17,10715.00,Bank,af2978f4cba4f732ae41cad0550640ec60042689e3854f7a13eea65949e2e9cd,Paid
TX0292,PO0292,2025-03-17,25364.83,Wallet,973712a4dbff61011c9c872ff80fd40725a153b3b31cda969157b801cf30220c,Paid
TX0293,PO0293,2025-03-17,8932.56,Wallet,72088f1342c8953e339d2933e155e801c629b878413e6b7628911d466bc4d678,Paid
TX0294,PO0294,2025-03-17,9860.94,UPI,c90b0148b17dd96f2d461269424ee3326dc78990757b73fb47e91194674d3d37,Paid
TX0295,PO0295,2025-03-17,32867.31,UPI,529ab35c07c727330cc17bb59687b9f0e086f756497dd113d88b9fec07f24638,Paid
TX0296,PO0296,2025-03-17,186.24,Bank,559644bb37fd8473580a79a202740fbfc3404af6da02cf8b5d319b2b278f5587,Paid
TX0297,PO0297,2025-03-17,10025.62,Wallet,a4c18bc71c6e0cba780dc6042e869f6d3c79dbc64ea7bcbd6f13068dd31633c2,Paid
TX0298,PO0298,2025-03-17,9179.14,Bank,846aa9830447d563de5a4329547110129092776df66cc6b3e2b192091b444e29,Paid
TX0299,PO0299,2025-03-17,40917.19,PayPal,e5488584c2624f98efe171094508f645327da5df49ba58940e6b85d77c55ae70,Paid
TX0300,PO0300,2025-03-17,23957.28,UPI,dc2606ff1676ab634f8daf3fb771af29a1975fab824dbd6f22da5be8be2a8e4f,Paid
TX0301,PO0301,2025-03-17,19794.95,Crypto,02af41ef4ba8fae5f14f0c94986e2c0e669b8afea43ac30cdaad0baa52a1bc79,Paid
TX0302,PO0302,2025-03-17,28831.36,UPI,d4e79cc69949a7eeaacf7c9accb6dd6f559963e3017b322668c803177711bc57,Paid
TX0303,PO0303,2025-03-17,23156.75,Wallet,91901082df98ce364e54fc6dd278c3bc8fe1ed34d727ba21215baacd6d77bb16,Paid
TX0304,PO0304,2025-03-17,5260.60,UPI,610b10e6a6547d4998804bae7dc7a60f32d7467b6d8bc0c9acc52314f6e5b731,Paid
TX0305,PO0305,2025-03-17,0.00,Bank,df48d8f8b0c51763e4eba2ee564e7b95991264f95ae10bb507413f2ab133eb38,Pending
TX0306,PO0306,2025-03-17,27080.88,Crypto,496db9c4b0cb9e1ca749a5354d926a486fcd4f14a005fa4df25d4ad526e4bc9b,Paid
TX0307,PO0307,2025-03-17,19209.46,Wallet,ed14a3f8c6ca4739b5d50bc7a648f686922907c6227ed555a694141c223cd893,Paid
TX0308,PO0308,2025-03-17,2677.22,Bank,bb2645c7a48819bbc477ea1b6b9847d279b9ead96ced8d09eb967c217c736424,Paid
TX0309,PO0309,2025-03-17,17850.93,UPI,ba209d2283b1db10285ce3d24311a3b6f9a1735854a4ed5c0d9baf80cf3d7ea3,Paid
TX0310,PO0310,2025-03-17,36527.94,Wallet,26e90c234de87551ae70ce47142f3cc64e5a510e65ba681c256dd4a359ef9baf,Paid
TX0311,PO0311,2025-03-17,34035.31,Wallet,d32ae6ae8e576d1eb677908515f56b402ad0c4d1da4e36ff74a5a2bd27943ace,Paid
TX0312,PO0312,2025-03-17,32413.86,Crypto,492eeb7735c7e273e240b2654a2df2ea38543f8a911d2bdacdb45ae7651f2573,Paid
TX0313,PO0313,2025-03-17,37754.34,Bank,f7ed10095515b1ead08cba7ac92d1536acd7a077394e33e50b86128f99e0fc58,Paid
TX0314,PO0314,2025-03-17,10714.79,UPI,df3d3935e2a472f2234ab9e3aea0985c466a428a65f04f6777b0c90bc869dc0b,SUCCESS
TX0315,PO0315,2025-03-18,42121.05,Wallet,e1b48985def2fc935a3ee78954d6abb1914ccf29357391dc78a6a63d83084c87,Paid
TX0316,PO0316,2025-03-18,35463.18,Wallet,0fb90c7d78b467f72ca7099b194a037a9e79127fdf2a2f9335705184ddb30b0d,Paid
TX0317,PO0317,2025-03-18,14573.38,Crypto,8ef9a46b4664a9b9b92f88a76d82d72d0f0c0b141a9b48c077bc9d14e9abb39a,SUCCESS
TX0318,PO0318,2025-03-18,9833.13,Crypto,34605a67c43ce2ba0bf0641e78d983794693d2a1a180cbb99cbd2fe9d48d5819,SUCCESS
TX0319,PO0319,2025-03-18,12859.24,Crypto,6b545ae7f76321668f52d5dda84f30616251ff6a3d9d0a02672a5fe25f9141fd,Paid
TX0320,PO0320,2025-03-18,29341.53,Wallet,2aac3e7ed05d54170cceb6ce166e70d75f4ce8a8e4cd09839af2a8dc8ad37760,SUCCESS
TX0321,PO0321,2025-03-18,12766.23,Bank,82a3f1a894c2e5c80a6bf1f1a5c3a72a6f36fafbe83833fb41540d75be06563a,Paid
TX0322,PO0322,2025-03-18,0.00,PayPal,9f43249de14bb5091195f168f034cc9d6393fcdfb753d25c5a45aff1ef93edf5,Cancelled
TX0323,PO0323,2025-03-18,15075.57,Wallet,9253c6bc171ff589df18a96f03b6854ffde956c186453d10fd8151a596b69260,Paid
TX0324,PO0324,2025-03-18,5063.35,Crypto,ce0c8957f15f18154be3f6d8029b97aa9ead8a399627ff99975ff1102de16125,SUCCESS
TX0325,PO0325,2025-03-19,11211.58,Crypto,6dac6745e203d6a8783ff635ffe1877c4e3b88ff4774b935cfd0ac017a5514aa,Paid
TX0326,PO0326,2025-03-19,14649.15,Crypto,de341228bfff04cea46307c8009939d9f1a122eb91cc2e3d18926f041822fefd,Paid
TX0327,PO0327,2025-03-19,14174.94,UPI,28be5640d44edf1416bb0d30855bdf091bee758216b3a477c334754027a76361,Paid
TX0328,PO0328,2025-03-19,14861.83,Wallet,a4be406a7fde07d758e099933829e9307583aba4039f8bf1a39c4fd714309901,Paid
TX0329,PO0329,2025-03-19,6745.39,Wallet,cb4c07846173883b69a4d7684e63ece933cbb478df660cb7352410c81546e362,Paid
TX0330,PO0330,2025-03-19,18012.31,UPI,167bdb03b9a3a4df559c8963403896f26f23e460550973417d165be3745418b2,Paid
TX0331,PO0331,2025-03-19,36732.98,UPI,2ef60bd8ad00d02dd5f2112868ed20c4304a42f07eb20cd5b3e887722cddce2d,Paid
TX0332,PO0332,2025-03-19,24092.36,Bank,fdf26e4a23d747f64b0927d46582fe7b0fe9980ed2eb883840321ee50871c3a1,Paid
TX0333,PO0333,2025-03-19,31056.43,Crypto,3b680195645db83fb0ce4cf8dbbe388107d910a6e316808306bbb4bd92615383,Paid
TX0334,PO0334,2025-03-19,8991.03,Crypto,0e17d20edeccdd96035ec10920e3f2ec969962da2a594ffdf28c1efad807d22c,Paid
TX0335,PO0335,2025-03-19,39809.16,UPI,665bcb1b9a4d6d226bf82a9f92c7beaf63b2bb79bfae002f52a6528650501a9b,Paid
TX0336,PO0336,2025-03-19,35348.98,Wallet,42812f3d25eff3603b31dca384051a89022be37e94ff35ddc153a2cf13ac3e68,Paid
TX0337,PO0337,2025-03-19,38469.74,Bank,bba0eba453889ca155dcbb3f20ccaf72118ef1d8e3d1e712b843eab7ea1034bb,Paid
TX0338,PO0338,2025-03-19,28538.14,UPI,eff779c0f1db90441b96827919902f20da6eab7235cf69f570fe65563c82f020,Paid
TX0339,PO0339,2025-03-19,24236.23,Crypto,d2d71d0873719d02074b72709e9febc487e3e2dedad0695470326b8a6d879def,Paid
TX0340,PO0340,2025-03-19,0.00,UPI,413b016aec2a9f06e0422ab20532ed844726beede2c9a6ad404bf295df008fa1,Pending
TX0341,PO0341,2025-03-19,20656.00,Bank,da15b42131325bfa9b4d3aa0af4b496f6b7c95876a35ceb222c19781c9194a8d,Paid
TX0342,PO0342,2025-03-19,5604.37,Bank,504710b279f89098c14ae1fecc7c03f7a549ebe3cf6ef9486faae12efe0dfb6d,Paid
TX0343,PO0343,2025-03-19,795.10,Bank,7f91f154a26a45a6154941d3a6f85d5f9a41da13401096c21f79a04f4abdbf69,Paid
TX0344,PO0344,2025-03-19,3773.30,Wallet,63847c1d7ed3b3c50b56bed26f05ad0c8f4f02ac3f53f03b1e1f8e32038bd1a1,Paid
TX0345,PO0345,2025-03-19,7228.39,PayPal,96409a19b88f58a96655f7ec716ff278437af58a7a34961f1fd1c9f969bcf0d7,Paid
TX0346,PO0346,2025-03-19,4114.50,Bank,31f1cbf875283abef9d2c0d426d2299bc83c80454969f08749e225abf99f603c,Paid
TX0347,PO0347,2025-03-19,8213.01,UPI,e2dfc40d892a754f1c6d9ec7f22c37fba7a06569c135c797a097c8270ce524da,Paid
TX0348,PO0348,2025-03-19,43849.84,Bank,f4b260851d0bf15ca276af1a27e1e8acbafa01574a6fabce0034f5366d7ed68d,SUCCESS
TX0349,PO0349,2025-03-19,17793.49,Crypto,fab2031a196847635c9238737b494cd0051304f409c013bdae03ac55ab39a02b,Paid
TX0350,PO0350,2025-03-19,16601.49,Crypto,b9e400a8f7b7d3c318d187a92ab50aa35af3f94d4e17d4d09e913f3f98f462ed,Paid
TX0351,PO0351,2025-03-19,11250.79,Bank,015afc851c98d1b24a3a5de6a7da0b288cf645c6bcce203b1bb3d6ac9ef6aed7,Paid
TX0352,PO0352,2025-03-20,50817.19,Wallet,5b23a797646203a576bfa1b9f3e2e518e6b968e452dfaa691b40c27a17642ee9,Paid
TX0353,PO0353,2025-03-20,48137.29,UPI,74aa2a44d225955acd74cd6e3ecf9498e8647f1f9cc315cb790510f309786a46,Paid
TX0354,PO0354,2025-03-20,0.00,UPI,8809d77134bbf8278ce61e78c672daaf69550a5fba14186008ee030864b33c71,Pending
TX0355,PO0355,2025-03-20,7395.68,Crypto,8e1f71cfd49cf69be8eb3b97fecf29562389864c5af03649459b5f26b6ddb699,SUCCESS
TX0356,PO0356,2025-03-20,32438.83,Wallet,6b96212e260c083cd61cfe4cea2c0551f71454a7e8b5d5469261e204414d52a8,Paid
TX0357,PO0357,2025-03-20,0.00,Wallet,9c99566f6b009cdf1ba03245a5492b3ef596e026b0a03965526ff6a5e4cb5d32,Pending
TX0358,PO0358,2025-03-20,24750.66,Wallet,2ed83b12ad8c3d38c1a67203842dcc39aba176f1a38fe51410bf912467ae7197,Paid
TX0359,PO0359,2025-03-20,10947.41,Crypto,c9a5d692ca05aa6724266d4127f9dac006e323f6006b5d4867942202905951b8,Paid
TX0360,PO0360,2025-03-20,11970.50,Wallet,1b58bf978c3b1cf94caec51276f08bcf722ce372533146b1bf60a48c90de75bc,Paid
TX0361,PO0361,2025-03-20,18047.94,UPI,05e3871dfcbcf736ccd8c0a3d2061f979090b78eea38863aa3ee9cd034904fd5,Paid
TX0362,PO0362,2025-03-20,25528.62,Wallet,75073ab3f2c361deadc478fc3dca219d7a57eb43a8ddb31329ff4ef092cd5d86,Paid
TX0363,PO0363,2025-03-20,18441.45,UPI,9b09547f6389563ddb81d70d6875dacf31bbf921ba6a65a9c8e19448c941c646,SUCCESS
TX0364,PO0364,2025-03-20,16477.10,Bank,3726055bfdb997597cfc1a7654ab8f63e30b3bf708810312ab0ad135a3e07463,Paid
TX0365,PO0365,2025-03-20,15558.13,Wallet,53aeb65cc6f1791dbc915f116fe14037d817d0d3ea168512e2c96cbefda34aa0,Paid
TX0366,PO0366,2025-03-20,10598.77,Crypto,93d46e6dbe68758dde0fdacea0ca1ff45da93154b3491f4dec114af72f08b9ae,SUCCESS
TX0367,PO0367,2025-03-20,18883.28,Wallet,c9e29cd24640ea643a19cdd5b0834855e20180e7f8354936be127df33a776668,Paid
TX0368,PO0368,2025-03-20,651.78,PayPal,dadc7df4282b636c8085962b85c724d28862a7407bacc229c0e26939edf3c94d,Paid
TX0369,PO0369,2025-03-20,32963.71,Bank,322d2803ef478a7fae3d83f7ac744426bced794839d55b50073d0a8cdbf65ab8,Paid
TX0370,PO0370,2025-03-20,0.00,Crypto,4cafdeb0a787ac1288bc380ebceae5ca7ece99eb5c9c6b00c363b20d2a551f42,Pending
TX0371,PO0371,2025-03-20,30501.28,Crypto,63792742c7a7e44beab1a45f036dbd27430a86974259c6844a83ee50cc32fc35,Paid
TX0372,PO0372,2025-03-21,48455.41,Bank,e5c36b2bf2d423d57dbec4ca0063e035c54908820742accd8e1533fc9228cf8c,Paid
TX0373,PO0373,2025-03-21,31082.11,Crypto,b70937f43c8e077e0c85953fce02c4a19f095be8ac5637c2b2ac0802a2bfb628,Paid
TX0374,PO0374,2025-03-21,31098.01,UPI,57748d7387d8d5a706b853b8055583cfad84d214d6254ebf8f3de5056258460f,Paid
TX0375,PO0375,2025-03-21,0.00,Wallet,47e4d1787c21dcd52d01409d8b679ab8bc09c0f6689f792568249e525e077a32,Pending
TX0376,PO0376,2025-03-21,4900.81,Bank,30bcaff39f1043f1112cd19ea54d0417f6311808046c3a7d30fd1b3c89c788aa,Paid
TX0377,PO0377,2025-03-21,31702.55,Bank,52d2aeab76ac9bd4483e5009f3494e7fcbfb78a3aa748c16b63bc525599aaea4,Paid
TX0378,PO0378,2025-03-21,17240.29,Crypto,8da7f067a84d6406182ce100c526e2265a730458cb69636914fea3dda3ab7a31,SUCCESS
TX0379,PO0379,2025-03-21,13206.70,Wallet,7669aba12e5d9a464dc2820c9284fc44633ae285512a653d4dd0410675f455e6,Paid
TX0380,PO0380,2025-03-21,4999.99,Bank,16a91b380221d25ff34c24a4f2cef50a83a1016ab2bfa05ca8df21789e9d4bb8,Paid
TX0381,PO0381,2025-03-21,7669.02,Bank,7c913d927413998ae9b755498d5729cd6d561b43ac89d083bc28e2f4da2a824e,SUCCESS
TX0382,PO0382,2025-03-21,0.00,Bank,483f1d0a7cf566be7bd086e02db12b4b0227d5cbd700e130c333be5591cf563d,Pending
TX0383,PO0383,2025-03-21,1000.75,Wallet,5de98f2ea97aa40a880d24d340660c6d97b34846456ad3da00067645461a0a96,Paid
TX0384,PO0384,2025-03-21,0.00,UPI,643aec3649e972ae7f754da61e09ab6b3f241972f3b29ee1c5831d8f4ef80217,Failed
TX0385,PO0385,2025-03-21,22743.72,UPI,99f309f38e68f44ac7c00981846dbe9ca71caf7a57228153ef8550d2d824f5ce,Paid
TX0386,PO0386,2025-03-21,17123.43,Crypto,65eddc9cc3855f52a120b2376ac3950ca98495ebdcbf25e905083b1614f1cb32,Paid
TX0387,PO0387,2025-03-21,5788.18,UPI,0e1b51182a05ecc1d50ef8708441c44734a221f797195bfd94d77b1377929583,Paid
TX0388,PO0388,2025-03-21,29664.48,Crypto,8d961561fc9e90a416232731593290d8daf0918dfc946a310387f2eb7ce2c00a,SUCCESS
TX0389,PO0389,2025-03-21,28778.85,Bank,88670a41e65894e5ba90a5fa8ed8472e6e248439b4a5b44b81d9f5ca8c2a6fc4,Paid
TX0390,PO0390,2025-03-21,0.00,UPI,528f8fc451d115199b245df9a92f19897e371d6958731dcea2a968ca13f94134,Pending
TX0391,PO0391,2025-03-22,19015.43,PayPal,8ab8c90ab2944944d04df2e28001b6f70bd875d4f7f369b0fd28a956baea7f9c,Paid
TX0392,PO0392,2025-03-22,11823.85,Wallet,2fbf50417b4b76f663e8781f18e62fece8b749b2635fa54d3deb8de728c4fdc9,Paid
TX0393,PO0393,2025-03-22,19552.59,Wallet,1c0e225ee3cb817aba0c29d11f9d569c7636414d741272b25715358f561a6164,Paid
TX0394,PO0394,2025-03-22,16807.67,UPI,aea045ae167102e3699af0a2ddca519d4a1202e4745a881eab1b86b81f3e5697,Paid
TX0395,PO0395,2025-03-22,22057.82,Wallet,b25c5c4d987716e41c11f55e5cd85051b6988c01956e4971aa24c15a277cff86,Paid
TX0396,PO0396,2025-03-22,0.00,Bank,89c3ba58e53d59fdc6111135ea04f056a10c1f4d5e210f6b657cf30af66f6660,Failed
TX0397,PO0397,2025-03-22,11811.85,Crypto,12dd2b919d452fd94114f3fc25dbee25c13e00380db26fe0873e4488b05f462e,Paid
TX0398,PO0398,2025-03-22,20345.89,Crypto,dc4b5cf44f3dd6a2f17368d0ae1e59062b9fd704e6ec9868f7eeee92982491cf,Paid
TX0399,PO0399,2025-03-22,18440.83,Wallet,d4dd8a76c28ee0a12d4261c69128341a85a43ff454f4e26f2d9ad758854c40b1,Paid
TX0400,PO0400,2025-03-22,33040.67,UPI,15996ead0c3567767744be469847d0d4d3fef44fc87187d98de8dffdaebded8f,SUCCESS
TX0401,PO0401,2025-03-22,13241.51,Bank,3349957b1cf00b5e7e767aff6b37cfa4538c44e9b1a12b6bfb19cc0f6c2a883a,Paid
TX0402,PO0402,2025-03-22,4632.43,Crypto,6267a5a90e5c5b88f41175dda2e712cc0ae578b56bf1f3afdb739845ad5e74fb,SUCCESS
TX0403,PO0403,2025-03-22,9035.88,Bank,641b8afe659c828bf85f52c9c44327d1a4656bba334fa375679c7e2b9da65e12,Paid
TX0404,PO0404,2025-03-22,342.23,Crypto,2a581fe707a3e6ef194289abb83db8e5eb65653a1a6c884b51f0aade8b818801,SUCCESS
TX0405,PO0405,2025-03-22,50864.76,UPI,32803bdf4d2f63282ba98530c887d1c33738b30bf7c558e6cb6979ddb9ff0dc4,SUCCESS
TX0406,PO0406,2025-03-22,41433.52,Wallet,4ec2f4b87d3241bb5b130dd5264e4a40d4557284ff02a8e261f6a52f156821e1,Paid
TX0407,PO0407,2025-03-22,24873.31,UPI,a55f337010737398b56b550194d22c97ecfaf276a365b00e8bff1618f106776d,Paid
TX0408,PO0408,2025-03-22,8229.65,Crypto,a0bdd2abdd619fa28620efc6a4bb33ace8e31c2dc0dbb21f11d35772775c0f9a,Paid
TX0409,PO0409,2025-03-22,38835.55,Crypto,5e428579dddcca3de4b2a0fbf77c58707ba1c35fb789ab0671fc09a1ad45cf61,Paid
TX0410,PO0410,2025-03-22,24491.62,UPI,49d9a86e7fac56a3e7fa016a29fcfa0c37af824472a631ef58fe8e5510e1a40f,Paid
TX0411,PO0411,2025-03-22,832.41,Bank,8330da1125414d00d36b558f0b8da7fc3c5bf84deebb34030ac44408d1959a96,Paid
TX0412,PO0412,2025-03-22,12330.27,Wallet,657a217f53d31c9d3358ccb20d2949eea9cc45fb42b89436ee389e1ca360596d,Paid
TX0413,PO0413,2025-03-22,34591.35,UPI,d0b62376837b65d4394c4ce6486d7553db6157e9b11acfc927767fcf08f917b8,Paid
TX0414,PO0414,2025-03-22,11363.22,PayPal,44676bd80b2fec26365c1e457029c5703dbce4577e0ba951ed3d1bcd5e956adc,Paid
TX0415,PO0415,2025-03-22,29414.39,Bank,a346610644f3f54f1c6d08961e7699a12522bad3bb681fe8f394d2bb749f6c42,Paid
TX0416,PO0416,2025-03-22,208.47,Wallet,35f02015ce1f8f5730b4687c12cc4cc2a7888e998bd44280ddc78f48a42a07b5,Paid
TX0417,PO0417,2025-03-22,0.00,Crypto,cf88cc94587c03e47de238f2de70daa21b1e94fa29112cbc3b58d62f85edfdcf,Pending
TX0418,PO0418,2025-03-22,2825.39,Wallet,83ee3e0098ac0aa25d17f3d84e37e1bb64b36303ca6a9d1e91f247276afa64ec,SUCCESS
TX0419,PO0419,2025-03-23,31102.61,Wallet,8b9fb3bdb569fb51f0f44d703bdc2785f084e8a9ce565c353ee0ec041488b602,SUCCESS
TX0420,PO0420,2025-03-23,27500.14,Bank,8169107741c7ad1eae2f1834124e3678b9529550e397c0a969b50d16d338ea48,Paid
TX0421,PO0421,2025-03-23,25940.28,Crypto,454c369c99075428dc19e47d614e124fb14e6c30ee08599322079520afd2e6be,Paid
TX0422,PO0422,2025-03-23,14815.97,Crypto,08fa0a21af97a12d2ed316fa1b0e1502aed082f7240f89f99677cf253d765931,SUCCESS
TX0423,PO0423,2025-03-23,9719.12,Wallet,b3aa889acdef31cea48163e5e9865066b98dce2f260d69631b21ad6d682d83c3,Paid
TX0424,PO0424,2025-03-23,27506.91,Bank,8204378254e25292134a1361f47999049d9983031e058dab7cb0ec4d2b1f122b,Paid
TX0425,PO0425,2025-03-23,46064.92,Wallet,5222e4398cee2b9f42db4dbea6352c02b3003207b63fe4adb7b12cba90c9f5a4,Paid
TX0426,PO0426,2025-03-23,28512.41,Crypto,f0830b638e450a9a569cddeff23f03f3276a71e3b69f90527995ae8b1c589d07,Paid
TX0427,PO0427,2025-03-23,945.13,Wallet,0b92b7060dbf041884024efe4497d225018b508cd0e03bc0793d29000c376914,Paid
TX0428,PO0428,2025-03-24,44033.30,Bank,f8048c444ec1f2ead71836311228fcf45601919ac8bef3ece9cf7b666b24efee,Paid
TX0429,PO0429,2025-03-24,21706.85,UPI,f173dae0abdaef3b409a72add2e2af856e45c4fe5770b00bff28e214769d31ca,SUCCESS
TX0430,PO0430,2025-03-24,41936.13,Crypto,09e129a1e18ced420e1bec3195bb8ad51f604f8eea861bca7cdd8f6dbc07be58,Paid
TX0431,PO0431,2025-03-24,24094.29,Crypto,32cf0b458301b217345cd15d014da16baa30f3e2f2e688eaa813c226a0924437,Paid
TX0432,PO0432,2025-03-24,27716.77,Bank,b165569be7f778b063f1f340e127cb7633167f60d947219efbbeb56a117b8e84,Paid
TX0433,PO0433,2025-03-24,3333.46,UPI,a31d24a073070523273b3e57f4ab767d76a74e2124735d276e17cdab6a25af89,Paid
TX0434,PO0434,2025-03-24,26165.30,Crypto,b54dde33c80a5e26bfb104700422f521cab1b95f71bb2284085c0996b3c0e9fe,SUCCESS
TX0435,PO0435,2025-03-24,7563.16,Wallet,a42b6c3a282e2dfe2b8659a4580d237781318511016a2585df56bfdbe58be2b4,SUCCESS
TX0436,PO0436,2025-03-24,11789.31,Crypto,991f882b459375abf87df6a328a236beb0d2545331ea15a5bedb659b6f454ac1,Paid
TX0437,PO0437,2025-03-24,17419.48,PayPal,bc481f53677a134f491fc4a3df159f65b0d3ebfcd79bf2f173ef89dad806592e,Paid
TX0438,PO0438,2025-03-24,7308.80,UPI,fd718bf3ee77e43f5e4369431854c5db150d4d20d4c49ff11ba18534b79cdbc6,Paid
TX0439,PO0439,2025-03-24,0.00,Crypto,41b19009d02d51f12c6ffecfbecfb7e5b4901cfa628ea998b42703ee2c2dbbc3,Cancelled
TX0440,PO0440,2025-03-24,22262.87,Wallet,eaf0268510547c8ca41e7a526cd819df356bb2e0a36b5b3bdad681646d42c438,Paid
TX0441,PO0441,2025-03-24,14697.00,Wallet,c11bce3d949bf4dd1775a85796104ed2d3d4f4bd14b56cb2d7bc386c95c20347,Paid
TX0442,PO0442,2025-03-24,15283.62,Wallet,fa8f12da8e271aa5695effeb4304bfa92197aadc6116e99a22de8af2645deef9,Paid
TX0443,PO0443,2025-03-24,8333.81,UPI,6441e9c51b065d6223d8c26644dabbe51ed1dda977a438a4627e787ae30b9d69,Paid
TX0444,PO0444,2025-03-24,0.00,Crypto,608f4a05f7b8942beb06b3422cb3e9b1097d9793bcb168e4720e760b13628c86,Pending
TX0445,PO0445,2025-03-24,28050.71,UPI,eb6b09f36a3f21e771d47869d6c12b60615170bf8735c4d779de6f1492028541,Paid
TX0446,PO0446,2025-03-24,13345.35,Crypto,272fcecbdf1c34da20c94cedeb9cfca2ef9549da00fc2646d700cc2798cc014f,Paid
TX0447,PO0447,2025-03-24,29311.76,UPI,36119feafbe9ce1e8593dfd7e4f3e1d824932dd898b13f829de5461811939455,Paid
TX0448,PO0448,2025-03-24,15883.41,Bank,23b72ec06c43f98f6b6f261dd8e99690dcdf11e968c87720e495501c286896b9,Paid
TX0449,PO0449,2025-03-24,22621.96,UPI,5b1ba6086b1b076b7e72931e885826c09bc5c412568cb741aea8a67be84eb728,Paid
TX0450,PO0450,2025-03-24,12643.41,Crypto,1e9d5f6cb234a6b06b2b4a3ce4feb38e02ada691343f33d94f60d81e1f7e1381,SUCCESS
TX0451,PO0451,2025-03-24,9838.72,UPI,e925a319841e99312c81148d40af3139a6c82ed7eec29930d2424a673da9cb6f,Paid
TX0452,PO0452,2025-03-24,7876.61,Crypto,d23501765bdef31b224e2de1cb3eb23f0f3f55f1d751578bdef985490fd72181,Paid
TX0453,PO0453,2025-03-24,28040.63,UPI,e59fa00c6f182a2fbc04dac6344ebd452e40ac2b0d3b676ac49eb3fc8cb01268,Paid
TX0454,PO0454,2025-03-24,3935.56,Wallet,15c7b911d6eca6f4a6e4f3b8d5d624f50802ccad0532101a8fd69084313ece04,SUCCESS
TX0455,PO0455,2025-03-24,11038.94,Crypto,c10ffb295dda8cc13f4fd50ab9393ffd48a9316ba551da880a4217324e35be21,SUCCESS
TX0456,PO0456,2025-03-24,17373.24,UPI,2782d9e72e8143f56c7e11218f851f65015392cdc7d7fa202ae8a59a0e9ae73c,Paid
TX0457,PO0457,2025-03-24,4136.85,Wallet,908fa833104ec35bba63e94fbc156d736beab8d7ee3ad74ed41ddffd7eb1db54,Paid
TX0458,PO0458,2025-03-24,17168.69,UPI,acad258979af79cd600df322b0fa5e82010500499d5367165634eb6b5354024e,SUCCESS
TX0459,PO0459,2025-03-24,15928.43,Bank,47678554f431c77a9eb057a63c84eb780b5104b44c0b4ffc67b553a77b35c499,Paid
TX0460,PO0460,2025-03-24,9583.05,PayPal,bad1fb1a487a9748bff5f5fd769a7448425bf69cd1ccebe0e5d411be79bf05cc,Paid
TX0461,PO0461,2025-03-24,17766.18,UPI,c0f41b6bc896dd46e5278909bb8a9314979b3073576639869c70915933b747f7,Paid
TX0462,PO0462,2025-03-24,2221.79,Crypto,2181b5a16a3554ac8f071efb0e44fc7daa79fb8b1778b7c07075bcb75560c9f6,Paid
TX0463,PO0463,2025-03-24,6979.13,Wallet,9ead48646a5608082457fd8d4e938126c791e8e82ce36e6022f12a587ddfb1be,Paid
TX0464,PO0464,2025-03-24,90.00,Bank,238222d91f47b2fe96a805c1f317b30b014dbfb83e7963c30ad6162e722205f5,Paid
TX0465,PO0465,2025-03-24,34986.12,UPI,a181372b58d45fd208d4f244decbdd42a953f0938cb4e40ae0561590381c3340,Paid
TX0466,PO0466,2025-03-26,31162.56,UPI,9fba0f66baa5fa5e21ecab35903a085c26e32d987b3c635b4a13cba3b056e0d4,Paid
TX0467,PO0467,2025-03-26,17845.10,Bank,c3af4ef21b2072a37d826a45d20936b1a16ee292b13f7f0b8ef235219d630ed4,SUCCESS
TX0468,PO0468,2025-03-26,20502.07,Crypto,586f1b3dd39647185971bf75862bb814950dcd62931c5a148aa991eb7673ad82,Paid
TX0469,PO0469,2025-03-26,21285.05,Crypto,8b1a8f74f0c39e300a7e81999a852cd220d97d1a9053d116aef4ced460aca6c5,Paid
TX0470,PO0470,2025-03-26,32280.97,Crypto,a550d070af928604350ed2b3b6ce64888df367f34edff00e298b9e0866577f4e,Paid
TX0471,PO0471,2025-03-26,21675.12,Bank,a1a95694d587b5392cc6a3b6f3a1db88f8e9a1efb123d4e230b0e2bd0d323779,Paid
TX0472,PO0472,2025-03-26,26381.72,UPI,34b58177fff4d27d517a20d716dcc6bba365661f2f75ddf938f0d9d2fc3f3461,Paid
TX0473,PO0473,2025-03-26,20109.06,Wallet,aeddedcb6a03f60fbc61fe39bff72e47f9438015727feb675fc833e7278b9b3c,Paid
TX0474,PO0474,2025-03-26,3929.17,UPI,4c0029cee4d979fa31918851d49d52c19489ebba5409361b10156b49334a4708,Paid
TX0475,PO0475,2025-03-26,7356.13,Crypto,1d3d3e57736243d6d8548573e2215b5074837276b6b1d6225cdeecc106710813,Paid
TX0476,PO0476,2025-03-26,5992.51,Wallet,459afeb93f4fd6390c0cdd565092c6a746b7f668af48593d6a7b7c4dc9e47af4,SUCCESS
TX0477,PO0477,2025-03-26,27863.25,Wallet,e42626b1c36d0c15b3788a8d0a9b48532805f07acb29f69006d5b4e2cef85452,Paid
TX0478,PO0478,2025-03-26,10588.87,Crypto,50d71ec10d0bf7b54cd17593a2e42bda11d64f313db95b02975d35b96684d09c,Paid
TX0479,PO0479,2025-03-26,0.00,UPI,3422c2793dcd32ac8a43cd4f529b649d68739caf65bf19429c07d5b725e56857,Pending
TX0480,PO0480,2025-03-26,45482.85,Wallet,1c0eebf23d1df3c54265509773e7491b9eacc676c0604ad1847dca79c1d25306,Paid
TX0481,PO0481,2025-03-26,39049.29,UPI,ae1c7f10977501300cbb5c8ce93c97496b15c461044435abce6d82527e70292a,Paid
TX0482,PO0482,2025-03-26,0.00,Bank,9b55cb6fb4405eef5431d594ffb867c12417daa87174ae4817d11f0d7e78d5b3,Pending
TX0483,PO0483,2025-03-26,0.00,PayPal,673f0a69611f1ce9c5fcafe0d0bd2431d24d847caa0a54269fc3ef1c34967932,Cancelled
TX0484,PO0484,2025-03-26,37227.90,Wallet,b984bd5e8635311d144c6118a8396cbda20cbf7e579999899f26edc212311208,SUCCESS
TX0485,PO0485,2025-03-26,36214.77,Bank,23510d1c60d5bd9a56688b07e9f0f776acf1c51403060d0c914a0c9fcf66a248,Paid
TX0486,PO0486,2025-03-26,18629.62,UPI,2537dc433da33e5bb13564ac706b40d8544d9c9e0c24831733444718d3fbad8f,Paid
TX0487,PO0487,2025-03-26,0.00,Crypto,9c7bf75a6e032db4ef7cecd690ad2c48183bb7224a10e9f5f43a574ff3091c68,Cancelled
TX0488,PO0488,2025-03-26,0.00,Wallet,ead74772f7fb162f02abc2dda386e3be503b3a428b9e0780c9e2dfc48e6eb1a0,Failed
TX0489,PO0489,2025-03-26,4931.71,Crypto,07aad3a44478275bdba9be3384454b2aecdcae5b79989e2b08f9896918e2f1c0,Paid
TX0490,PO0490,2025-03-26,9703.15,UPI,afc1873a5a8e8930496fe8a24577afdc634ceb2a03d36adaf49a241c162d1886,Paid
TX0491,PO0491,2025-03-26,10817.83,Crypto,e5e1448d1a9be08fb71844b0ad7929022bc58ffe943ffa839133a0a41f6d6afc,Paid
TX0492,PO0492,2025-03-26,0.00,UPI,e45ca634f7ffec56b2cad531485ce1cffc82a0ac803da8eaf2f413101d17b13d,Pending
TX0493,PO0493,2025-03-26,12014.68,UPI,25440cf5e79f947a8a3a19cdd81d8ecdea3b195f54f290873e4bd6abede4c4db,Paid
TX0494,PO0494,2025-03-26,0.00,Wallet,783c979b52f7bdac15de6ba3664e49287851b6b11bf6bdcec488832cb551a525,Pending
TX0495,PO0495,2025-03-26,25780.96,Wallet,73ef6d59c36ba40e56297d6d80222871e84923205eff154f66dccc60df940fc2,Paid
TX0496,PO0496,2025-03-26,7461.97,Bank,692dcf0a6967e44511baece25e0d29f00a92ccd84f9f277d77e6237690ed5175,Paid
TX0497,PO0497,2025-03-26,8794.66,UPI,cb3683c8f15087c15380c5dd31a681735b66acc6b6d6e3a5b423dbc20209c7c5,Paid
TX0498,PO0498,2025-03-26,35441.19,UPI,f7beb0e4d5406613b181ad7caaea8e06c0a0df491308d90e0792bb91dd00779e,Paid
TX0499,PO0499,2025-03-26,23412.20,UPI,682d9d1968d8c80a6eb2ab60bbbca48e5758eb6dd2237c3d302c0dca03c819db,Paid
TX0500,PO0500,2025-03-26,15344.21,Crypto,9ee893d270ba79a5df0ce6b23860a429535296ae955898f14e60666657dac8e9,Paid
TX0501,PO0501,2025-03-26,34460.26,Crypto,3a6579a46ef0f745cfb99da31713ff24f4e69f97fbf259ed081d11a109fc1854,Paid
TX0502,PO0502,2025-03-26,6887.49,Wallet,1e3e95f956a349589b4763d8532291208947153d5bb8c063a6694fcfb07f0da8,Paid
TX0503,PO0503,2025-03-27,35803.74,Crypto,dfeaa87b281b4a3fb8f3738c5171c238b6f85b66a2fc6ff1c78a3343713bea03,Paid
TX0504,PO0504,2025-03-27,11956.19,Wallet,a7792001a04441845f9dad2c0a1f0a6aeb0fdf46c9f76cd4d7fcd451538f5205,Paid
TX0505,PO0505,2025-03-27,26586.77,UPI,f87ee27690300263156b6412325ed20b0747a570768dc3d55dd920378b3c72b8,Paid
TX0506,PO0506,2025-03-27,0.00,PayPal,255612dc2d8a5ddc0a8e446689bbc056abede840674be83e6548952de64a2a9d,Failed
TX0507,PO0507,2025-03-27,28105.92,Crypto,1a1d1cd78a48859731332ad783895573219eed3b2d0ae85dc8c3b36701cee16e,Paid
TX0508,PO0508,2025-03-27,3586.37,UPI,c022e609d88921ef423c9bbcd47d047fc0d68eb2cb60f047ba7d08e42c961a37,Paid
TX0509,PO0509,2025-03-27,2201.06,Bank,bdc8af00153827d7399ff11507e17b6169d5dc5c60bfcf1281deb4b7cbbd5b51,Paid
TX0510,PO0510,2025-03-27,8570.10,Crypto,a973846dc9fc427eb10975f253cfda27e9d00f8a9ec283cd5b1faf619f9407c2,SUCCESS
TX0511,PO0511,2025-03-27,22744.34,Wallet,5a69009284f5aaf138418bf4a0bbcae8a28910705bfab31c14c890e125f04c9e,Paid
TX0512,PO0512,2025-03-27,0.00,Wallet,f7693ea36a42466366e1e50ba545d6141f0e0fcd296388df57d3feffc45e1cb0,Pending
TX0513,PO0513,2025-03-28,12091.01,UPI,562e3eae06dcc06fcc7c3312a745e936042b404ee75ad40f3b5b708bc4ed4cfd,SUCCESS
TX0514,PO0514,2025-03-28,0.00,Bank,22768dc08a0cc382594188ac5d75e1766036d0b94a56d60f9dd0722ea7e0f4a0,Cancelled
TX0515,PO0515,2025-03-28,15039.85,Wallet,58f98fb1c5363534b22fefd86e630447ee535a3b4fffc1d6f9ca9b5590f2332a,Paid
TX0516,PO0516,2025-03-28,20172.21,UPI,102a88c7b4f3dedb3578c27d1434393a280a3a8de7e5e8993164a904fb98da4a,Paid
TX0517,PO0517,2025-03-28,23395.27,Wallet,1826af5051d0f3a559860c3df44010d8c8a0bb873c318e7fa243235dc81a0694,Paid
TX0518,PO0518,2025-03-28,29898.91,Crypto,7845b0d6cd0513463464370f8da6aa72b8859b42299aee7d57be4032963555f9,Paid
TX0519,PO0519,2025-03-28,22940.49,Bank,0cfe80630d6ab4dee87649fb3d2e4d6b74cbbace37340e1d79a78756ca1e48df,Paid
TX0520,PO0520,2025-03-28,0.00,Bank,71a065d823e8046c68ea37ac75a224a6fefef85a88775c7ad260cb1f9e38c3ca,Pending
TX0521,PO0521,2025-03-28,31469.91,Bank,89b4566c930b4b1f8325212d6f2a70b28f5cdca48512443269f062da39d6d1ca,Paid
TX0522,PO0522,2025-03-28,44973.75,Crypto,2110210ee10425baedca137a58df148d521f68b883f61913078841ac93ea1d96,Paid
TX0523,PO0523,2025-03-28,0.00,Crypto,31d4605f7f60f8297eaaa90fbb5f9541a230b35ca2d4c4cc63b440c277e9578b,Cancelled
TX0524,PO0524,2025-03-28,5553.63,Bank,e8e6c868c758e18a662e924f427c8054aa9f2c1ea4f4c844c36d354bd03d3d21,Paid
TX0525,PO0525,2025-03-28,32831.82,Crypto,8e3d2ad9fa4dcd759bc2ac738d551616f73b121ac8ba846046755885ff5f8204,Paid
TX0526,PO0526,2025-03-28,23009.57,Bank,0d26b47142e84a8fb7be6edd9a4a01a88b1c4901ceeb7dd80cf58748b7f4d409,Paid
TX0527,PO0527,2025-03-28,0.00,Bank,3eafc92a1718d88538adff7e5c4d09d7bd502bcfd2490650b10eb35ee385e761,Pending
TX0528,PO0528,2025-03-28,22627.23,UPI,c954b2cff0dd9d2d37b0037aad317a39c6bc55ebc999b7d5ffb391cc9e6bfcf0,Paid
TX0529,PO0529,2025-03-28,21644.40,PayPal,e5d269818524d2883f06be902c0b69cdd44bad7423d0b8bd7f7ab027e33a2757,Paid
TX0530,PO0530,2025-03-28,7007.69,Bank,723fbdc88d91fb305d0335abe964c0a8f2bdb6dae17797f3364366e8d2d9806d,SUCCESS
TX0531,PO0531,2025-03-28,1925.04,Bank,11971a368748c4e8cd57eed1ca5d9d008f6487ab7528e04c154a756a02a0b848,SUCCESS
TX0532,PO0532,2025-03-28,14778.68,Crypto,63acb70ca9201e661f8739176bf52edafdad2a8d81d4a3eab447ad4e3b4781fb,SUCCESS
TX0533,PO0533,2025-03-28,15834.60,UPI,30ad0184e042cfd3a287af8347f146bc01ffdc57047e06476b3933616826315e,SUCCESS
TX0534,PO0534,2025-03-28,14257.09,Crypto,60161ffccd84cd8529aeaae33a6bb36c97a97266f24fa98a2959cf38c5abea99,Paid
TX0535,PO0535,2025-03-28,0.00,Bank,443f0259ea8951dec60a665df1fbc3f5cc5aecdc95ccc030fe140520f9e20641,Failed
TX0536,PO0536,2025-03-28,23708.03,UPI,04bc525df5e69463c2ca9bb3821b828d0e5f9a4fe706fa740cdd3655ef11c6b3,SUCCESS
TX0537,PO0537,2025-03-28,0.00,Crypto,2645f619e60b28f3c333c77264ed2914087fb9ef51861e93cc280be09bb16688,Pending
TX0538,PO0538,2025-03-28,11827.35,Wallet,128136974694e4cc2e46305f24f5b9e9ded5d279ddd8678c3917200b72d388c7,Paid
TX0539,PO0539,2025-03-29,44392.21,UPI,7a1ca65da69cd4b9b83594e1f73ad72148089474aec9984b2163e75dc6751c24,Paid
TX0540,PO0540,2025-03-29,34930.55,UPI,a5239fc2f3c492ebdb5bd19a8669953a44b000f29b2037666879f5a0b5e1e1e8,Paid
TX0541,PO0541,2025-03-29,39492.01,Crypto,e07dca04c5b0ce830795f95f2397ddaf30ff23816f8bcd9e2dd3114a6e712798,Paid
TX0542,PO0542,2025-03-29,14028.47,Crypto,270c4d9595d7292b4481392b5d5df2bf9057d7b7d7d0f8ea9cbb946558a58a57,Paid
TX0543,PO0543,2025-03-29,11928.35,UPI,7a8c09f89e0e93882b6ba70a891b21ab3bd1e62fb260bd2578a9b898ba91cc93,Paid
TX0544,PO0544,2025-03-29,28583.73,UPI,7ae07a61ef19259495fc0f58e7868b86da053e0f3f33ad785995800279eda32f,Paid
TX0545,PO0545,2025-03-29,6624.94,UPI,850d0251e1c8a435ca67e30e53c9041b5441584496b463e35df61c77ff8e5b52,Paid
TX0546,PO0546,2025-03-29,13639.85,Crypto,56df697e26d9bc8ad94e450e6a72b459b40b32077830b71b5235bcd697acfacd,SUCCESS
TX0547,PO0547,2025-03-29,7149.26,Crypto,6f046d89e5d1a097738e0bdac060beed415b9aca82912545e6621552e98761b1,Paid
TX0548,PO0548,2025-03-29,27493.00,Crypto,267abb73cdef623562bf868f9c54dffd482f698e41abffb79d9cfd47141639ea,Paid
TX0549,PO0549,2025-03-29,8693.09,Crypto,77cfe11f1bd675cf5791d6a5baf4041993001b7db5915602a313f4f5c4ac2a9c,Paid
TX0550,PO0550,2025-03-29,15950.48,Wallet,b87e2f2e97bbaa49f4b74e7de77211775e93a5ae8231136d2f85790acc526e68,Paid
TX0551,PO0551,2025-03-29,6493.02,Bank,3fea8d25a9ba1c2ed5b1d67a7e4ac0602d31cf164abb48928b3b96e69ea10237,SUCCESS
TX0552,PO0552,2025-03-29,0.00,PayPal,73249c2e0b7e04105e4b16d2c18087dda0b6d5a12bddce2169eea0ffc6cd3394,Pending
TX0553,PO0553,2025-03-29,41529.22,UPI,524357d41323c50c0fbf8edd35f595ab49341166be72a4c7fa1053e847b7cde3,Paid
TX0554,PO0554,2025-03-29,21919.57,Wallet,4cc365caf6ced05745ad89a8a92f714ef1c8f9c139ebc717cbb6bf3eb534d29d,Paid
TX0555,PO0555,2025-03-29,0.00,Crypto,4507b096f55b6dc3f3dc307f59d3965bfc9c22abbbcb54498bad3e16974fe439,Failed
TX0556,PO0556,2025-03-29,13753.87,Bank,3de120b3d808d6a9b2b13ea9a2c33adae5928c5907ba26fd4c2c06167b5dc919,Paid
TX0557,PO0557,2025-03-29,12839.74,Bank,8781a82ea425078cf799284c7ed079c69dad299fe8c8b4b3bda110860cff10f9,Paid
TX0558,PO0558,2025-03-30,27701.99,UPI,f97cd633d5c55097d9e5d49b175d2d2f181a466860af97f42c780065e14ec457,Paid
TX0559,PO0559,2025-03-30,40877.10,Wallet,38854aa89bfe382cea55af6f9b9b15a464c1888ae43843de31b615d56e806556,SUCCESS
TX0560,PO0560,2025-03-30,17446.59,UPI,dd963b5ec2ff37e05d81d71265fd9299a5bf041fc2d0a401b1071a716863cec7,Paid
TX0561,PO0561,2025-03-30,27706.50,Crypto,4ba77dd25fac1c63863f79a1448c9829c246cd4679a79c203dbb9504ad9335ca,Paid
TX0562,PO0562,2025-03-30,27647.27,Crypto,a388b2548f63cccc66545a7838ac14c975b847ae2543294e06af9e3f71576fb0,Paid
TX0563,PO0563,2025-03-30,27347.84,Bank,00726cd7fd1954424edf994d2ed9e31645e4e18c161e8ca47ee30bd17017926d,Paid
TX0564,PO0564,2025-03-30,4149.86,Bank,bd39916a8e122994c6632a7ccfbd5e68debcc2ff717ddf947fd9d136b0abe10a,Paid
TX0565,PO0565,2025-03-30,18772.56,Wallet,3a73ca791a0173966741b18d609f53e7cf4bf8e6109293bcb7abf9170f521d98,Paid
TX0566,PO0566,2025-03-30,20780.61,Wallet,b9939d37d75b4546e92476abba5ab076fe245d738f9f86469bb273050c75af82,Paid
TX0567,PO0567,2025-03-30,22809.60,Crypto,d8e974192e6c3806e6430e1d712249e028a1a25765a1a19af9c4ab3d1db6845b,Paid
TX0568,PO0568,2025-03-30,8153.72,Bank,e0628ac7c8cb21b1e2a6c19250b3a0d9440699b341fb7e664aad9793efba5453,Paid
TX0569,PO0569,2025-03-30,2180.30,UPI,41c34c636d6ba457d72a04151fa5f6f868acb0ee736177c4b7c3f3bd9cc1a733,Paid
TX0570,PO0570,2025-03-30,10886.78,UPI,ec76680242acc1b2910eadebe48b2c00593a6218f04813c1dbefff2aa6bbd5b8,Paid
TX0571,PO0571,2025-03-30,12381.15,Crypto,ea2f245971262c41b826b30f1ce9ff1421496392a81335b95fc4fc04f19ff56f,Paid
TX0572,PO0572,2025-03-30,21809.04,UPI,0e21e1a08de92ee90a315402efd0137c5ec90c929e1688dbff60626133170e7a,Paid
TX0573,PO0573,2025-03-30,11546.02,Wallet,4bba93078997c7ac8d7968d9e4b635f4b799d57d50db28a9e6ee34818632725b,SUCCESS
TX0574,PO0574,2025-03-30,33224.52,Bank,eb1fa171cffec68cddf52763ae354ff79718b7ed491f8132c0484faad4301c2c,Paid
TX0575,PO0575,2025-03-30,26959.44,PayPal,feb9e5e839024f1dbd8c5d598307b35142c5f612e27ce900a049067d9fa7c62d,Paid
TX0576,PO0576,2025-03-31,10087.58,Crypto,29545e66b449c9753d5b5e9ac0ce2ed2c747028d701d747900bb6331d056913f,Paid
TX0577,PO0577,2025-03-31,47628.64,Crypto,5faf84ded81db1aae91159665cdf9106bfa68c29693d569fc8a2763e2b1e33c4,Paid
TX0578,PO0578,2025-03-31,25658.96,Wallet,c894322539b2dde2fea7cde23428c6753684cd8d4abd367b29c8ebd9a429ce36,SUCCESS
TX0579,PO0579,2025-03-31,37720.99,Crypto,930df9a38787b9e1b5acfe3344911ec33d795f072ba71634c14ec796bf6ae487,Paid
TX0580,PO0580,2025-03-31,0.00,UPI,18540a4248e63f8f5bf38030c1738ea5c960a26919e353753a9fcf2c5184fa59,Pending
TX0581,PO0581,2025-03-31,10802.41,Crypto,3e7923e9f940f08f8d4f7e5a1443b30660cf37d3f4dd0e47808f896b9b2dd856,SUCCESS
TX0582,PO0582,2025-03-31,20588.00,UPI,47327cf854ddb0d0c62d75cd87de6fe78198da7f9cbc24edf5eb1c67b53308d1,Paid
TX0583,PO0583,2025-03-31,18831.57,UPI,48dcd1163d6b517bd4bda5c456104dc12a39964285d0eaa5711ce35ae73e56bd,Paid
TX0584,PO0584,2025-03-31,0.00,UPI,c29d183406f9dd8e2c226253eba05f9581702e32ac1ce092613856c1c195d53b,Failed
TX0585,PO0585,2025-03-31,31823.48,UPI,85817d4309d14be9bba6b04d8788bcecc1a7c2bbb4ee19ed889ec4f4faa2c6d7,Paid
TX0586,PO0586,2025-03-31,7957.57,Bank,5ba221df3cbc6a7fce98a9d20b19d736854183e56b22c0724d8f23271d798ecc,Paid
TX0587,PO0587,2025-03-31,12372.63,Bank,90fda24c0c86ed638b5cc1117b39a277d08640ba5eaeabb42886851f108190a5,Paid
TX0588,PO0588,2025-03-31,11711.37,UPI,ac2ffd07911350f42b281c55b98d8fa35455bdbc76fe393c97f6e1e84a2f399b,Paid
TX0589,PO0589,2025-03-31,29644.23,Crypto,e07b777cf677a540a7bcce19daec1889a57238f7f7c2c7a2a88cd42e6c6f255b,Paid
TX0590,PO0590,2025-03-31,1439.54,Crypto,b886ee11ca6626e6e29fa08a8663f5fef1d895a490f5c48fd7e98af23cd22131,Paid
TX0591,PO0591,2025-03-31,23569.76,Bank,98c1245b1d75c6c62b7e011a45f9de92c28746cdfd15d05caba4bc1d1f143926,Paid
TX0592,PO0592,2025-03-31,38214.95,Crypto,c28fafd7bab1389dbcab70e0847fe49bf3f1366ec6fdd01b1009c3e2f25fb76a,Paid
TX0593,PO0593,2025-03-31,17609.90,Crypto,702a149544b40cc1c6632a63f4e58afacf8aab7d7a4a87d71ef5e17fe4771f41,Paid
TX0594,PO0594,2025-03-31,700.81,Wallet,119e0a8fb21b06f3f92200a153fbaf32f9dcefa06d004ac344c7a4755158ca58,Paid
TX0595,PO0595,2025-03-31,20142.14,Crypto,5f725508231f942db59ae8b7ddefd95555643ec46653f7e74f0db23b53db6278,Paid
TX0596,PO0596,2025-03-31,21118.22,Crypto,aabc00bb416276d30e30f7f5d3578ad43dc8e3c1e462c42d6623ca84edbcb44a,Paid
TX0597,PO0597,2025-03-31,1253.19,Bank,0997e0c76b8a9dcddcc9036fff5dc5134b5b79daea3f420c62b4ab4198c515f2,Paid
TX0598,PO0598,2025-03-31,15202.64,PayPal,077e0fb9df2b443e8330922461dd33b7506327d8b55e6ccc52e15508c11d8375,SUCCESS
TX0599,PO0599,2025-03-31,11385.83,Crypto,08b36b096d2560997d12de01e1ad2014a6000fe1d4fb26aa8bc0202f62f8aa89,SUCCESS
TX0600,PO0600,2025-03-31,16486.60,UPI,9af745f5dfb6b09bfe354932c4078f790a116274b31b2d8c84939382bc99e2e9,Paid
TX0601,PO0601,2025-04-01,0.00,Crypto,261e6a2e1dc4bcc4f917d5864716a5f5aa54ac761cf5c1c85dafb14486072fc7,Cancelled
TX0602,PO0602,2025-04-01,28590.65,UPI,c02ad19d23fb842e112c1bd2269174e55b68716746d16d26d0b33852bfcea0bd,Paid
TX0603,PO0603,2025-04-01,17109.46,Wallet,1e5c2d243c897e696bfb4d3d4e45e3ddfe6b469586c8a9e8ae5820285cb20ca9,Paid
TX0604,PO0604,2025-04-01,21754.88,Bank,4c5e0d14a9204fa2d1f28d9ed479c46c0c7ab30d2acd4acf142d59f555842b66,Paid
TX0605,PO0605,2025-04-01,3979.78,Wallet,d8576eb80f3654114a0fb200ddead142b81301e25930e2cd3b3a34c61e5c2991,Paid
TX0606,PO0606,2025-04-01,25008.82,UPI,1d5ccadbea5f8398aab8090e1183cdf28330e776a0a144b88811d56a62bc0219,Paid
TX0607,PO0607,2025-04-01,3976.68,Bank,d799ea6a1336b0000f7ab07bcd27cfd0921577b1b947d4d6879a760c5f5f4e3f,SUCCESS
TX0608,PO0608,2025-04-01,39936.20,Bank,461afa592082b8ae2b5591722d33b8f4d813f100fb9209557c85bb9847cfff9e,Paid
TX0609,PO0609,2025-04-01,27106.09,Crypto,774421c1065c5399bbde6e9fcfcc9d60a91ee3ca2d4732716b786fe58c791470,Paid
TX0610,PO0610,2025-04-02,33675.57,Crypto,dd8bd357d4607ced76183de7af9fcdac470b1e451003d4152f12568f49bc16e3,Paid
TX0611,PO0611,2025-04-02,35338.12,Wallet,6c8ede8cd5e13875f8b22870538ccd73d77d1d3aabf2dbc5fe0316f9aaf5979c,Paid
TX0612,PO0612,2025-04-02,25599.34,Crypto,18733269ae361ea8de8ee5b27436cbdae0153d25aa1191d3db70969e41683373,SUCCESS
TX0613,PO0613,2025-04-02,29759.83,Wallet,c5d1d7bf68f2fb77b3743cfa36b8f9378c09095007302d3b4de5d033c9fd276c,Paid
TX0614,PO0614,2025-04-02,16026.24,Wallet,4b26de4f699a5900703c0fe0805da40cf0e61e41794ae5553d424e6e837be042,Paid
TX0615,PO0615,2025-04-02,9955.88,UPI,50080edf40ffd5301a9b76f7e94419b5012e67793bc63384997670a455cc9bc1,Paid
TX0616,PO0616,2025-04-02,26436.82,Bank,3ad7bf58dc2e59209bd0f9314b6d7bf7d49e1a1419413973c237d198b215633a,Paid
TX0617,PO0617,2025-04-02,3793.80,Wallet,25d13d5ef1638370efdc8a17ded0b4dd0c9395d6c6f54ddf87bcce83adb3fdff,SUCCESS
TX0618,PO0618,2025-04-02,4503.79,Crypto,62d2c599b870847a2f1c7d182ac8941d6043b651b8da6320fa0cedcc6cf32ab1,Paid
TX0619,PO0619,2025-04-02,19008.57,Wallet,1becfc3f951f2a6222c255a1d669a4c7400034b7c799fa46e00bf3f68ed1e504,Paid
TX0620,PO0620,2025-04-02,11362.99,Bank,c5f7e6eb69760b2f7a0bfb458c0f9897d8df2edff2ddeab3e247256a0decdd68,Paid
TX0621,PO0621,2025-04-02,4254.26,PayPal,8152f9df268607cab5944b14da588b78a3a2c2c5111104902e7c09736b548e21,Paid
TX0622,PO0622,2025-04-02,14303.07,Crypto,2d85ebbce590bdbb2d828046856a2b4e2b73f301b026efbdb63126008822c8e5,Paid
TX0623,PO0623,2025-04-02,3613.09,UPI,61d26490dbdac5c1f1474f5be6d4f3fae11cad3d13765bf2e75a546b31dd9ada,SUCCESS
TX0624,PO0624,2025-04-02,24416.71,UPI,8e6a36992823e56046f7d82ab39b49f7ef3147475d9ae6e0825c967c81ed6f85,Paid
TX0625,PO0625,2025-04-02,0.00,Bank,c6df8cb026a9676ba1c8be4ae4dd95d6f4f060fcb5fc4fe038b4101040848e43,Failed
TX0626,PO0626,2025-04-02,3900.82,Crypto,c6863a0a9a094a4f7c79bdaec50c36cbed44b86bc84cd4401d6908268288df2b,Paid
TX0627,PO0627,2025-04-02,21734.38,Crypto,c011288b70cd25c0ab2fee10ebe1181cb50ac974391766fc6aa04684495f18e9,Paid
TX0628,PO0628,2025-04-02,6989.67,UPI,7edfa3ee4ff4647b4c4db66eedd5dc46e006e0ec4159a11cba9057b2b81e19fb,Paid
TX0629,PO0629,2025-04-02,7264.40,Wallet,8c5dca5ec2d67aba3e520bf422adc5c329c0e433e942a8e9629aa6b371ea9a21,SUCCESS
TX0630,PO0630,2025-04-02,7111.03,Wallet,310301a4c905936f1c6db6f75547aa0c97b173077aec98a192dc5c55a5ae6e70,Paid
TX0631,PO0631,2025-04-02,32219.47,Crypto,87701b9425decd8c816611a8bd30ad1984211ba88f16a2a4a395ff70ea1fd31c,SUCCESS
TX0632,PO0632,2025-04-02,10731.68,Bank,ba495b0d7274581822edf43eb3db7059548f0f6a060b96f8dea42136f4f27576,Paid
TX0633,PO0633,2025-04-02,0.00,UPI,97464e16514cde56787f3fd04097ee5d6de9e57585f42f5ecd92614bf884eb3a,Pending
TX0634,PO0634,2025-04-02,4021.72,Crypto,7dde0a013f2df39ea5d1d3caa19cccc7df1848c6883aef1fc04e6e466e8fdd91,Paid
TX0635,PO0635,2025-04-02,20275.03,Bank,0fd6093e740eaf7f6daf7f3082e64b4645ce10c729563c2005bac3d0bf324e8f,Paid
TX0636,PO0636,2025-04-02,18367.93,Wallet,7476ee60f079340528ebe6c5ecf1ae2005f4a4f9ef415fd6b09a315c78d5d69b,Paid
TX0637,PO0637,2025-04-02,22597.43,Crypto,8d5f6b15190e1567b9fdb2ca516e242ec1bdd8b9f90042fae0cffe29d4e66ed5,Paid
TX0638,PO0638,2025-04-02,22331.26,Wallet,950f52a35b2960d0c9af916cc5f105c3aa0f5adf26f17bc2802d8fed41411e70,Paid
TX0639,PO0639,2025-04-02,0.00,Wallet,439f98e13bfba66af64cfdd7126d37b999458e89762f662af1eeab39b4c1111a,Cancelled
TX0640,PO0640,2025-04-02,17027.72,Crypto,8c1c652bd84ddbb396f9e2746f3290fe06dbf0bb32f768ded60c9f7ec103d47f,Paid
TX0641,PO0641,2025-04-02,14112.14,Crypto,b675374edebcb7ceb7d0330a934e5567a6cc8b1c844587fcc79b8cd498448b5d,SUCCESS
TX0642,PO0642,2025-04-02,15409.04,Bank,6a6b12e26da403f8449995c64f946476814e7f4b126e58e5737013ab956a9f07,Paid
TX0643,PO0643,2025-04-02,36531.08,Wallet,287c60ab89a6e72d7b7f30d085b7a0200234bbd3c159bd5dc7308cfdcedf420e,Paid
TX0644,PO0644,2025-04-02,20517.90,PayPal,0d141a38b5188e67f02e026bc33c66e647e669a27e0d3bbc79be4eb21ef61a71,Paid
TX0645,PO0645,2025-04-02,25281.85,UPI,fd7fa13b875198cefafff9310c45d9b99e585b8f407fd92c2df6195dbd5af88f,Paid
TX0646,PO0646,2025-04-04,11643.32,Wallet,8a168c41651b14eabd2ba792ed0530a98a46d626d868d6336f12bf7b08b6c59c,Paid
TX0647,PO0647,2025-04-04,33934.54,Bank,8cf7dc464ecad4018c07ad25955e0935be4d953b2df80b67ee6ff4f33f21b534,Paid
TX0648,PO0648,2025-04-04,19469.59,Wallet,9f900bde1b469420d396af2ea6c07c4e721ef50bce78015d94d5e63fdd38ea9a,Paid
TX0649,PO0649,2025-04-04,40317.07,Bank,babff77b3b56385e2778693c0fcfa42d8058958d5eccada2259b153e2c0dbad0,Paid
TX0650,PO0650,2025-04-04,8424.11,Crypto,5fdbdf7b48f5684333ac34ee962a1f3e7fc178551b6350473915a7d05bb07668,Paid
TX0651,PO0651,2025-04-04,6179.53,Bank,38baa80780df38131ab3e1d0574368010ea612c09660993f5db0d8a7c21673d9,Paid
TX0652,PO0652,2025-04-04,0.00,Crypto,9f8f5babf859b72dc00363441035b272d48bff40ae71d3392e347cbda7b1ba99,Pending
TX0653,PO0653,2025-04-04,21904.29,Crypto,6deda80a7be66d9f6d55052e9b96f2bed404ab99a2c2bfe066bc45f56950763c,SUCCESS
TX0654,PO0654,2025-04-04,17453.59,Bank,6521aecd5e2151dbddc4301dece12b5461282fb5a117ad845dea6e9e8a4e8be5,Paid
TX0655,PO0655,2025-04-04,4873.46,Wallet,bdc19772c4b6a2ae27d4db2e65194dc648e76c56350e43ee45ab43343a826e77,Paid
TX0656,PO0656,2025-04-04,11087.59,Bank,0099df2f05c1d32500835ffc5d4aa2547625eb4553c50dfd8d2470d5990c07a5,Paid
TX0657,PO0657,2025-04-04,0.00,Bank,8923ed279095993120475b9e7e688d6b3328d5019c0c16cfab01a97f8d3d80c3,Pending
TX0658,PO0658,2025-04-04,2804.39,UPI,bbcd395015282b3ca73d70496e4fcb06bfba7b0bde103c1f10cb4f7e52bca3d9,SUCCESS
TX0659,PO0659,2025-04-04,5721.53,Wallet,40e612b3ac166a0e799ebbd6fc1642d42860d23299de3258d00be4690de32231,Paid
TX0660,PO0660,2025-04-04,22202.88,Bank,02bb57b5965c50a46b36d0b59fc51850f86ccd92f2fbb9c76adf14a191975b0a,Paid
TX0661,PO0661,2025-04-04,0.00,Crypto,264a08033707e1f1f5f3f012ef663064266229ab4c3e1cda0614f79ef04e5838,Failed
TX0662,PO0662,2025-04-04,38596.42,Bank,bb6e075342dfaa471d560e32dafd3249b48d00d3b273624393830c9caf351186,Paid
TX0663,PO0663,2025-04-04,10172.19,Bank,844d82e7032c327e6f6a6c313d8907cc7c124092a124698d953deee1db3b6a37,Paid
TX0664,PO0664,2025-04-04,47589.71,UPI,7f068691595c917d79a116f57aec6953ee848f8d95c0a2ed93edaf8a389e4627,Paid
TX0665,PO0665,2025-04-04,8713.80,UPI,adfec4fe0be343108f828d2851fb43c9b83ce35791dd246323dbea31a0f47a90,Paid
TX0666,PO0666,2025-04-04,33317.83,Wallet,94d217b16a5825a27d7a476bedadf1fd7cf573125d6aaec5435fa3fea076d430,Paid
TX0667,PO0667,2025-04-04,28843.83,PayPal,43c959b928076380ee45954ab4563cc16f595fc1610ae32cf93a7e2f6fc32c20,Paid
TX0668,PO0668,2025-04-04,34518.92,Bank,d5ed1b304d74f83cdc37be644c0d5fe2810a44e5498a8a549afd1dec5932f9f7,Paid
TX0669,PO0669,2025-04-04,22269.37,Wallet,113a45d85c2159f25cee04345ef17aa483f584934f10333aa56952e694e1faac,SUCCESS
TX0670,PO0670,2025-04-04,5715.37,Crypto,a16e69f91e7894706afc9b8c27e2cc799b7da562dced4f3b42697a2dc718d385,Paid
TX0671,PO0671,2025-04-04,7568.21,Crypto,5e06c3e5e39f01acfeea1c28183c4d35395cf5c7c66745bf6d8d55dcd8f41aa4,Paid
TX0672,PO0672,2025-04-04,22730.74,UPI,bfd4f32d3b8996dd456df23b5b5f878228fcf0512f43fbf023020862a47a8649,SUCCESS
TX0673,PO0673,2025-04-04,13657.82,UPI,7cb0f8b3f7a2202b41f8de744b4601b439a1d41383cb0cff87e4f358b0e99669,Paid
TX0674,PO0674,2025-04-04,4695.96,UPI,f40a8b5c613b7dc3526f38c0c6348a061728460b9a51be77a10fa189c72af41f,Paid
TX0675,PO0675,2025-04-04,16588.13,Bank,428e1cd3a09dfd27012cc87eec0d9bf6dece1d540e2aee78d750ca416585bb4c,Paid
TX0676,PO0676,2025-04-04,13875.51,Bank,a8d8b7ae5e5b79d78373c78935280cf41d33fd12c6ae0dac97729c167f7a65f3,Paid
TX0677,PO0677,2025-04-04,2310.65,Bank,548c335cb1cd2a0abc8e694e4d55809d1428c96bbaac7d775fc5be4f0c2b22f1,SUCCESS
TX0678,PO0678,2025-04-04,1980.59,UPI,bb396c4e598d9da54df9d1eb3225d9591e2e674ece42302b46269af8b88503c8,SUCCESS
TX0679,PO0679,2025-04-04,31340.77,UPI,cd168c9aa51f449ac565d8df65a5201b0d202cf35d2fd77abd9826932f52dce9,Paid
TX0680,PO0680,2025-04-04,2006.29,Bank,7ec00e25450ec88c17f3d73ab518d6f33800ff3e367bf1cba998b88b642aeef1,Paid
TX0681,PO0681,2025-04-04,3822.45,Wallet,f86c98e3a4a028f72de1bccd835ceeb3fae9bdf99f8ea64a744c61a3df92d1f1,Paid
TX0682,PO0682,2025-04-04,1188.13,Crypto,196038d95bcfa46307e2d06f08b1e84d3a66a839422a2713284aac9e56af32f2,Paid
TX0683,PO0683,2025-04-04,17027.53,Bank,52431831850bce8da4d7a4d7b5f45290655aa63e3afce423f2bdf86a51de2a06,SUCCESS
TX0684,PO0684,2025-04-05,14626.56,Bank,92a62f98716f052c125bb10743d8d23d9435d21b54403e0b0bda738e7148525e,Paid
TX0685,PO0685,2025-04-05,45388.03,Crypto,2e708900c7d99eb6a8f4011797bc3ee97118b12ac20ab67904d4b70e313f30ef,SUCCESS
TX0686,PO0686,2025-04-05,31491.23,Bank,d9f0de43861f885458a55ba72b8d20dcd885f57b8d2a46eef06cd425f007c2b4,Paid
TX0687,PO0687,2025-04-05,0.00,UPI,aa3bc5dba32bde995d34ebcb0b8e99b7a7751903abd21e3d5ccc1471dc92d338,Pending
TX0688,PO0688,2025-04-05,35833.99,UPI,681c3d6bae54c57f539d7d51563788433f6367d26aefedb6f2979653533da9e1,Paid
TX0689,PO0689,2025-04-05,7796.35,Crypto,0743aff813efbc1c62110fd4b376a96576688ee989ef03933acf8c8ecc3a6a8d,Paid
TX0690,PO0690,2025-04-05,22830.88,PayPal,c429026504111a1184e1ab2462844d094e46d674294ba210f18aff6d17323301,Paid
TX0691,PO0691,2025-04-05,15755.83,Bank,01fcea67d93a929fa8c1a5b897c8d2ac6e55e9a1be61aeba998bb904426b82a8,Paid
TX0692,PO0692,2025-04-05,9780.74,Wallet,187ddb74db68bde214179ec76f83172e7157407cffd8791e16cc7d82f9cc805b,Paid
TX0693,PO0693,2025-04-06,90.00,Wallet,ebd2eed4bbeac0f7b14b5c9b3095bd15cc600144039c6b1ea758abb7b076e9ed,Paid
TX0694,PO0694,2025-04-06,1330.16,Wallet,d148e83a0712cc09e4f963e46b007dee52b8bc7b8e5eeab8e84d7f02f65f5211,Paid
TX0695,PO0695,2025-04-06,8361.50,UPI,78387519f4e79da9738a3466005fa14f60a137a48f9a9f9acfd42b8f99e01bf2,Paid
TX0696,PO0696,2025-04-06,13190.08,Wallet,ca7dcc01eacfc4f5d07232771fae47f8eb06cdad23e06e19565b4b0b2d8dd834,Paid
TX0697,PO0697,2025-04-06,9996.32,Bank,584b1a2889d75355e355785aec8166d8ebfe72ad11ddf77a95d01b5d8b7111ad,Paid
TX0698,PO0698,2025-04-06,40613.62,Crypto,4cbab0a7e8ecca82d52e450039d4999952c3ddd35487c293c2ab4ea78bfcc276,SUCCESS
TX0699,PO0699,2025-04-06,45838.65,Wallet,af1bb84bcf5c9f6f36d65ab68d6ad2090c9cc2b2eabb1eedfc57c5e1f41555a5,Paid
TX0700,PO0700,2025-04-06,14412.73,UPI,bcf572a1cb50d68f4760717726bdeb8c7b43b2d6d9b5d304d8fd82e4a2482c77,SUCCESS
TX0701,PO0701,2025-04-06,24860.04,Crypto,6f15dcb9a6f24bea92951f30377dc57de20b14eb6d31f8639bc46a78180c090b,Paid
TX0702,PO0702,2025-04-06,9278.21,Wallet,574f90ec34dea017982c972eacda0c667963634caeacca22e79b0d9a6702bd29,Paid
TX0703,PO0703,2025-04-06,0.00,UPI,ae8e780f4938091474ee16ac8c698ef9a03294ea41e3c1e2127331c5b4ca6037,Pending
TX0704,PO0704,2025-04-06,38937.15,Crypto,6ffe56297433de731720857c1ec1882bf59ff81de577cf2f6dca65765b22e52f,Paid
TX0705,PO0705,2025-04-06,42141.99,Bank,d5f5ed401408af62363018d35e15a8c2be79449625fdf1ebede7ffa3971591ba,Paid
TX0706,PO0706,2025-04-06,30310.51,Wallet,f3ca4065a72792ba258d8aa7be9a4f88bc273af4d532ce98564054ffad2d463b,Paid
TX0707,PO0707,2025-04-06,0.00,Bank,f646194b265794253bf9e965aff76bc1d106c1d3712a5ff63d5a801fbc85a88c,Pending
TX0708,PO0708,2025-04-06,26482.10,Bank,97f9a6f9cc0bcd9f1d7bcb32531ac66accea82f10ed36796b249fe18be0a01cd,Paid
TX0709,PO0709,2025-04-06,7732.66,Crypto,0962fa28d327c7547adf3569fc833ca47bab5bb8578c8e97341bdc23f7c70f07,Paid
TX0710,PO0710,2025-04-06,21568.09,Bank,46f5a5cce36b5b2e048f068efa54c09c5a1f493763051441bcd39736542fa1e0,Paid
TX0711,PO0711,2025-04-06,2265.18,Wallet,93410d38c94569fb3a6262403aa8d41336510bf87eaaf1e896ed2538c6677d45,Paid
TX0712,PO0712,2025-04-06,4423.25,Crypto,75bc1682d150a3a94c3e90a0db99e9495ce7b9b6eac87d27c6cf417ae4478d81,Paid
TX0713,PO0713,2025-04-06,18879.84,PayPal,657ddc8d53ccc50af2c8dfab7c87da003079f753d034e674982c3b85f0f80b48,Paid
TX0714,PO0714,2025-04-06,25052.43,Crypto,3fb4df4d9bdefcc2250d21266c0021b228509ee66c252032fd47877fdd29a353,Paid
TX0715,PO0715,2025-04-06,10996.72,Crypto,1d225718bb575c19ee26662c60239fe2c6573ddee9ba632a8b632e6d5ae2ad87,Paid
TX0716,PO0716,2025-04-06,19794.54,Wallet,71d4cb16b9ccecb1e759489f6b910ebaadaead26dc2bf12f83fc0f9a83c8317b,Paid
TX0717,PO0717,2025-04-06,5804.42,Bank,c68eb72e984b775b289eab984ef9647ed29d1ffc99ad042055fa27d69a89c426,SUCCESS
TX0718,PO0718,2025-04-06,16700.49,Wallet,bdef4a19d67f80ca29b0cab9db3e61a677a0d5561199e4350f5d557d7c7ffd03,Paid
TX0719,PO0719,2025-04-06,37995.69,Crypto,0b57f019e7e54d671eb537f99ecce6cc29d49c99362e4165da3bd065d9cb2e5a,Paid
TX0720,PO0720,2025-04-06,31824.71,UPI,4b02021809e35a35a3c5b1f099f75cff93152762e280b9f7ee90f4bfa820908e,SUCCESS
TX0721,PO0721,2025-04-06,7454.44,Crypto,ae55ab5c4bfe0728e92a58f3ffc387dfdde03836caab9b08095ccf5d415ea8f6,Paid
TX0722,PO0722,2025-04-06,20543.50,UPI,5fc3f9b060ff22d94923e11c16114fc5dfa7f54d127cb805ce201a3932cb4cdb,Paid
TX0723,PO0723,2025-04-07,28226.37,UPI,30e4aea33593fba474ce2203402e39d04be223bbdd456675c02b31dfe848d938,SUCCESS
TX0724,PO0724,2025-04-07,18484.39,Wallet,32932018ceb0bfa268222863d4a79806f9be11146ad06eeac14a83c4067ca371,Paid
TX0725,PO0725,2025-04-07,7280.80,Wallet,1a19871469e00abef69f456920f6998d86d03ec268b2a60930c30f61e88e1369,Paid
TX0726,PO0726,2025-04-07,34569.93,Wallet,6ea01c5f4931f1d3dec31445603abe94ae7fb8efc8612ef09f9343210cd1ea29,Paid
TX0727,PO0727,2025-04-07,23808.70,Crypto,87548c40720bc336a6dff72bf27185fd708514951e42288c8a55d1b666c8dab8,Paid
TX0728,PO0728,2025-04-07,0.00,Bank,d03d30c30b557056da51f881df3cdc00222b161bdb2a12bcbedd70eb98eb514a,Pending
TX0729,PO0729,2025-04-07,5365.71,Crypto,d502235fcbfdc79650e282b6ed1d0b7a0739911525a55ba5f5b1b1bf0b7bafb8,Paid
TX0730,PO0730,2025-04-07,20831.40,Crypto,1f62219909d7d2b8a20fe2b74268fbac23779562a172565a08e3e19d91ee6656,Paid
TX0731,PO0731,2025-04-07,0.00,Crypto,b9cf4c2677743ae4325109776ab7bd2fe3b1fcea27b86c6f1dcabb20de21187e,Failed
TX0732,PO0732,2025-04-07,13662.08,Bank,808bd770fafef3085b1c619d51ceaec316b38202c1b3acbb1455e491996dc680,Paid
TX0733,PO0733,2025-04-07,6094.45,Crypto,d0de334f0462e0128e7ee6ca56e0ce8542867113733bd12eb01a3969f46fce5d,Paid
TX0734,PO0734,2025-04-07,23093.76,Bank,efe4e30daa537c05d44a31465263cc541cef3ee0b3e9f9b46a7542c5fc460576,Paid
TX0735,PO0735,2025-04-07,14954.50,Bank,a2b81aae7cd418613f19450242bdf2f452603d362391fba029b0616346cca085,Paid
TX0736,PO0736,2025-04-07,7876.58,PayPal,d7b5f51d39dc24205736d977a8e371abdd09553191dfd7826e38663c632184d3,Paid
TX0737,PO0737,2025-04-07,36847.04,Wallet,4351ab35de474ed7812c9657afd69ac83f0f3445b8610ec876fcecbafce9fa8a,Paid
TX0738,PO0738,2025-04-07,10316.81,Crypto,9183b72a2e786c6970022cfb4ada62828cdb3ee8fa87461f2904ddbbd6e87373,SUCCESS
TX0739,PO0739,2025-04-07,24975.03,Crypto,f38cabea802cddf9342625ea4b5f7f20dabf68792ada810e45f949944fd858c2,Paid
TX0740,PO0740,2025-04-07,16958.32,UPI,ce84c13dba5367ec0dea318379c5ef65deb1b2d980b7ec79dffe2d40112cef78,Paid
TX0741,PO0741,2025-04-07,31451.40,Bank,dc0b98e3efa1ed439abdaf4f8ad58f96b2302504c5b6dca1350fdc83418af4da,Paid
TX0742,PO0742,2025-04-08,0.00,Crypto,ac08f95851622236190c1c3bcaa2e3df6a0c48320a6db52fd9147dd48aa7d052,Pending
TX0743,PO0743,2025-04-08,3654.77,UPI,44e60e6bcfa2fdedf1a4af6952c92e6c344411dbd0384ed9ccb557e02c9f7bc6,Paid
TX0744,PO0744,2025-04-08,0.00,Wallet,44d4a60a96298b7e91d28c9e3970854400dfc8302f06fd5d49a39058363a8a13,Cancelled
TX0745,PO0745,2025-04-08,0.00,Bank,b10210689b4ad424bad9cd291b34a72c534082e01d64d089e77dfafe4760351e,Failed
TX0746,PO0746,2025-04-08,20455.90,Crypto,e5f8248c8afc57334b1ae5eb4ed3d6d00021d10934f5880d483d82770da3b738,Paid
TX0747,PO0747,2025-04-08,18749.91,Wallet,77d3a7fb798ad8da5929e260a58f6e1a40ea5b7e29a02d2922644c24ba3e1d61,Paid
TX0748,PO0748,2025-04-08,21717.87,UPI,0d06fa65b3c04e5521ed7b4d6f0094f4e513c200ad8609889181093113e9d905,Paid
TX0749,PO0749,2025-04-08,5956.35,UPI,b9abbb72c996ccbc37a35a574e86df0715e14c6384e2d34a69df8515d1945c2a,Paid
TX0750,PO0750,2025-04-08,16159.77,Crypto,dce55871272b9b76ab8b19146a0b271d9fef0b73e3d8bdc757bb0d5dade9ce47,Paid
TX0751,PO0751,2025-04-08,22550.71,Wallet,e4d3a627f7f3438f811d99efceab1751aad4ac6b8fce3eb9e297dffe82dbc609,Paid
TX0752,PO0752,2025-04-08,17308.46,UPI,55ec6a7e9ec8d964bfa87f68c5681703c3d65674a0b635d4e7f91874cbef8150,Paid
TX0753,PO0753,2025-04-08,30848.81,UPI,afb2f3cdce60f1a81388f6e3dd6f6c236d01389e7d83612cb8778e10d6a66e4c,Paid
TX0754,PO0754,2025-04-08,1170.71,Wallet,87e24e28ac9feeb083db660c3af33df9b376917304a17e8c6f402daa8ef7583d,Paid
TX0755,PO0755,2025-04-08,1912.55,Wallet,f6c5371f4cc9572f4d82b9f8a1df4d0755a270427040aa4c1d5f3115e3518aa4,Paid
TX0756,PO0756,2025-04-08,918.83,Wallet,9b3e9a8c8ed64c2401650fdaed3de0b593b77f799f5fd20f65f9013b2ef3378e,SUCCESS
TX0757,PO0757,2025-04-08,28885.51,Bank,0fb744efab356e71deecbbd8cb6eaa5b7623c8067173bc50116fc0f750b0bc59,Paid
TX0758,PO0758,2025-04-09,46375.81,Bank,cfea5e1ee610795eef5e2f9a5cd1ca273f182c9cd26d9efa2f6f738526a403f9,Paid
TX0759,PO0759,2025-04-09,11251.88,PayPal,bccf071849120f3bdbc9dc6be3450a6790d672f6f87763e529fa16b497f1afcb,Paid
TX0760,PO0760,2025-04-09,0.00,Crypto,f7a6a64112fd7c7856062a68792313e002b31bffdf4e0d0f2317afcf13124afd,Pending
TX0761,PO0761,2025-04-09,90.00,UPI,083e5e98a97cc9491c331d6efc20db1c0bad0e76b5fe0707b7086b6138ac77e3,Paid
TX0762,PO0762,2025-04-09,0.00,Wallet,74f341fbb4d2f59485333ccb3680bd4385c2eba06b0e3530670b9fd2cd41613a,Pending
TX0763,PO0763,2025-04-09,0.00,Crypto,508ef7e78712e2d8a9d5fb8d9e40f38de584f22841e0579047bc02672f8f3642,Failed
TX0764,PO0764,2025-04-09,7019.14,UPI,3cc175f8af63523c70eddf233848e9e1fc0c0cd47c5f0d1256320c641c645428,Paid
TX0765,PO0765,2025-04-09,11887.08,Crypto,5f94946b3b9e1ba5479304010796f423e7629dda4e5d9b1b87716d6b560043a1,Paid
TX0766,PO0766,2025-04-09,12024.81,Crypto,d8064ae7f215aee4521261c1f15022d5bacf48f0d6298b7dcffd9fe0b53cef37,Paid
TX0767,PO0767,2025-04-09,11864.91,UPI,fb06a97805f9986316035b3dbd94aa87f5d2d6a58a454767e49ac2fca1152c99,Paid
TX0768,PO0768,2025-04-09,4174.57,Bank,a1d033549378497f961007c3493506778a795a4c55e6adbe25107d1d49d30679,Paid
TX0769,PO0769,2025-04-09,13466.52,UPI,9439ffde053d7d037f4bc0de6471b0410034496cfeaf26431232526504a407dc,Paid
TX0770,PO0770,2025-04-09,818.79,Crypto,dd48837e4ab3c36ffac8fd9a27f136d834bbbdc122c59d23a34dfb8b76d6eb9f,Paid
TX0771,PO0771,2025-04-09,0.00,UPI,0fb737c830140509db4a1b7b2d78221e37673d4fcf23f846eb5dc341dccf894d,Failed
TX0772,PO0772,2025-04-09,16865.95,UPI,ed7fc9a597d698f74fe2132629786cbfe66537f747fb453583170f33a9ee2201,Paid
TX0773,PO0773,2025-04-09,853.09,Crypto,9e62bc9ca9fc66cef3bb25b9e9f60a6f9e80624d44f5269328f3b3d59df1afe5,Paid
TX0774,PO0774,2025-04-09,9092.36,UPI,84770f20b037f93f93ce13fcaeeff5339c2fef795626712607a9ea33058e13cd,SUCCESS
TX0775,PO0775,2025-04-09,996.30,UPI,605b0e6af238e0fbc30e050a6965d0044db245f13db6eac9ea0c4687f011d269,Paid
TX0776,PO0776,2025-04-09,23334.71,Crypto,128a17760d1dcfefda92efc9a8ddd12b01bc1d365fe47aca008f372126c101ea,Paid
TX0777,PO0777,2025-04-09,11446.58,UPI,789bfd02fc568a9cf9ab48bfd5dd59298bf53b15053c96c6b8a31f3dbb4f44e7,SUCCESS
TX0778,PO0778,2025-04-09,28663.64,Bank,0543796abb70bf5629b6b52b36330c02685c4c230ec2fab89758ac934e62cda6,Paid
TX0779,PO0779,2025-04-09,6407.51,UPI,8598f7608f9a3c0d5b8b72330c3c285a532b423b4345ac0dc12a42021757f2e8,Paid
TX0780,PO0780,2025-04-09,14883.16,UPI,b854ff858453616c616a20258bd03f71d929fe7b117286bc2f454a1a2c3c06da,SUCCESS
TX0781,PO0781,2025-04-09,23431.66,Crypto,c352a64772c66805e4a2dcce63e9518b2b3dcaac06c7b5f14e7ba653e0dfa397,Paid
TX0782,PO0782,2025-04-09,22908.31,PayPal,8466aeb06618176e83e16c2d5ea93390609c1b700970549b01db02d600463b6e,Paid
TX0783,PO0783,2025-04-09,17967.49,Wallet,8eadd6dd877eabc9b2d67d58abd81bc4f30bd7c63dea91133e5bd2620da1cc79,Paid
TX0784,PO0784,2025-04-10,24139.90,Wallet,f8e878c448f630e50b66d32ce6fcd1c29a09031c2fec3d6d1d892b8e27d67120,Paid
TX0785,PO0785,2025-04-10,18651.01,Wallet,5ccf512a90890e9340ed3023d238a5eebf22eb75fb5cedbb3b379dc6a8bb70a1,Paid
TX0786,PO0786,2025-04-10,24527.29,Bank,5b9634249e1638bee3baad00fe3c8391cbca3a8221798b783aedd5d70d931782,Paid
TX0787,PO0787,2025-04-10,0.00,Wallet,1d7ab5a1a09f63a09d03b195ff16eb336d19ab9da0c9aca814914cbb5ea50dc7,Failed
TX0788,PO0788,2025-04-10,11112.42,Bank,22f3d274851e9907c5a123eff0a7d73c808e2858da0c6ed34fd6d4151ff11f7d,Paid
TX0789,PO0789,2025-04-10,42687.93,UPI,b201d4d576b20768a55d242d68df37592a1ccb6b9946a82d6c9bbc2c96da86c8,Paid
TX0790,PO0790,2025-04-10,586.96,Crypto,541786d05b7d24dcf9545662ba38589d0d92393399cae579bf15d1bbea3ca15d,Paid
TX0791,PO0791,2025-04-10,32771.40,Bank,9927805da0498e41dc49a543950fc21c5c108e418ee1b14da11a90655649dff2,Paid
TX0792,PO0792,2025-04-10,32828.64,Bank,1e62aaa5c1f6e1063baca328744daf7392337ff09fec117ea9d2d278084f7564,Paid
TX0793,PO0793,2025-04-10,6538.63,Wallet,ca29a6dd599d7eadeca2439e760d5ec15ef524b679948721bd526baa9a53432d,SUCCESS
TX0794,PO0794,2025-04-11,25765.65,UPI,3572a8f7f3d1b34606486e77c2173bf68e9934cfd6893fa773e485e266a18eb4,SUCCESS
TX0795,PO0795,2025-04-11,32616.20,Bank,12476115e581cd9adc3f75de3d36f525d7ce1d3a0553a61348f094fef0190efc,Paid
TX0796,PO0796,2025-04-11,21092.89,Wallet,a8dcc18feb0c3e8b454138dc3e8ad344469e1dd81966d9b48d053fc2ef2292c2,Paid
TX0797,PO0797,2025-04-11,31135.94,Crypto,14d4746a99473ce63aed1cbe42bcb7f0435ff20408869b86ca7522b2a9e545d3,Paid
TX0798,PO0798,2025-04-11,30227.06,Wallet,1ced33cde9c6f53c66e08a5186e798e7b1b748a9ca82832cecebcefe0c08598b,Paid
TX0799,PO0799,2025-04-11,3279.94,Crypto,c28d3403bb254b4fbc0adda17f2e806dd95e6aa01ed3f0f3da8d792c5931358f,Paid
TX0800,PO0800,2025-04-11,24633.46,Wallet,6eeb71728495bf047d4f069e2af5e8822774665958fa57804674eea597acaf00,SUCCESS
TX0801,PO0801,2025-04-11,569.95,UPI,34aca031b775a483933c243da9fbca30844c04220b2c19d94ff2e924e77d8cf2,SUCCESS
TX0802,PO0802,2025-04-11,194.29,UPI,bff55dd3b72e766ac3ef933f9995b10df34f7e4b9751522125eb6a0a2c873426,Paid
TX0803,PO0803,2025-04-11,10371.34,UPI,c132ba6d044750115dec5c05fc1b6b3b88f435e13056ab850921f5f1db748c76,Paid
TX0804,PO0804,2025-04-11,26116.60,Crypto,1b7ee695808026150f9e773e0f0560f1917797d6e9aff00ca90bce81fb361267,Paid
TX0805,PO0805,2025-04-11,26732.10,PayPal,4894cb67c7b4cde7fb21699ae53c66d90b69eb713d0896406720a86d157ecbd8,SUCCESS
TX0806,PO0806,2025-04-11,1940.23,Bank,f3e9766d0661557b37cee4b07bf9c7f0cc33dead7a70a90daf58c7b9e3e586b9,Paid
TX0807,PO0807,2025-04-11,12195.34,UPI,55dc042cac5adf12a8b627c3649685938c05295b7fb2c7eb52d6414352140bd3,Paid
TX0808,PO0808,2025-04-11,9245.42,Bank,c64e2974f5ee67329547bd416f921974c6e70f8ac0a37fb37cf0a502faaa96f9,Paid
TX0809,PO0809,2025-04-11,1481.71,Bank,f9cc2ca684b9589ca0b8161f21be29da6d459ba64d59b30b4f77213a8be4ec81,Paid
TX0810,PO0810,2025-04-11,12414.87,Wallet,f850d1d3663abfced1d55ceda558512ede4395a75b7680c724e60068597fd8c8,Paid
TX0811,PO0811,2025-04-11,40739.44,UPI,bf371ba4bc9c00d7ffe09363195cdc28279f2cdadfd909d08de169bbab1d28df,Paid
TX0812,PO0812,2025-04-11,23792.73,Crypto,a3658c99e8e916494d8d019623260e723535e170273fe0b0ff8485cba3448c8a,Paid
TX0813,PO0813,2025-04-11,20590.07,Crypto,15147be34f2b685a06471a56a4968d3993edbb4eed961888e01e2f219de617d6,Paid
TX0814,PO0814,2025-04-11,42753.10,Wallet,ddba1f803b180e40b85a2809e3487e1235b65841d72f3c191ae14b6a3d7dd52d,Paid
TX0815,PO0815,2025-04-11,26727.95,Wallet,18e5c76eafbc8d7fb0af3e5224db3d8d6799fe82af2da5a7ccb952506d6afd75,Paid
TX0816,PO0816,2025-04-11,38339.29,Bank,d6e80fbafe55edcb3db7da1863527996f7f2376eabf677ac55ff06e214acc903,Paid
TX0817,PO0817,2025-04-11,39566.84,Crypto,d2b270d1526e4823bcf7fb78f80a62fc80b4561adf4a71bd823b8669b0c3f50a,Paid
TX0818,PO0818,2025-04-11,3474.35,Bank,fe654e8b224dc45967b109b5168348f829cda2d13cab097d78267b9c5961af58,Paid
TX0819,PO0819,2025-04-11,21502.55,Wallet,d384dd2f4de524635b01a0301760ac563eb6078771e5fcf9c413058c1fc63628,Paid
TX0820,PO0820,2025-04-11,11265.87,Wallet,a679aa8bd044fc64975c89396694139569ed06c9214efffa6528e743a1fe4dc7,Paid
TX0821,PO0821,2025-04-11,17654.12,UPI,86c5f7cc35ebf5a7e68890ab5bc718bf841fb14a484d7eb10a705aba2f2d929f,Paid
TX0822,PO0822,2025-04-11,18910.84,Wallet,648c7bfb42a1d01ab6208fdbcb399186a7f42aaa9b75dfa3e2fad0e3e9eb2275,Paid
TX0823,PO0823,2025-04-11,4372.60,Crypto,0de954394166850f1a63a0c7c040e1c67448763dbaef1ea4087a447cd132d317,Paid
TX0824,PO0824,2025-04-11,9804.66,Wallet,45e5586a7b563228237699cf8498a195f1b44bd8ce493fe25d41fb48f2d8dd47,Paid
TX0825,PO0825,2025-04-11,20982.24,UPI,41341897fb6b679a6cbd41ea3830b13e239b7543ec4340595295e1e33868d417,SUCCESS
TX0826,PO0826,2025-04-11,0.00,Bank,c9621132c3f38778880a11a71936058cb885fc58f3494fd22780dca1f6d07ccf,Pending
TX0827,PO0827,2025-04-11,31608.63,UPI,865fd69a0eaab89408f062613240d3f12868e0f37cb25ae4912a5d5a21004bf8,Paid
TX0828,PO0828,2025-04-11,0.00,PayPal,1586db51694c0a103bc8dfa47db498450751ecb860c2048782644aa8e174cc21,Cancelled
TX0829,PO0829,2025-04-11,16913.07,Wallet,bb2c132fa143ee253cedb9204f051f3efb83a60b680042830adad4e9a9775575,SUCCESS
TX0830,PO0830,2025-04-11,5952.85,UPI,c113ac34b79e46bdfc0223a730fa68392e866dd28397cc0b68c2b988d1180262,Paid
TX0831,PO0831,2025-04-13,25576.15,Crypto,a785dbd58f9dc60c8918736b3afbc6e459c3900cb1e462abfc9df04e4c202780,Paid
TX0832,PO0832,2025-04-13,3246.90,Wallet,11e422990e3ebbfc38e0ab63199e528a12b1a2293d7fdf7d1f5411384b25bca1,Paid
TX0833,PO0833,2025-04-13,33478.78,Bank,baad2dbe3f921511e92106b9a73d1f091d02b66c3b620e79b686c8808c16f6ec,SUCCESS
TX0834,PO0834,2025-04-13,17012.21,Bank,ae8afe1650e5402aea10747ad5e9b980228a9ebf6f1ea4ce537e1d64af66dd07,Paid
TX0835,PO0835,2025-04-13,15019.97,UPI,b963d533124dc4d685b2a8716bacde01453915437ccec74a6f52bc84f53eeb09,Paid
TX0836,PO0836,2025-04-13,29416.97,Bank,9ffc215cf66eb5ef6613501a514ae0aaf266c21062bc1d88f2d1ebbac1387d1c,Paid
TX0837,PO0837,2025-04-13,5996.77,Crypto,07f8e90f0a61a0cfdbd68ff576fd207959d36466e51773e47831babd5b1c56a3,Paid
TX0838,PO0838,2025-04-13,9222.54,Crypto,48b14ccb44a47909b084a01de7a22c7b2d25555064c02f2076096e20aa16588c,Paid
TX0839,PO0839,2025-04-13,15701.62,UPI,91189f912fce5f130dcd35ba8c24d880c1f071216a8ce3b7973ed4fa3b35a36a,Paid
TX0840,PO0840,2025-04-13,5239.98,Wallet,33ec77efdf23332589b495d8c6123b0dedb05aa595628cbc79ffba3d3380ef81,Paid
TX0841,PO0841,2025-04-13,863.93,Wallet,cbf66f2f01cc7f07505d998cfbc7f4f3d349879e1a65256261a118ff113d3d84,Paid
TX0842,PO0842,2025-04-13,17912.18,Crypto,6955fbb5b467e82e57735f6aac1921c7150ee64cc72159b3bbed4a182963bdfb,Paid
TX0843,PO0843,2025-04-13,23326.23,Bank,a96f4c686fe86b819b52d03a97a873f07fd37f3d460a7c9deafa96b295d31301,Paid
TX0844,PO0844,2025-04-13,5598.87,Crypto,7c64e831485404dc5710b6fb0791b7e3e64d697a8a5c18bcd50873a53e240791,Paid
TX0845,PO0845,2025-04-13,14019.21,Wallet,97ccfadfa29dcf8e3a7a27e27eff0a67a7d6911caaf455666d78f5a2a22c66b8,Paid
TX0846,PO0846,2025-04-13,0.00,UPI,3d84f3d9b6a358afb0608e21d43fac1bc8c80b07cdbd27695abe6ca0b1c0c879,Pending
TX0847,PO0847,2025-04-13,23632.84,UPI,ccdfd81a6c8e1cc7999f253908ab4c9e80cf7b587f27ce8595cbd7ff011372e6,Paid
TX0848,PO0848,2025-04-13,10272.31,Crypto,3e68543026e556b58a8cbac031a1f8e0fd8d1c08abb31ee004509db9f16464d2,Paid
TX0849,PO0849,2025-04-13,1768.80,UPI,5dcc3e59d50f8b9d097032a24f7bffc899e34171e1cdb42bf17388c680378f62,Paid
TX0850,PO0850,2025-04-13,746.35,UPI,56f45978f20f803382b2587e446f3920817369459f35026e20e53f49e4e3f428,Paid
TX0851,PO0851,2025-04-13,42265.10,PayPal,c6f325faa405c174e88c4d668ff1eb2bd169b6841acb0cb406b577f8520259f9,Paid
TX0852,PO0852,2025-04-13,20998.34,Bank,10d51e26ecec097fcec967ae8afa4455383f77ecbd11868393f1d5e883a639c1,Paid
TX0853,PO0853,2025-04-13,11624.01,Bank,3c359bbaa9d1703a069d96a4a348b1d916b53da4066fcdbe901e0e72ef0ee7ef,Paid
TX0854,PO0854,2025-04-13,6208.93,Crypto,4f2ad53521c55207cff5d7fe3e5927707a49a348462a7a94fe045667fc13b35d,Paid
TX0855,PO0855,2025-04-13,8610.77,Bank,a3a59587c834a7ded8e1917bb68fdf65785e965b1c639ceb14c85bff545dedee,Paid
TX0856,PO0856,2025-04-13,469.16,Wallet,52702b001ad6e3bad51f66fc0f7bf4ea6ed6ff7dc9f2c4a6d249e29d5cb552f2,Paid
TX0857,PO0857,2025-04-13,15521.83,Wallet,74317813fc4ca1316ec573eadf6adf7d697998d66ffd2064ec29a929c7d0d357,SUCCESS
TX0858,PO0858,2025-04-13,17593.81,Wallet,2244598ff3d24cca682137975854042b83fb24a2a15b6d790ee7691e4cae23cc,Paid
TX0859,PO0859,2025-04-13,0.00,Wallet,01c1c1d537fd6e740aae7857e00e79bbf85e1d186a78808fc551a6cc631de2f9,Failed
TX0860,PO0860,2025-04-13,5977.38,Crypto,c4b7e31df981956cbd41732b56ee8300bea9742d90e3a4e6e6dedac1acc141b9,Paid
TX0861,PO0861,2025-04-13,24934.75,UPI,52088e8307a5ad82863fa585e2f16358bf33ecae758aac4d8bc1e11782607d23,SUCCESS
TX0862,PO0862,2025-04-13,15352.19,UPI,15f949d3f9b79c8881d40251cb32e445e9600357afcfb7453dffb0e48f24b9a5,Paid
TX0863,PO0863,2025-04-13,18847.37,Crypto,b5802f8629df5354bdfd0bd900297f6ea878c3d0f4334251efb6c3c6b6a9a03d,Paid
TX0864,PO0864,2025-04-13,0.00,Wallet,4b4b4c549c34d8aee304ece1792f26dc8447befc1ab485726f71839220ff168e,Pending
TX0865,PO0865,2025-04-13,40964.63,UPI,335fd112be9a2c9418a32d0489d5b7cc38e702c3967029bb2fa803f45793e33d,Paid
TX0866,PO0866,2025-04-13,20599.49,Wallet,24f0a7ad6c9bd3abb3fa1d61db703a14eba228bac3531458bcccb9c5c393096c,Paid
TX0867,PO0867,2025-04-13,41053.01,Wallet,0b7c827b3910a33f2b342ef413d67a065375e837af739a929044e25ac5f52074,SUCCESS
TX0868,PO0868,2025-04-13,26905.86,Wallet,44b092b2f71ca878357f062de5ad049337b27957416c72ec85e1fcfb00ea2d11,SUCCESS
TX0869,PO0869,2025-04-13,1075.16,Bank,15fc3b1755eea0e5d7e63b9b7c2ced16cb1e3b8f0cc9661e749d6999e4b73f2f,Paid
TX0870,PO0870,2025-04-14,28853.96,UPI,d7b7b1331832510271b8d2140d049cd61d7769476a09828821d52f0d7fdac72a,SUCCESS
TX0871,PO0871,2025-04-14,0.00,Wallet,728fad1bd33400033521564f138f7adc1e214206f37c61a3da08e7b02c38bb8c,Pending
TX0872,PO0872,2025-04-14,18661.63,Bank,0ebd1ab5a6c79cc0ed7960a23544e868a26cbaeb6944646d81ba1bba8fe0cbdf,Paid
TX0873,PO0873,2025-04-14,36785.45,Bank,96fa3b746b5c6a575bc8e869ba57feb9b550bef8defcc572dbc6a81f185088c2,Paid
TX0874,PO0874,2025-04-14,24346.03,PayPal,8548d4fd5c7ec0842ce405b0239e33b1173164cf75988ad58da40ece5d650f2f,Paid
TX0875,PO0875,2025-04-14,9744.93,Wallet,42652bd9928de1e515e295aaae080bb27a0cd90c562ecee3fcb171a4234790e5,SUCCESS
TX0876,PO0876,2025-04-14,25273.30,Bank,772ef117e6272211e481e597f462d365abfbf7e7758213689811f55005105fbe,Paid
TX0877,PO0877,2025-04-14,5022.94,Wallet,db6a283a3afacbf663f091cdb7ec50d7ca992c6f18790778cd8ae36d65ee2fe2,Paid
TX0878,PO0878,2025-04-14,8965.83,Bank,1cf54281ae53a8a5f91805cea52e391a3a1e3b4b7ac93f95802b64e6724df0da,Paid
TX0879,PO0879,2025-04-14,0.00,Wallet,edf7460c64d33322b99103a85bcb63cbfc3db4a88a9ec74101146c917e0ef72b,Pending
TX0880,PO0880,2025-04-15,27403.27,Bank,a9d2ed76b082696d2a67752d9a6b1a29b736e76a945da3a2a55b9ab53ca96f48,Paid
TX0881,PO0881,2025-04-15,1392.70,Bank,5a6d59538512cf55b8d5a40903eca94bd9ffc865072fd48fbe61163985b6c337,Paid
TX0882,PO0882,2025-04-15,0.00,UPI,c97bc4e36d70eda3a6d829e8f98724c420b8b21f8f8e829d967e680cd3a00501,Cancelled
TX0883,PO0883,2025-04-15,0.00,Bank,13ed3bfdffea0f3bdd5bc0d46973e75e783915dd45cd78141f080fd6c15b9342,Cancelled
TX0884,PO0884,2025-04-15,17638.52,Wallet,3f84d2183997ee48d5337c416468672dc19b8585adbe8ecc85aa917e8a479579,Paid
TX0885,PO0885,2025-04-15,19414.16,Crypto,7436dd8cfe28a7c278c27fdc1088cb93fc90acde4ae5065a691f028fbb3ae9c5,Paid
TX0886,PO0886,2025-04-15,41289.62,Bank,f024639308a316dd9a449718728246c509901ab1e2aa0a2395e9d8e9aba40e04,Paid
TX0887,PO0887,2025-04-15,21716.77,Bank,203c6d102485a8c5c4a72aab27e16be3e5d4c1a229e1d16159ac8d336a875544,Paid
TX0888,PO0888,2025-04-15,9846.51,Crypto,f8ba73f0577be27c02e88ae7668bdbd7473f0a2cd167ad167fa728c9b84fa9cf,Paid
TX0889,PO0889,2025-04-15,0.00,Wallet,5c74365d5e89856118a49cc50e1c5b5b85a50f864e82c8d36d273209a966b221,Failed
TX0890,PO0890,2025-04-15,46749.97,UPI,eb8d812193223f981db380c57e18453d83ebb4b72033c39960479a179909f5cb,Paid
TX0891,PO0891,2025-04-15,12694.65,UPI,5b323f70d9f968c7dff8e2582c5f5260ed96644359759b332624bed9c7c922de,Paid
TX0892,PO0892,2025-04-15,604.38,Wallet,32642f2411ba3ab4540691a50cca9c621512e843756221aaa30d9ad00d7b2d72,Paid
TX0893,PO0893,2025-04-15,34379.70,Crypto,261913c8a1df915d79e2219bf7c5d5a9af9cdb0ba4d0076d19cf9a0c85d501c8,SUCCESS
TX0894,PO0894,2025-04-15,26412.89,Crypto,c8dbf48877ec93101241ba4a5184cb7ea726c98b543677cefb81489d029a458e,Paid
TX0895,PO0895,2025-04-15,28254.12,Bank,f012a867a19202b8206f8ef2d53c269e1564a75df8ef40521afdaf065d6aba8a,Paid
TX0896,PO0896,2025-04-15,0.00,UPI,cc5da34a56e0c0122734b1328afd949d53c9589743b889d0ac713552996f3eea,Pending
TX0897,PO0897,2025-04-15,24904.43,PayPal,187449ca651d652fd31e9f7c7b0a89932de1381c77f69830f987498d7d1a7216,Paid
TX0898,PO0898,2025-04-15,0.00,Crypto,dd0df8419910cea38fdad4cb1317c8a9ae85aae4dd8eae6917a14a5a78992447,Cancelled
TX0899,PO0899,2025-04-15,1146.29,UPI,748830aa868029733b54eb139ffff1d706da5aeb9a1659ca8fca23acea8e5ae7,Paid
TX0900,PO0900,2025-04-15,19804.05,Bank,370087d7c7827b78c9128bd462cac406df700ff69c7a4e6f8582b3432e0720ed,SUCCESS
TX0901,PO0901,2025-04-15,20863.52,UPI,39e5afa1dadab49165c577447d074167774be890db4a810dd7b4979a827d1301,Paid
TX0902,PO0902,2025-04-15,0.00,Crypto,f5ce2b4f531774910d4fb3e848aacdfecb4ab6b2788e9cb1e7dc40fa6dbcaf3d,Pending
TX0903,PO0903,2025-04-15,11242.25,UPI,7538fe9262bc363fed163f0774b4a1b8f33966b79bdfdd254c9ce47a913c32ec,Paid
TX0904,PO0904,2025-04-15,2734.43,Wallet,85d7fdba4ad292de6b8b584a6ccb2b8debad8a7550cd631f72c5930a8e82e1fb,Paid
TX0905,PO0905,2025-04-15,3629.72,Crypto,7fd84cf0437d9ed010908c5cfd4a0d5c75ed8873354d4e290845bdb225a8b9c4,Paid
TX0906,PO0906,2025-04-15,20376.44,Crypto,2689182160f87b4c95f37941f2d82154826199dcf93a145d1fd366694697ab0a,Paid
TX0907,PO0907,2025-04-15,16864.18,UPI,fe3265a66aca2141c742feae23b07a7457b126ebf3e40295f75b7dc74207152d,Paid
TX0908,PO0908,2025-04-15,32006.85,Wallet,a47ffe884b87e232afee64cc3a5d20dabc0b07954c89545b97753060674c9caa,SUCCESS
TX0909,PO0909,2025-04-15,36160.13,Bank,ebc98c5851cb1aa216462fb14b754fab6eb1c7be7f2260243eda244011e19b66,Paid
TX0910,PO0910,2025-04-16,15177.65,UPI,26be38e4d7553bf0d15dc1336ab5e283f108ec6814fb3b523f0a1d844cad623a,Paid
TX0911,PO0911,2025-04-16,26055.13,Crypto,4fb7b10d709e29f61454265261c6d1caaf19de000dd402d2d01259070e4d1f74,Paid
TX0912,PO0912,2025-04-16,32388.14,UPI,b175f10144189d24e129b484c19c7afdddffaaa6da16afccbc8191c84ec9e6bd,Paid
TX0913,PO0913,2025-04-16,25158.26,Wallet,87afad2a00831f9c513f7c4f39f5952feadd3c0fc79f96739663407ab35024c3,Paid
TX0914,PO0914,2025-04-16,0.00,Crypto,8b1dfef1319068c017d2e3c6188c18eef33f182b9240e307707b0fdc6408eb42,Pending
TX0915,PO0915,2025-04-16,24571.14,UPI,9edb5fc989706cdff9ed7f0881bd8e4f3db5a2b6b68c589fd00a7e1027a17700,Paid
TX0916,PO0916,2025-04-16,15949.73,Crypto,a3bfd3fc6fca921600167a6648d463633ad587d58e7807884df25d48efa9cf0c,Paid
TX0917,PO0917,2025-04-16,18878.61,UPI,6668e3159929bf1a3189e4d6bfc14510ed27bf3a1144f57aa2da0c0552e8a7bc,Paid
TX0918,PO0918,2025-04-16,20724.85,UPI,91bfd1b9378124142b24adea40d74de4dd7ada12d83049a1e8756e7b247a6964,Paid
TX0919,PO0919,2025-04-16,11025.38,UPI,9d7cb348acbe44bc1d9b8663a41fb7f6f25f0952f8ad854cf007a84393317456,Paid
TX0920,PO0920,2025-04-16,33732.18,PayPal,94fb2a55d9edc0c26238565122f7ab09ece027eecb70694d8f1078fb0a6dcd74,Paid
TX0921,PO0921,2025-04-16,0.00,Bank,6241e13eba8e3263c9d773429cc3c42acc3e17e4d23ce1770d747c0dfee62401,Pending
TX0922,PO0922,2025-04-16,11309.46,Wallet,41487594b8f6d9bab1806aa48d81cf03fb54eb09f5217617300fed1cc165116f,Paid
TX0923,PO0923,2025-04-16,16102.61,Wallet,e0b0a0a022005293cd7195b9faf420bc4444f5b188ed254089f50bd9fbc22fb9,SUCCESS
TX0924,PO0924,2025-04-16,0.00,Crypto,7155f5fedd947c2df170193fbaa1a231668a456827a714672d469cc775a3fe21,Pending
TX0925,PO0925,2025-04-16,29460.56,Crypto,6533aee950de468589c28405dc7c7c31864a1f4e4fca8e515332ea73c50ae104,Paid
TX0926,PO0926,2025-04-16,33787.73,Wallet,bd0c08f4a70ed7c02fc708c8b1846b516e7bcdfb436d725ae5d3c3f35da76af6,Paid
TX0927,PO0927,2025-04-16,30312.72,UPI,e0e441fd22b76643683fa1dba10cec45d576dc1c2d6e05426a7d65eff75c4810,Paid
TX0928,PO0928,2025-04-16,7303.45,UPI,ef98586e92702b46b5d10161f994da12d7cabef4f3ac884ef7ae5450ded43a11,Paid
TX0929,PO0929,2025-04-16,0.00,Bank,c8f0c1ec61c43f400e12ed37e7ed690897fc1c4adc7b3c95e9a00bf7af61d6f2,Cancelled
TX0930,PO0930,2025-04-17,26509.18,UPI,6696cda3b871f0284b815fa44256f90bf41abdc89900d6afee5f68e7f6b36f31,SUCCESS
TX0931,PO0931,2025-04-17,0.00,UPI,128f004b713d5e46fb08235e48e405eed4ccf325d68e37d5e77d20d420eed9f4,Pending
TX0932,PO0932,2025-04-17,12657.87,UPI,e55ae6ef650ce941fd2f4b21aefe76c1b6dcf6d9f162ab1fafd773e403efae76,Paid
TX0933,PO0933,2025-04-17,40065.43,Crypto,092197908cb9df88c872779b7f2b1b7e1162ef94df5136f3c364ad7e34c1fe81,Paid
TX0934,PO0934,2025-04-17,3625.21,Wallet,be59606975b43bc5071da331e6f2088797d825360f4358e4f8f6676ce6b90da9,Paid
TX0935,PO0935,2025-04-17,25400.21,Wallet,e374dd0d717744e8afbc585304a19cd85944ca6f69aaafe8d89546e7395fa28d,Paid
TX0936,PO0936,2025-04-17,4874.77,UPI,7756ecbea2aa31bf7197ecb9cd8b03534068e160c1eb9a354f74757ddbfa09d2,Paid
TX0937,PO0937,2025-04-17,21254.41,Crypto,36243f3b7c4bdfcc935b2e39da65d5f67e22595c62f624acbc52c782d5ec7488,SUCCESS
TX0938,PO0938,2025-04-17,0.00,Wallet,5bd859746d5fbff35d1dff97208be5e8d64f73117e90cd62d668027dc87a93a3,Failed
TX0939,PO0939,2025-04-17,0.00,Bank,4031b3046034136cf8a9a64ed858ceb61a20109fa6700678bfc7d1e839e4b7b7,Failed
TX0940,PO0940,2025-04-17,20898.68,Wallet,db064932a05fd6188335c7abbc21ca998e960db6dbf3ebe1452bbac67976b02b,Paid
TX0941,PO0941,2025-04-17,18776.56,Wallet,9b81efba4273409c996ac319322c71c13b4531328f26ff5f1cc548ab3e0d4ce2,Paid
TX0942,PO0942,2025-04-17,10300.39,Bank,82aeaede7ba74a0ee888cc34f2c5edff164e5884d5b7590f3e80c586cf79cbac,Paid
TX0943,PO0943,2025-04-17,0.00,PayPal,f4ef2ba075c39ba23118da231f949ffe80d9aa25aaf5a3d438b9c8646785d89b,Failed
TX0944,PO0944,2025-04-17,0.00,UPI,5a9107f731d1d10aa1c9822587db93e218eb18e8115afe6c9c2e2507248e5dbb,Failed
TX0945,PO0945,2025-04-17,35186.02,Wallet,f616e820949b94411254368d0f16be976096b69e619c037c4c08db9a834c9920,Paid
TX0946,PO0946,2025-04-17,42961.78,Crypto,b651de904be503f01dd4d9e590f7797f78ea52a7e54b8eea2915a1985d5b4fac,Paid
TX0947,PO0947,2025-04-17,3339.18,Bank,38ebae4b3cef44c1a1edef91e3eb755329cb1b8b11c7061a52a0b96e31618355,Paid
TX0948,PO0948,2025-04-17,4545.14,Wallet,f604b020e6f12d23dffa0273c5eccc89a9818f93d787391a809b944bcfd83f83,Paid
TX0949,PO0949,2025-04-17,2969.48,Bank,04bfb37dbe5cfd3911bbd9a4cb1bd023f450e41cfea2f80aa45944eb3d41db05,Paid
TX0950,PO0950,2025-04-18,13797.37,Bank,6db700d48e2c46ec7b4a3ed173c1bb0e25d1342e51533bb75a9647c644bd6010,Paid
TX0951,PO0951,2025-04-18,47102.81,Crypto,fb0da442c77dba9c967acf4993686e885241cfde02e4fc7203fc62607a07af7f,Paid
TX0952,PO0952,2025-04-18,13960.68,Crypto,af053cc997c4f24b07ef859c73b00ac7ef1d2a25e1c839e77b538dfa4dd87eff,SUCCESS
TX0953,PO0953,2025-04-18,39560.89,Wallet,155328194e32c7c6445ee96d30206ad95d26adb63cbad0accffea3fc613b6e93,Paid
TX0954,PO0954,2025-04-18,16873.31,UPI,570faa3f28def7606fda05157d8bf32f2cc7f815fea9f141360873969bfc49a6,Paid
TX0955,PO0955,2025-04-18,22677.30,UPI,5a216a59b982bfdaafc2b1378a8fb77235a92708c23867ea9b199e86f12e4514,Paid
TX0956,PO0956,2025-04-18,6661.11,Crypto,7087997e4740894db18b7d614e0936a87780c3e1d154e88a6b4657d0cd73032c,SUCCESS
TX0957,PO0957,2025-04-18,1511.81,UPI,5196666259bd93ad14f194c3e0a567e72e23313a6eb2b097db1ec99267b00f58,Paid
TX0958,PO0958,2025-04-18,0.00,Crypto,15dc10ab7b57b0174323617dd839e31139e3bbf25160dc93215b800bc39f0b1b,Cancelled
TX0959,PO0959,2025-04-18,18516.96,UPI,e560e24196b329233e36919f3acc697c8fc567103a45450cd697b85f7665f107,Paid
TX0960,PO0960,2025-04-18,0.00,Bank,35106b8ca0dcc83648d4235991030dac8881dab464e3b3d2d75b1f50ac0c1ab4,Pending
TX0961,PO0961,2025-04-18,2846.33,Bank,61751fdc92b121b529b4f78c81970ade1fbe18ee9050c572e598493ba74ea0c2,Paid
TX0962,PO0962,2025-04-18,22846.78,UPI,82b219f2a1bcded653011ffabaa3d8accfb078e2f870a6629de6abfed501a834,Paid
TX0963,PO0963,2025-04-18,15891.50,Bank,506d494d419087e4f50d34e181181cde3ccbe8c9d5438d963273b7db4c047252,Paid
TX0964,PO0964,2025-04-18,1261.09,UPI,7a280b90422372d31618e5c0b3e7fd947676dddf14e9c6632ab850366c44bc87,Paid
TX0965,PO0965,2025-04-18,41123.54,Bank,2e30616e5c225b7bfb6bce0a7528be5d78b4b1005c2668fc334f90fa6a0546a7,Paid
TX0966,PO0966,2025-04-18,19132.25,PayPal,fba25e0c21eaaed680e56626e4c29bc549c7d42503f990d0f2a24be6920e186c,Paid
TX0967,PO0967,2025-04-18,9559.36,UPI,51effb6e9c86ae34a16818ccf00230000823a3626ed96b5bd7070d35ed269458,Paid
TX0968,PO0968,2025-04-18,6431.07,Wallet,4240f6a6d1532338be33aff378120a268d83cf3a167cd93c8ea87219c65c58f2,Paid
TX0969,PO0969,2025-04-18,11725.31,Wallet,e10ed1f30d1078043983e32d876e975cfd641975209722e2d3194dbc6f8300e3,SUCCESS
TX0970,PO0970,2025-04-18,42483.92,UPI,76580d50932fa14ce44d2c093ae901726a0ee03cd3cb8e87ef9bdd8c1f7399ed,Paid
TX0971,PO0971,2025-04-18,0.00,UPI,17fef38d3ca549a3031f2955ffe563a29f382692e97be8c42eb02f90d55e51df,Cancelled
TX0972,PO0972,2025-04-18,5328.73,Wallet,0beac6d8a1e7ba35dcb9a71d5a41539b4f7ec9e3f8591ce7d5c8768aab2f5c1c,Paid
TX0973,PO0973,2025-04-18,25419.97,Bank,2eae06610f2506c6a00e29c5480334a0a61c7def4c6dd800798fb78d312a07ea,SUCCESS
TX0974,PO0974,2025-04-18,1212.80,Crypto,83ae56141b7acca6cbf331630294f29b6980854e561b35be41597420baf5dc5d,Paid
TX0975,PO0975,2025-04-18,18095.01,UPI,0aefd4bfcf444a73bffe88228f8cc5afc958f7795e267ef52089e98c9c14e400,Paid
TX0976,PO0976,2025-04-19,0.00,Bank,3598a34a783e49021f5afca0e988d268050a5b319b653698bcd04264fde682b2,Pending
TX0977,PO0977,2025-04-19,29860.57,Crypto,613bfad7f42ae8fe0db427ed5b1a4eed883d18a5945c62e53822c0211547544c,Paid
TX0978,PO0978,2025-04-19,11340.41,Bank,4a62ae853a01298189d796e8645dda2193edb381490b76b0351b6e5a347cc9c6,Paid
TX0979,PO0979,2025-04-19,1412.69,UPI,e52a5e1e28bf29aab7408fd7a181cbf3bfd6eaa87d32a533645d376f0716bce6,Paid
TX0980,PO0980,2025-04-19,6257.79,Crypto,2deb0ebd0fd1d675bae06160a8c7f2b51d7e0606296c2aa2686a88d39bfee907,Paid
TX0981,PO0981,2025-04-19,1590.67,Bank,c15068c9daee7e0b47c263db25cd40fd1f450d767b1c01224fa29bf7a1f3a5a9,Paid
TX0982,PO0982,2025-04-19,44623.23,UPI,5dc5d373c35dbd5a79af21be7621400036e6d3e043915cbcc08b6b2f6cc6c513,Paid
TX0983,PO0983,2025-04-19,22541.31,Wallet,33505d0deb6c3bbafe2817f2091b3531add362eff71a0c7fcb3708d9c73191a5,Paid
TX0984,PO0984,2025-04-19,15408.53,Wallet,734e97f57ef86205e3e2746e114f4e32eff8cb379770b2a535619ba746629d97,SUCCESS
TX0985,PO0985,2025-04-19,25192.23,UPI,2d6b12b8c0659891a03e03b2f3945c5afd641ee9185594fb7629d50129907650,Paid
TX0986,PO0986,2025-04-20,33589.88,UPI,46c2efa89d5b7c35e7b934d3fb997921c923b1e661e48be654328a42e0f95039,Paid
TX0987,PO0987,2025-04-20,30620.07,Bank,304455f9ab15ef1d453f7c503a9c4dcf9d7e3cf49822e412fbec7fc60e02c0fb,Paid
TX0988,PO0988,2025-04-20,36246.30,Wallet,518e3425865fba03e5d1a661ff36bbd719ab5369610b570a9a51b013d3f82d6f,Paid
TX0989,PO0989,2025-04-20,6029.49,PayPal,2ac0af2c9d04a6088274646fd0138f905533b0217172485a6e999ec17d1772bf,Paid
TX0990,PO0990,2025-04-20,11913.67,Bank,ea1774d7c21eadbb59263ef1d6855ff998c250d6ec4c6e0ff5c094691c6454e5,Paid
TX0991,PO0991,2025-04-20,8407.38,UPI,ecc479e28a6aec9fec3fc9825ead8b445a49e4a852ee5c5ef68e2f0934f741f0,Paid
TX0992,PO0992,2025-04-20,4127.38,Crypto,c353aff98d08b351cee497b239b4b1df75cc6e34939da4a62ce459e5aca708be,Paid
TX0993,PO0993,2025-04-20,22340.42,Crypto,110a28b380fbf00197f2aed872ff76093bfa3249683163883ce3d80d47d6374b,Paid
TX0994,PO0994,2025-04-20,29112.23,Bank,74e10683bf79ea866e72a7ee9991ed1a0829953157bca51ba4f9c06520484bb9,Paid
TX0995,PO0995,2025-04-20,5660.68,Crypto,4580b12af5cfd8617cca79c2756501d28f1c471da4938263d1a23e7f0f01261a,Paid
TX0996,PO0996,2025-04-20,0.00,UPI,2327e1cabe28fc05139451fe5f33a2fd77ba8a19c4a5f3eea9a5c1be22483107,Pending
TX0997,PO0997,2025-04-20,12966.43,Crypto,cf14dac93db307dc29ec00920be433b794ef35b8c9d836aa9831102bc31acc3d,Paid
TX0998,PO0998,2025-04-20,7408.10,UPI,58873b9dca5da99ca5d5bf6ea4499a5f48e9e5dbffb87ad55c677163611dd44a,SUCCESS
TX0999,PO0999,2025-04-20,42223.91,UPI,da2b8a38806a94c6380245faec187ed52b7c8e099b547a097c731d78391c5d37,Paid
TX1000,PO1000,2025-04-20,15362.58,Crypto,c36951b3ccb71b42f5e4d26396d3508ecaa2781f283b872eb2eafc8e7376fd57,SUCCESS
TX1001,PO1001,2025-04-20,27760.12,Bank,df7513482008117ceb466c1db76d1bb71af895922f1ec6a3f46404d6ef36e258,Paid
TX1002,PO1002,2025-04-20,50318.39,Crypto,be30042c48c7a7a83a324b83f3d1807ce7be5f3000930e991519e27c80fa6a8c,Paid
TX1003,PO1003,2025-04-20,45268.07,Bank,be4059d1fa92098da628664aaea1de64c325b7b29b84dc22e00f446886388675,Paid
TX1004,PO1004,2025-04-20,29837.07,UPI,e3e43a664a60db6d63d53808906e11f6ffa579d54c9daced86465dd38160f043,Paid
TX1005,PO1005,2025-04-20,12257.69,Bank,79363ea3c6f75828a36f3393df568beba656c94ec72f5765722272198828f792,Paid
TX1006,PO1006,2025-04-20,27424.79,Wallet,63296300c462c56c39a4e616abe4de4f32fe70b4f042ad487f9b7dda7926200b,Paid
TX1007,PO1007,2025-04-20,25365.37,Crypto,15bfdd614b4168ab6d4b1babdc6c1bb01154bb438d6e2f04040ca68eb8d5f306,SUCCESS
TX1008,PO1008,2025-04-20,1089.77,UPI,7989ace80f1a48364d06d59e6361a417c8c3873730e1ee7ec6885eeb9a993cb7,Paid
TX1009,PO1009,2025-04-20,21189.81,UPI,34f2453da2a2e121d9d3ff4fe171e3b63aa77795b378724d1accd44f8a3148fc,Paid
TX1010,PO1010,2025-04-20,12027.01,UPI,a13fc20981537259b4bf93d2e73bea6c8684471c5404ce81360434705581fdea,Paid
TX1011,PO1011,2025-04-20,14860.24,Bank,d08eff514916c321e8865ddc469d791b54745f9680de09ec1921b9f548bb8940,Paid
TX1012,PO1012,2025-04-20,20056.58,PayPal,2a55290f7f825d9f7066de4868cf18ef6a447a53b1d4a2ef10a1fdfc0785857b,Paid
TX1013,PO1013,2025-04-20,15808.65,UPI,b58b465397fd4f1033396e38c2fcfb486ddccadcebba5dbe91050c1d36e8cff4,Paid
TX1014,PO1014,2025-04-20,4509.06,UPI,a08f92fd66147f3be036de93c7a24a132daa36f3b50fc649155948d174612dd6,Paid
TX1015,PO1015,2025-04-20,16688.40,Crypto,f60e0e4fed3c032382f319b91474035ada1973c12926a38ca14a51b29fb31e1d,Paid
TX1016,PO1016,2025-04-20,0.00,UPI,48f7067c15ed5d5a1f6156abd204f9cd19c7063fb69cdb254e487e5df68a2947,Pending
TX1017,PO1017,2025-04-20,8325.50,Bank,40f962ff64eeb3963cc8bc04b8b236ce3e1f399b631e97ef01fd003fadba973e,Paid
TX1018,PO1018,2025-04-20,30994.46,UPI,d423ae8e4cf4debab45a5cdb89d4395ec0ea81a163b8b4e710632c18b24043a9,Paid
TX1019,PO1019,2025-04-20,33291.56,Wallet,7abeae3ec01cdc0bfd00136b08404defe4e5bb523346866ead1508520fe22663,SUCCESS
TX1020,PO1020,2025-04-20,0.00,UPI,95d1c4845b12d470b61ef444e0093a5959d45dc4bf86a8f16027228a9c1a637d,Pending
TX1021,PO1021,2025-04-20,16168.72,Bank,c07da6766bb353360e6e5a30f362efdee284749493c190f755da80ff3875e36d,Paid
TX1022,PO1022,2025-04-22,12697.75,Wallet,072d834a5bc03a40986703866e6527c87dd1169e2d378143b33037c2ac83c2f2,SUCCESS
TX1023,PO1023,2025-04-22,0.00,Crypto,7828a138805ec1fe9dbc0cdfad8fcd45f83565af6f56d21c0f8b7c57657e1896,Failed
TX1024,PO1024,2025-04-22,23417.09,UPI,8f802206669e359c17b4b581092d7a26a25ffb9e52ad62c3bd8570a40b26efac,Paid
TX1025,PO1025,2025-04-22,27811.09,Wallet,24d4dd0cbeb7dd85160c1dba3dda3206ca7a590b4ba473a5a0de166dfad5abb1,Paid
TX1026,PO1026,2025-04-22,27951.13,Crypto,cc3b4a4a718e32d28051a31246d7404cc7c38e20b7fa970d95f776822cc3a69b,Paid
TX1027,PO1027,2025-04-22,23767.42,Wallet,916ddebbb58dec2e37f932fd437341d51412519c3bf2d6de5f3ddd444a6fec27,Paid
TX1028,PO1028,2025-04-22,17269.88,Bank,3d18178751a9f8614b5c2f806cd51ff86f0faf66cdc9c304107c86fd90d896c4,Paid
TX1029,PO1029,2025-04-22,0.00,Crypto,1e0a49b296f919b4002c2ce6567036545e42b0f661b2729ad736c87d92a84da8,Pending
TX1030,PO1030,2025-04-22,1259.87,UPI,5e2331c4f407057c7d03fa727a1eac5200d409bd8d01e80d418d0f325bc32bfa,Paid
TX1031,PO1031,2025-04-22,2665.53,UPI,37aacd0e10e2bd954cbc40c232f9934aa9d24bcf2471728211d257378e499594,Paid
TX1032,PO1032,2025-04-22,1610.92,Wallet,6bbe941c8feda7837d428a5b7fc008bd1464aa9070732fab248f23c388174b43,Paid
TX1033,PO1033,2025-04-22,6194.49,Crypto,f956e516e780fc0d94cce083ceae9f3972482bda2e8bb3fbc7ae52868d279faa,Paid
TX1034,PO1034,2025-04-22,13103.17,UPI,346f5bedd61947e70be128b9e4ff4751205619d0926ff66e78e369f870ed311e,Paid
TX1035,PO1035,2025-04-22,33440.08,PayPal,9e03210b1b100d02998df7eb94db2dad45a82b2059e6c07b923064820796bf22,Paid
TX1036,PO1036,2025-04-22,14101.17,Wallet,3b2061849f2198e2da00a80c4063abe63a4781829ead70ee81ef5e14694718ac,Paid
TX1037,PO1037,2025-04-22,25441.44,UPI,212b3368d8b9d66106dd6ed72cf88dee17fa45450cdf9ebfff4642ac3d696e64,Paid
TX1038,PO1038,2025-04-22,13013.19,Bank,faa0b61ad8872591319a49f7035d37d04f7ec8c6e425109137d620a67202405e,Paid
TX1039,PO1039,2025-04-22,15789.49,Crypto,aabffff9e0d06d879ec65bcf27e33c2a02a1405b73d66463c7be26884b7ca054,Paid
TX1040,PO1040,2025-04-22,5477.25,Bank,980c742a0168317ba8ce4acc44a0fc8a3cfd4d3b16277367d749806c563a7b0e,Paid
TX1041,PO1041,2025-04-22,44925.27,Bank,b721f72da7752fdafcb77ce3dcd425b29e101ae7302f504f0bcd8f938524ad3c,Paid
TX1042,PO1042,2025-04-22,12023.10,Crypto,ac93df9f59a03fce112b6165220946fbef4cc2f71741444efc663f88886db8c6,Paid
TX1043,PO1043,2025-04-22,20958.94,Wallet,5baef9da7328cf6a04a3620ecaf10065aede0d92d346b90e28d40f250d251b55,Paid
TX1044,PO1044,2025-04-22,20028.82,Bank,e0c587db43d8fc8e3a83a9e2086263242e6f35b04afff6ed1b4eb03370f9ef0d,Paid
TX1045,PO1045,2025-04-22,27286.13,Crypto,3258ddf1d4300f99afd4fe7d37f43ccb6598c5e76c0ea0d659fca2dae83a230d,Paid
TX1046,PO1046,2025-04-22,11364.54,Bank,24278acaf07a9bcf46007a3324152bce493ba041b59528c43f653ee4b1417932,Paid
TX1047,PO1047,2025-04-22,11397.58,Bank,fd0a81c625851cf8b1bfc725eb13ff9feb7fb93ca93aeecec9b65872a6d03ece,Paid
TX1048,PO1048,2025-04-22,0.00,Bank,d580a20907da4d9b7391ee14d98986ccf2042d495d867f7fcbedf6b2e2a4eecf,Failed
TX1049,PO1049,2025-04-22,0.00,UPI,aa1593bc648abf89cebee74673bbf74b5b80821072e470abe5ef90506efb7e79,Cancelled
